0 verbose cli /usr/local/bin/node /usr/local/bin/npm
1 info using npm@10.5.0
2 info using node@v20.12.2
3 timing npm:load:whichnode Completed in 2ms
4 timing config:load:defaults Completed in 2ms
5 timing config:load:file:/usr/local/lib/node_modules/npm/npmrc Completed in 2ms
6 timing config:load:builtin Completed in 2ms
7 timing config:load:cli Completed in 2ms
8 timing config:load:env Completed in 0ms
9 timing config:load:project Completed in 4ms
10 timing config:load:file:/root/.npmrc Completed in 8ms
11 timing config:load:user Completed in 9ms
12 timing config:load:file:/usr/local/etc/npmrc Completed in 1ms
13 timing config:load:global Completed in 1ms
14 timing config:load:setEnvs Completed in 1ms
15 timing config:load Completed in 22ms
16 timing npm:load:configload Completed in 23ms
17 timing config:load:flatten Completed in 3ms
18 timing npm:load:mkdirpcache Completed in 3ms
19 timing npm:load:mkdirplogs Completed in 5ms
20 verbose title npm install
21 verbose argv "install"
22 timing npm:load:setTitle Completed in 0ms
23 timing npm:load:display Completed in 1ms
24 verbose logfile logs-max:10 dir:/root/.npm/_logs/2025-11-27T11_00_39_621Z-
25 verbose logfile /root/.npm/_logs/2025-11-27T11_00_39_621Z-debug-0.log
26 timing npm:load:logFile Completed in 29ms
27 timing npm:load:timers Completed in 0ms
28 timing npm:load:configScope Completed in 0ms
29 timing npm:load Completed in 86ms
30 timing arborist:ctor Completed in 1ms
31 silly logfile done cleaning log files
32 timing idealTree:init Completed in 680ms
33 timing idealTree:userRequests Completed in 0ms
34 silly idealTree buildDeps
35 timing idealTree:#root Completed in 0ms
36 timing idealTree:buildDeps Completed in 3ms
37 timing idealTree:fixDepFlags Completed in 0ms
38 timing idealTree Completed in 704ms
39 timing reify:loadTrees Completed in 706ms
40 timing reify:diffTrees Completed in 10ms
41 silly reify moves {}
42 timing reify:retireShallow Completed in 2ms
43 http fetch GET 200 https://registry.npmjs.org/npm 1248ms
44 timing reify:createSparse Completed in 1593ms
45 timing reify:loadBundles Completed in 0ms
46 silly audit bulk request {
46 silly audit   '@aashutoshrathi/word-wrap': [ '1.2.6' ],
46 silly audit   '@ampproject/remapping': [ '2.3.0' ],
46 silly audit   '@babel/code-frame': [ '7.24.2' ],
46 silly audit   '@babel/compat-data': [ '7.24.4' ],
46 silly audit   '@babel/core': [ '7.24.4' ],
46 silly audit   semver: [ '6.3.1', '7.6.0' ],
46 silly audit   '@babel/generator': [ '7.24.4' ],
46 silly audit   '@babel/helper-compilation-targets': [ '7.23.6' ],
46 silly audit   '@babel/helper-environment-visitor': [ '7.22.20' ],
46 silly audit   '@babel/helper-function-name': [ '7.23.0' ],
46 silly audit   '@babel/helper-hoist-variables': [ '7.22.5' ],
46 silly audit   '@babel/helper-module-imports': [ '7.24.3' ],
46 silly audit   '@babel/helper-module-transforms': [ '7.23.3' ],
46 silly audit   '@babel/helper-plugin-utils': [ '7.24.0' ],
46 silly audit   '@babel/helper-simple-access': [ '7.22.5' ],
46 silly audit   '@babel/helper-split-export-declaration': [ '7.22.6' ],
46 silly audit   '@babel/helper-string-parser': [ '7.24.1' ],
46 silly audit   '@babel/helper-validator-identifier': [ '7.22.20' ],
46 silly audit   '@babel/helper-validator-option': [ '7.23.5' ],
46 silly audit   '@babel/helpers': [ '7.24.4' ],
46 silly audit   '@babel/highlight': [ '7.24.2' ],
46 silly audit   'ansi-styles': [ '3.2.1', '4.3.0', '5.2.0', '6.1.0' ],
46 silly audit   chalk: [ '2.4.2', '5.0.1', '4.1.2', '5.3.0' ],
46 silly audit   'color-convert': [ '1.9.3', '2.0.1' ],
46 silly audit   'color-name': [ '1.1.3', '1.1.4' ],
46 silly audit   'has-flag': [ '3.0.0', '4.0.0' ],
46 silly audit   'supports-color': [ '5.5.0', '8.1.1', '7.2.0' ],
46 silly audit   '@babel/parser': [ '7.24.4' ],
46 silly audit   '@babel/plugin-syntax-async-generators': [ '7.8.4' ],
46 silly audit   '@babel/plugin-syntax-bigint': [ '7.8.3' ],
46 silly audit   '@babel/plugin-syntax-class-properties': [ '7.12.13' ],
46 silly audit   '@babel/plugin-syntax-import-meta': [ '7.10.4' ],
46 silly audit   '@babel/plugin-syntax-json-strings': [ '7.8.3' ],
46 silly audit   '@babel/plugin-syntax-jsx': [ '7.24.1' ],
46 silly audit   '@babel/plugin-syntax-logical-assignment-operators': [ '7.10.4' ],
46 silly audit   '@babel/plugin-syntax-nullish-coalescing-operator': [ '7.8.3' ],
46 silly audit   '@babel/plugin-syntax-numeric-separator': [ '7.10.4' ],
46 silly audit   '@babel/plugin-syntax-object-rest-spread': [ '7.8.3' ],
46 silly audit   '@babel/plugin-syntax-optional-catch-binding': [ '7.8.3' ],
46 silly audit   '@babel/plugin-syntax-optional-chaining': [ '7.8.3' ],
46 silly audit   '@babel/plugin-syntax-top-level-await': [ '7.14.5' ],
46 silly audit   '@babel/plugin-syntax-typescript': [ '7.24.1' ],
46 silly audit   '@babel/runtime': [ '7.24.4' ],
46 silly audit   '@babel/template': [ '7.24.0' ],
46 silly audit   '@babel/traverse': [ '7.24.1' ],
46 silly audit   globals: [ '11.12.0', '14.0.0', '13.24.0', '15.0.0' ],
46 silly audit   '@babel/types': [ '7.24.0' ],
46 silly audit   '@bcoe/v8-coverage': [ '0.2.3' ],
46 silly audit   '@colors/colors': [ '1.5.0' ],
46 silly audit   '@discoveryjs/json-ext': [ '0.5.7' ],
46 silly audit   '@eslint-community/eslint-utils': [ '4.4.0' ],
46 silly audit   '@eslint-community/regexpp': [ '4.10.0' ],
46 silly audit   '@eslint/eslintrc': [ '3.0.2', '2.1.4' ],
46 silly audit   '@eslint/js': [ '9.1.1', '8.57.0' ],
46 silly audit   '@fastify/accept-negotiator': [ '1.0.0' ],
46 silly audit   '@fastify/ajv-compiler': [ '3.5.0' ],
46 silly audit   ajv: [ '8.12.0', '6.12.6', '8.11.0' ],
46 silly audit   'json-schema-traverse': [ '1.0.0', '0.4.1' ],
46 silly audit   '@fastify/cookie': [ '9.3.1' ],
46 silly audit   'fastify-plugin': [ '4.5.1', '4.2.0', '2.3.4', '3.0.1' ],
46 silly audit   '@fastify/deepmerge': [ '1.3.0' ],
46 silly audit   '@fastify/error': [ '3.4.1' ],
46 silly audit   '@fastify/fast-json-stringify-compiler': [ '4.3.0' ],
46 silly audit   '@fastify/flash': [ '5.1.0' ],
46 silly audit   '@fastify/formbody': [ '7.4.0' ],
46 silly audit   '@fastify/merge-json-schemas': [ '0.1.1' ],
46 silly audit   '@fastify/secure-session': [ '7.5.1' ],
46 silly audit   '@fastify/send': [ '2.1.0' ],
46 silly audit   '@fastify/sensible': [ '5.5.0' ],
46 silly audit   '@fastify/static': [ '7.0.3' ],
46 silly audit   '@fastify/view': [ '9.0.0' ],
46 silly audit   '@gar/promisify': [ '1.1.3' ],
46 silly audit   '@humanwhocodes/config-array': [ '0.11.14' ],
46 silly audit   '@humanwhocodes/module-importer': [ '1.0.1' ],
46 silly audit   '@humanwhocodes/object-schema': [ '2.0.3' ],
46 silly audit   '@isaacs/cliui': [ '8.0.2' ],
46 silly audit   'ansi-regex': [ '6.0.1', '5.0.1' ],
46 silly audit   'emoji-regex': [ '9.2.2', '8.0.0' ],
46 silly audit   'string-width': [ '5.1.2', '4.2.3' ],
46 silly audit   'strip-ansi': [ '7.1.0', '7.0.1', '6.0.1' ],
46 silly audit   '@istanbuljs/load-nyc-config': [ '1.1.0' ],
46 silly audit   argparse: [ '1.0.10', '2.0.1' ],
46 silly audit   'find-up': [ '4.1.0', '5.0.0', '3.0.0' ],
46 silly audit   'js-yaml': [ '3.14.1', '4.1.0' ],
46 silly audit   'locate-path': [ '5.0.0', '6.0.0', '3.0.0' ],
46 silly audit   'p-limit': [ '2.3.0', '3.1.0' ],
46 silly audit   'p-locate': [ '4.1.0', '5.0.0', '3.0.0' ],
46 silly audit   '@istanbuljs/schema': [ '0.1.3' ],
46 silly audit   '@jest/console': [ '29.7.0' ],
46 silly audit   '@jest/core': [ '29.7.0' ],
46 silly audit   '@jest/environment': [ '29.7.0' ],
46 silly audit   '@jest/expect': [ '29.7.0' ],
46 silly audit   '@jest/expect-utils': [ '29.7.0' ],
46 silly audit   '@jest/fake-timers': [ '29.7.0' ],
46 silly audit   '@jest/globals': [ '29.7.0' ],
46 silly audit   '@jest/reporters': [ '29.7.0' ],
46 silly audit   glob: [ '7.2.3', '10.3.12', '8.1.0' ],
46 silly audit   '@jest/schemas': [ '29.6.3' ],
46 silly audit   '@jest/source-map': [ '29.6.3' ],
46 silly audit   '@jest/test-result': [ '29.7.0' ],
46 silly audit   '@jest/test-sequencer': [ '29.7.0' ],
46 silly audit   '@jest/transform': [ '29.7.0' ],
46 silly audit   '@jest/types': [ '29.6.3' ],
46 silly audit   '@jridgewell/gen-mapping': [ '0.3.5' ],
46 silly audit   '@jridgewell/resolve-uri': [ '3.1.2' ],
46 silly audit   '@jridgewell/set-array': [ '1.2.1' ],
46 silly audit   '@jridgewell/source-map': [ '0.3.6' ],
46 silly audit   '@jridgewell/sourcemap-codec': [ '1.4.15' ],
46 silly audit   '@jridgewell/trace-mapping': [ '0.3.25' ],
46 silly audit   '@lukeed/ms': [ '2.0.2' ],
46 silly audit   '@nodelib/fs.scandir': [ '2.1.5' ],
46 silly audit   '@nodelib/fs.stat': [ '2.0.5' ],
46 silly audit   '@nodelib/fs.walk': [ '1.2.8' ],
46 silly audit   '@npmcli/fs': [ '3.1.0', '2.1.2', '1.1.1' ],
46 silly audit   '@npmcli/git': [ '4.1.0' ],
46 silly audit   'lru-cache': [ '7.18.3', '5.1.1', '10.2.0', '6.0.0' ],
46 silly audit   which: [ '3.0.1', '2.0.2' ],
46 silly audit   '@npmcli/installed-package-contents': [ '2.0.2' ],
46 silly audit   '@npmcli/move-file': [ '2.0.1', '1.1.2' ],
46 silly audit   '@npmcli/node-gyp': [ '3.0.0' ],
46 silly audit   '@npmcli/promise-spawn': [ '6.0.2' ],
46 silly audit   '@npmcli/run-script': [ '6.0.2' ],
46 silly audit   '@one-ini/wasm': [ '0.1.1' ],
46 silly audit   '@pkgjs/parseargs': [ '0.11.0' ],
46 silly audit   '@pnpm/network.ca-file': [ '1.0.1' ],
46 silly audit   '@pnpm/npm-conf': [ '1.0.5' ],
46 silly audit   '@popperjs/core': [ '2.11.8' ],
46 silly audit   '@rails/ujs': [ '7.1.3-2' ],
46 silly audit   '@sigstore/bundle': [ '1.1.0' ],
46 silly audit   '@sigstore/protobuf-specs': [ '0.2.1' ],
46 silly audit   '@sigstore/sign': [ '1.0.0' ],
46 silly audit   '@sigstore/tuf': [ '1.0.3' ],
46 silly audit   '@sinclair/typebox': [ '0.27.8' ],
46 silly audit   '@sindresorhus/is': [ '5.3.0' ],
46 silly audit   '@sinonjs/commons': [ '3.0.1' ],
46 silly audit   '@sinonjs/fake-timers': [ '10.3.0' ],
46 silly audit   '@szmarczak/http-timer': [ '5.0.1' ],
46 silly audit   '@tootallnate/once': [ '2.0.0', '1.1.2' ],
46 silly audit   '@tufjs/canonical-json': [ '1.0.0' ],
46 silly audit   '@tufjs/models': [ '1.0.4' ],
46 silly audit   'brace-expansion': [ '2.0.1', '1.1.11' ],
46 silly audit   minimatch: [ '9.0.4', '9.0.1', '5.1.6', '3.1.2' ],
46 silly audit   '@types/babel__core': [ '7.20.5' ],
46 silly audit   '@types/babel__generator': [ '7.6.8' ],
46 silly audit   '@types/babel__template': [ '7.4.4' ],
46 silly audit   '@types/babel__traverse': [ '7.20.5' ],
46 silly audit   '@types/cacheable-request': [ '6.0.2' ],
46 silly audit   '@types/debug': [ '4.1.12' ],
46 silly audit   '@types/eslint': [ '8.4.6' ],
46 silly audit   '@types/eslint-scope': [ '3.7.4' ],
46 silly audit   '@types/estree': [ '1.0.5' ],
46 silly audit   '@types/graceful-fs': [ '4.1.9' ],
46 silly audit   '@types/http-cache-semantics': [ '4.0.1' ],
46 silly audit   '@types/istanbul-lib-coverage': [ '2.0.6' ],
46 silly audit   '@types/istanbul-lib-report': [ '3.0.3' ],
46 silly audit   '@types/istanbul-reports': [ '3.0.4' ],
46 silly audit   '@types/jest': [ '29.5.12' ],
46 silly audit   '@types/json-schema': [ '7.0.11' ],
46 silly audit   '@types/json5': [ '0.0.29' ],
46 silly audit   '@types/keyv': [ '3.1.4' ],
46 silly audit   '@types/ms': [ '0.7.34' ],
46 silly audit   '@types/node': [ '20.12.7' ],
46 silly audit   '@types/responselike': [ '1.0.0' ],
46 silly audit   '@types/semver-utils': [ '1.1.3' ],
46 silly audit   '@types/stack-trace': [ '0.0.29' ],
46 silly audit   '@types/stack-utils': [ '2.0.3' ],
46 silly audit   '@types/validator': [ '13.11.9' ],
46 silly audit   '@types/yargs': [ '17.0.32' ],
46 silly audit   '@types/yargs-parser': [ '21.0.3' ],
46 silly audit   '@ungap/structured-clone': [ '1.2.0' ],
46 silly audit   '@vscode/sqlite3': [ '5.1.2' ],
46 silly audit   '@webassemblyjs/ast': [ '1.12.1' ],
46 silly audit   '@webassemblyjs/floating-point-hex-parser': [ '1.11.6' ],
46 silly audit   '@webassemblyjs/helper-api-error': [ '1.11.6' ],
46 silly audit   '@webassemblyjs/helper-buffer': [ '1.12.1' ],
46 silly audit   '@webassemblyjs/helper-numbers': [ '1.11.6' ],
46 silly audit   '@webassemblyjs/helper-wasm-bytecode': [ '1.11.6' ],
46 silly audit   '@webassemblyjs/helper-wasm-section': [ '1.12.1' ],
46 silly audit   '@webassemblyjs/ieee754': [ '1.11.6' ],
46 silly audit   '@webassemblyjs/leb128': [ '1.11.6' ],
46 silly audit   '@webassemblyjs/utf8': [ '1.11.6' ],
46 silly audit   '@webassemblyjs/wasm-edit': [ '1.12.1' ],
46 silly audit   '@webassemblyjs/wasm-gen': [ '1.12.1' ],
46 silly audit   '@webassemblyjs/wasm-opt': [ '1.12.1' ],
46 silly audit   '@webassemblyjs/wasm-parser': [ '1.12.1' ],
46 silly audit   '@webassemblyjs/wast-printer': [ '1.12.1' ],
46 silly audit   '@webpack-cli/configtest': [ '2.1.1' ],
46 silly audit   '@webpack-cli/info': [ '2.0.2' ],
46 silly audit   '@webpack-cli/serve': [ '2.0.5' ],
46 silly audit   '@xtuc/ieee754': [ '1.2.0' ],
46 silly audit   '@xtuc/long': [ '4.2.2' ],
46 silly audit   abbrev: [ '1.1.1', '2.0.0' ],
46 silly audit   'abort-controller': [ '3.0.0' ],
46 silly audit   'abstract-logging': [ '2.0.1' ],
46 silly audit   acorn: [ '8.11.3', '7.4.1' ],
46 silly audit   'acorn-import-assertions': [ '1.9.0' ],
46 silly audit   'acorn-jsx': [ '5.3.2' ],
46 silly audit   'agent-base': [ '6.0.2' ],
46 silly audit   agentkeepalive: [ '4.2.1' ],
46 silly audit   depd: [ '1.1.2', '2.0.0' ],
46 silly audit   'aggregate-error': [ '3.1.0' ],
46 silly audit   'ajv-formats': [ '2.1.1', '3.0.1' ],
46 silly audit   'ajv-keywords': [ '3.5.2', '5.1.0' ],
46 silly audit   'ansi-align': [ '3.0.1' ],
46 silly audit   'ansi-escapes': [ '4.3.2' ],
46 silly audit   'type-fest': [ '0.21.3', '2.19.0', '1.4.0', '0.20.2' ],
46 silly audit   anymatch: [ '3.1.2' ],
46 silly audit   aproba: [ '2.0.0' ],
46 silly audit   archy: [ '1.0.0' ],
46 silly audit   'are-we-there-yet': [ '3.0.1' ],
46 silly audit   'array-buffer-byte-length': [ '1.0.1' ],
46 silly audit   'array-includes': [ '3.1.8' ],
46 silly audit   'array-union': [ '2.1.0' ],
46 silly audit   'array.prototype.findlastindex': [ '1.2.5' ],
46 silly audit   'array.prototype.flat': [ '1.3.2' ],
46 silly audit   'array.prototype.flatmap': [ '1.3.2' ],
46 silly audit   'arraybuffer.prototype.slice': [ '1.0.3' ],
46 silly audit   asap: [ '2.0.6' ],
46 silly audit   'assert-never': [ '1.2.1' ],
46 silly audit   'at-least-node': [ '1.0.0' ],
46 silly audit   'atomic-sleep': [ '1.0.0' ],
46 silly audit   'available-typed-arrays': [ '1.0.7' ],
46 silly audit   avvio: [ '8.3.0' ],
46 silly audit   'babel-jest': [ '29.7.0' ],
46 silly audit   'babel-plugin-istanbul': [ '6.1.1' ],
46 silly audit   'istanbul-lib-instrument': [ '5.2.1', '6.0.2' ],
46 silly audit   'babel-plugin-jest-hoist': [ '29.6.3' ],
46 silly audit   'babel-preset-current-node-syntax': [ '1.0.1' ],
46 silly audit   'babel-preset-jest': [ '29.6.3' ],
46 silly audit   'babel-walk': [ '3.0.0-canary-5' ],
46 silly audit   'balanced-match': [ '1.0.2' ],
46 silly audit   'base64-js': [ '1.5.1' ],
46 silly audit   'better-sqlite3': [ '8.7.0' ],
46 silly audit   'binary-extensions': [ '2.2.0' ],
46 silly audit   bindings: [ '1.5.0' ],
46 silly audit   bl: [ '4.1.0' ],
46 silly audit   bluebird: [ '3.7.2' ],
46 silly audit   bootstrap: [ '5.3.3' ],
46 silly audit   boxen: [ '7.0.0' ],
46 silly audit   camelcase: [ '7.0.0', '5.3.1', '6.3.0' ],
46 silly audit   braces: [ '3.0.2' ],
46 silly audit   browserslist: [ '4.23.0' ],
46 silly audit   bser: [ '2.1.1' ],
46 silly audit   buffer: [ '5.7.1', '6.0.3' ],
46 silly audit   'buffer-from': [ '1.1.2' ],
46 silly audit   builtins: [ '5.1.0' ],
46 silly audit   cacache: [ '17.1.4', '16.1.3', '15.3.0' ],
46 silly audit   'fs-minipass': [ '3.0.3', '2.1.0' ],
46 silly audit   minipass: [ '7.0.4', '5.0.0', '3.3.4' ],
46 silly audit   'unique-filename': [ '3.0.0', '2.0.1', '1.1.1' ],
46 silly audit   'unique-slug': [ '4.0.0', '3.0.0', '2.0.2' ],
46 silly audit   'cacheable-lookup': [ '6.1.0' ],
46 silly audit   'cacheable-request': [ '7.0.2' ],
46 silly audit   'get-stream': [ '5.2.0', '6.0.1' ],
46 silly audit   'lowercase-keys': [ '2.0.0', '3.0.0' ],
46 silly audit   'call-bind': [ '1.0.7' ],
46 silly audit   callsites: [ '3.1.0' ],
46 silly audit   'caniuse-lite': [ '1.0.30001612' ],
46 silly audit   'char-regex': [ '1.0.2' ],
46 silly audit   'character-parser': [ '2.2.0' ],
46 silly audit   chokidar: [ '3.5.3' ],
46 silly audit   'glob-parent': [ '5.1.2', '6.0.2' ],
46 silly audit   chownr: [ '2.0.0', '1.1.4' ],
46 silly audit   'chrome-trace-event': [ '1.0.3' ],
46 silly audit   'ci-info': [ '3.3.2' ],
46 silly audit   'cjs-module-lexer': [ '1.2.3' ],
46 silly audit   'clean-stack': [ '2.2.0' ],
46 silly audit   'cli-boxes': [ '3.0.0' ],
46 silly audit   'cli-color': [ '2.0.4' ],
46 silly audit   'cli-table3': [ '0.6.4' ],
46 silly audit   cliui: [ '8.0.1', '7.0.4' ],
46 silly audit   'wrap-ansi': [ '7.0.0', '8.1.0' ],
46 silly audit   'clone-deep': [ '4.0.1' ],
46 silly audit   'clone-response': [ '1.0.3' ],
46 silly audit   'close-with-grace': [ '1.1.0' ],
46 silly audit   co: [ '4.6.0' ],
46 silly audit   'collect-v8-coverage': [ '1.0.2' ],
46 silly audit   'color-support': [ '1.1.3' ],
46 silly audit   colorette: [ '2.0.19' ],
46 silly audit   commander: [ '10.0.1', '2.20.3' ],
46 silly audit   commist: [ '3.0.0' ],
46 silly audit   'concat-map': [ '0.0.1' ],
46 silly audit   concurrently: [ '8.2.2' ],
46 silly audit   'config-chain': [ '1.1.13' ],
46 silly audit   ini: [ '1.3.8', '2.0.0', '4.1.2' ],
46 silly audit   configstore: [ '6.0.0' ],
46 silly audit   'write-file-atomic': [ '3.0.3', '4.0.2' ],
46 silly audit   'confusing-browser-globals': [ '1.0.11' ],
46 silly audit   'console-control-strings': [ '1.1.0' ],
46 silly audit   constantinople: [ '4.0.1' ],
46 silly audit   'content-disposition': [ '0.5.4' ],
46 silly audit   'convert-source-map': [ '2.0.0' ],
46 silly audit   cookie: [ '0.6.0', '0.4.2' ],
46 silly audit   'cookie-signature': [ '1.2.1' ],
46 silly audit   'create-jest': [ '29.7.0' ],
46 silly audit   'cross-spawn': [ '7.0.3' ],
46 silly audit   'crypto-random-string': [ '4.0.0' ],
46 silly audit   'css-loader': [ '7.1.1' ],
46 silly audit   cssesc: [ '3.0.0' ],
46 silly audit   d: [ '1.0.2' ],
46 silly audit   'data-view-buffer': [ '1.0.1' ],
46 silly audit   'data-view-byte-length': [ '1.0.1' ],
46 silly audit   'data-view-byte-offset': [ '1.0.0' ],
46 silly audit   'date-fns': [ '2.30.0' ],
46 silly audit   dateformat: [ '4.6.3' ],
46 silly audit   'db-errors': [ '0.2.3' ],
46 silly audit   debug: [ '4.3.4', '3.2.7' ],
46 silly audit   ms: [ '2.1.2', '2.1.3' ],
46 silly audit   'decompress-response': [ '6.0.0' ],
46 silly audit   'mimic-response': [ '3.1.0', '1.0.1' ],
46 silly audit   dedent: [ '1.5.3' ],
46 silly audit   'deep-extend': [ '0.6.0' ],
46 silly audit   'deep-is': [ '0.1.4' ],
46 silly audit   deepmerge: [ '4.3.1' ],
46 silly audit   'defer-to-connect': [ '2.0.1' ],
46 silly audit   'define-data-property': [ '1.1.4' ],
46 silly audit   'define-properties': [ '1.2.1' ],
46 silly audit   delegates: [ '1.0.0' ],
46 silly audit   'detect-libc': [ '2.0.3' ],
46 silly audit   'detect-newline': [ '3.1.0' ],
46 silly audit   'diff-sequences': [ '29.6.3' ],
46 silly audit   'dir-glob': [ '3.0.1' ],
46 silly audit   doctrine: [ '3.0.0', '2.1.0' ],
46 silly audit   doctypes: [ '1.1.0' ],
46 silly audit   'dot-prop': [ '6.0.1' ],
46 silly audit   dotenv: [ '16.4.5' ],
46 silly audit   dottie: [ '2.0.6' ],
46 silly audit   eastasianwidth: [ '0.2.0' ],
46 silly audit   editorconfig: [ '1.0.4' ],
46 silly audit   'electron-to-chromium': [ '1.4.746' ],
46 silly audit   emittery: [ '0.13.1' ],
46 silly audit   encoding: [ '0.1.13' ],
46 silly audit   'end-of-stream': [ '1.4.4' ],
46 silly audit   'enhanced-resolve': [ '5.16.0' ],
46 silly audit   entities: [ '3.0.1' ],
46 silly audit   'env-paths': [ '2.2.1' ],
46 silly audit   envinfo: [ '7.12.0' ],
46 silly audit   'err-code': [ '2.0.3' ],
46 silly audit   'error-ex': [ '1.3.2' ],
46 silly audit   'es-abstract': [ '1.23.3' ],
46 silly audit   'es-define-property': [ '1.0.0' ],
46 silly audit   'es-errors': [ '1.3.0' ],
46 silly audit   'es-module-lexer': [ '1.5.0' ],
46 silly audit   'es-object-atoms': [ '1.0.0' ],
46 silly audit   'es-set-tostringtag': [ '2.0.3' ],
46 silly audit   'es-shim-unscopables': [ '1.0.2' ],
46 silly audit   'es-to-primitive': [ '1.2.1' ],
46 silly audit   'es5-ext': [ '0.10.64' ],
46 silly audit   'es6-iterator': [ '2.0.3' ],
46 silly audit   'es6-symbol': [ '3.1.4' ],
46 silly audit   'es6-weak-map': [ '2.0.3' ],
46 silly audit   escalade: [ '3.1.1' ],
46 silly audit   'escape-goat': [ '4.0.0' ],
46 silly audit   'escape-html': [ '1.0.3' ],
46 silly audit   'escape-string-regexp': [ '1.0.5', '4.0.0', '2.0.0' ],
46 silly audit   eslint: [ '8.57.0' ],
46 silly audit   'eslint-config-airbnb-base': [ '15.0.0' ],
46 silly audit   'eslint-import-resolver-node': [ '0.3.9' ],
46 silly audit   'eslint-module-utils': [ '2.8.1' ],
46 silly audit   'eslint-plugin-import': [ '2.29.1' ],
46 silly audit   'eslint-scope': [ '7.2.2', '5.1.1' ],
46 silly audit   'eslint-visitor-keys': [ '3.4.3', '4.0.0' ],
46 silly audit   espree: [ '9.6.1', '10.0.1' ],
46 silly audit   esm: [ '3.2.25' ],
46 silly audit   esniff: [ '2.0.1' ],
46 silly audit   esprima: [ '4.0.1' ],
46 silly audit   esquery: [ '1.5.0' ],
46 silly audit   esrecurse: [ '4.3.0' ],
46 silly audit   estraverse: [ '5.3.0', '4.3.0' ],
46 silly audit   esutils: [ '2.0.3' ],
46 silly audit   'event-emitter': [ '0.3.5' ],
46 silly audit   'event-target-shim': [ '5.0.1' ],
46 silly audit   events: [ '3.3.0' ],
46 silly audit   execa: [ '5.1.1' ],
46 silly audit   exit: [ '0.1.2' ],
46 silly audit   'expand-template': [ '2.0.3' ],
46 silly audit   expect: [ '29.7.0' ],
46 silly audit   'exponential-backoff': [ '3.1.1' ],
46 silly audit   ext: [ '1.7.0' ],
46 silly audit   'fast-content-type-parse': [ '1.1.0' ],
46 silly audit   'fast-copy': [ '3.0.2' ],
46 silly audit   'fast-decode-uri-component': [ '1.0.1' ],
46 silly audit   'fast-deep-equal': [ '3.1.3' ],
46 silly audit   'fast-glob': [ '3.2.11' ],
46 silly audit   'fast-json-stable-stringify': [ '2.1.0' ],
46 silly audit   'fast-json-stringify': [ '5.14.1' ],
46 silly audit   'fast-levenshtein': [ '2.0.6' ],
46 silly audit   'fast-memoize': [ '2.5.2' ],
46 silly audit   'fast-querystring': [ '1.0.0' ],
46 silly audit   'fast-redact': [ '3.5.0' ],
46 silly audit   'fast-safe-stringify': [ '2.1.1' ],
46 silly audit   'fast-uri': [ '2.3.0' ],
46 silly audit   'fastest-levenshtein': [ '1.0.16' ],
46 silly audit   fastify: [ '4.26.2' ],
46 silly audit   'fastify-cli': [ '6.1.1' ],
46 silly audit   'pino-pretty': [ '10.3.1', '11.0.0' ],
46 silly audit   'help-me': [ '5.0.0', '4.2.0' ],
46 silly audit   'readable-stream': [ '4.5.2', '3.6.2' ],
46 silly audit   'fastify-error-page': [ '4.0.0' ],
46 silly audit   'fastify-method-override': [ '1.5.10' ],
46 silly audit   'fastify-objectionjs': [ '2.0.1' ],
46 silly audit   knex: [ '2.5.1', '3.1.0' ],
46 silly audit   'pg-connection-string': [ '2.6.1', '2.6.2', '2.6.4' ],
46 silly audit   'fastify-reverse-routes': [ '3.0.0' ],
46 silly audit   fastq: [ '1.17.1' ],
46 silly audit   'fb-watchman': [ '2.0.2' ],
46 silly audit   'file-entry-cache': [ '6.0.1' ],
46 silly audit   'file-uri-to-path': [ '1.0.0' ],
46 silly audit   'fill-range': [ '7.0.1' ],
46 silly audit   'find-my-way': [ '8.1.0' ],
46 silly audit   'flat-cache': [ '3.2.0' ],
46 silly audit   flatted: [ '3.3.1' ],
46 silly audit   'for-each': [ '0.3.3' ],
46 silly audit   'foreground-child': [ '3.1.1' ],
46 silly audit   'signal-exit': [ '4.1.0', '3.0.7' ],
46 silly audit   'form-data-encoder': [ '2.1.0' ],
46 silly audit   forwarded: [ '0.2.0' ],
46 silly audit   'fp-and-or': [ '0.1.4' ],
46 silly audit   'fs-constants': [ '1.0.0' ],
46 silly audit   'fs-extra': [ '9.1.0' ],
46 silly audit   'fs.realpath': [ '1.0.0' ],
46 silly audit   fsevents: [ '2.3.2' ],
46 silly audit   'function-bind': [ '1.1.2' ],
46 silly audit   'function.prototype.name': [ '1.1.6' ],
46 silly audit   'functions-have-names': [ '1.2.3' ],
46 silly audit   gauge: [ '4.0.4' ],
46 silly audit   generify: [ '4.2.0' ],
46 silly audit   gensync: [ '1.0.0-beta.2' ],
46 silly audit   'get-caller-file': [ '2.0.5' ],
46 silly audit   'get-intrinsic': [ '1.2.4' ],
46 silly audit   'get-package-type': [ '0.1.0' ],
46 silly audit   'get-stdin': [ '8.0.0' ],
46 silly audit   'get-symbol-description': [ '1.0.2' ],
46 silly audit   getopts: [ '2.3.0' ],
46 silly audit   'github-from-package': [ '0.0.0' ],
46 silly audit   'glob-to-regexp': [ '0.4.1' ],
46 silly audit   'global-dirs': [ '3.0.0' ],
46 silly audit   globalthis: [ '1.0.3' ],
46 silly audit   globby: [ '11.1.0' ],
46 silly audit   gopd: [ '1.0.1' ],
46 silly audit   got: [ '12.3.1' ],
46 silly audit   'graceful-fs': [ '4.2.10', '4.2.11' ],
46 silly audit   graphemer: [ '1.4.0' ],
46 silly audit   'has-bigints': [ '1.0.2' ],
46 silly audit   'has-property-descriptors': [ '1.0.2' ],
46 silly audit   'has-proto': [ '1.0.3' ],
46 silly audit   'has-symbols': [ '1.0.3' ],
46 silly audit   'has-tostringtag': [ '1.0.2' ],
46 silly audit   'has-unicode': [ '2.0.1' ],
46 silly audit   'has-yarn': [ '3.0.0' ],
46 silly audit   hashlru: [ '2.3.0' ],
46 silly audit   hasown: [ '2.0.2' ],
46 silly audit   'hosted-git-info': [ '5.2.1', '6.1.1' ],
46 silly audit   'html-escaper': [ '2.0.2' ],
46 silly audit   'http-cache-semantics': [ '4.1.1' ],
46 silly audit   'http-errors': [ '2.0.0' ],
46 silly audit   'http-proxy-agent': [ '5.0.0', '4.0.1' ],
46 silly audit   'http2-wrapper': [ '2.1.11' ],
46 silly audit   'https-proxy-agent': [ '5.0.1' ],
46 silly audit   'human-signals': [ '2.1.0' ],
46 silly audit   'humanize-ms': [ '1.2.1' ],
46 silly audit   i18next: [ '23.11.2' ],
46 silly audit   'iconv-lite': [ '0.6.3' ],
46 silly audit   'icss-utils': [ '5.1.0' ],
46 silly audit   ieee754: [ '1.2.1' ],
46 silly audit   ignore: [ '5.2.0' ],
46 silly audit   'ignore-walk': [ '6.0.4' ],
46 silly audit   'import-fresh': [ '3.3.0' ],
46 silly audit   'resolve-from': [ '4.0.0', '5.0.0' ],
46 silly audit   'import-lazy': [ '4.0.0' ],
46 silly audit   'import-local': [ '3.1.0' ],
46 silly audit   imurmurhash: [ '0.1.4' ],
46 silly audit   'indent-string': [ '4.0.0' ],
46 silly audit   'infer-owner': [ '1.0.4' ],
46 silly audit   inflection: [ '1.13.4' ],
46 silly audit   inflight: [ '1.0.6' ],
46 silly audit   inherits: [ '2.0.4' ],
46 silly audit   'internal-slot': [ '1.0.7' ],
46 silly audit   interpret: [ '2.2.0', '3.1.1' ],
46 silly audit   ip: [ '2.0.0' ],
46 silly audit   'ipaddr.js': [ '1.9.1' ],
46 silly audit   'is-array-buffer': [ '3.0.4' ],
46 silly audit   'is-arrayish': [ '0.2.1' ],
46 silly audit   'is-bigint': [ '1.0.4' ],
46 silly audit   'is-binary-path': [ '2.1.0' ],
46 silly audit   'is-boolean-object': [ '1.1.2' ],
46 silly audit   'is-callable': [ '1.2.7' ],
46 silly audit   'is-ci': [ '3.0.1' ],
46 silly audit   'is-core-module': [ '2.13.1' ],
46 silly audit   'is-data-view': [ '1.0.1' ],
46 silly audit   'is-date-object': [ '1.0.5' ],
46 silly audit   'is-docker': [ '2.2.1' ],
46 silly audit   'is-expression': [ '4.0.0' ],
46 silly audit   'is-extglob': [ '2.1.1' ],
46 silly audit   'is-fullwidth-code-point': [ '3.0.0' ],
46 silly audit   'is-generator-fn': [ '2.1.0' ],
46 silly audit   'is-glob': [ '4.0.3' ],
46 silly audit   'is-installed-globally': [ '0.4.0' ],
46 silly audit   'is-lambda': [ '1.0.1' ],
46 silly audit   'is-negative-zero': [ '2.0.3' ],
46 silly audit   'is-npm': [ '6.0.0' ],
46 silly audit   'is-number': [ '7.0.0' ],
46 silly audit   'is-number-object': [ '1.0.7' ],
46 silly audit   'is-obj': [ '2.0.0' ],
46 silly audit   'is-path-inside': [ '3.0.3' ],
46 silly audit   'is-plain-object': [ '2.0.4' ],
46 silly audit   'is-promise': [ '2.2.2' ],
46 silly audit   'is-regex': [ '1.1.4' ],
46 silly audit   'is-shared-array-buffer': [ '1.0.3' ],
46 silly audit   'is-stream': [ '2.0.1' ],
46 silly audit   'is-string': [ '1.0.7' ],
46 silly audit   'is-symbol': [ '1.0.4' ],
46 silly audit   'is-typed-array': [ '1.1.13' ],
46 silly audit   'is-typedarray': [ '1.0.0' ],
46 silly audit   'is-weakref': [ '1.0.2' ],
46 silly audit   'is-yarn-global': [ '0.4.0' ],
46 silly audit   isarray: [ '2.0.5' ],
46 silly audit   isbinaryfile: [ '4.0.10' ],
46 silly audit   isexe: [ '2.0.0' ],
46 silly audit   isobject: [ '3.0.1' ],
46 silly audit   'istanbul-lib-coverage': [ '3.2.2' ],
46 silly audit   'istanbul-lib-report': [ '3.0.1' ],
46 silly audit   'istanbul-lib-source-maps': [ '4.0.1' ],
46 silly audit   'istanbul-reports': [ '3.1.7' ],
46 silly audit   jackspeak: [ '2.3.6' ],
46 silly audit   jest: [ '29.7.0' ],
46 silly audit   'jest-changed-files': [ '29.7.0' ],
46 silly audit   'jest-circus': [ '29.7.0' ],
46 silly audit   'jest-cli': [ '29.7.0' ],
46 silly audit   'jest-config': [ '29.7.0' ],
46 silly audit   'jest-diff': [ '29.7.0' ],
46 silly audit   'jest-docblock': [ '29.7.0' ],
46 silly audit   'jest-each': [ '29.7.0' ],
46 silly audit   'jest-environment-node': [ '29.7.0' ],
46 silly audit   'jest-get-type': [ '29.6.3' ],
46 silly audit   'jest-haste-map': [ '29.7.0' ],
46 silly audit   'jest-leak-detector': [ '29.7.0' ],
46 silly audit   'jest-matcher-utils': [ '29.7.0' ],
46 silly audit   'jest-message-util': [ '29.7.0' ],
46 silly audit   'jest-mock': [ '29.7.0' ],
46 silly audit   'jest-pnp-resolver': [ '1.2.3' ],
46 silly audit   'jest-regex-util': [ '29.6.3' ],
46 silly audit   'jest-resolve': [ '29.7.0' ],
46 silly audit   'jest-resolve-dependencies': [ '29.7.0' ],
46 silly audit   'jest-runner': [ '29.7.0' ],
46 silly audit   'jest-runtime': [ '29.7.0' ],
46 silly audit   'jest-snapshot': [ '29.7.0' ],
46 silly audit   'jest-util': [ '29.7.0' ],
46 silly audit   'jest-validate': [ '29.7.0' ],
46 silly audit   'jest-watcher': [ '29.7.0' ],
46 silly audit   'jest-worker': [ '29.7.0', '27.5.1' ],
46 silly audit   jju: [ '1.4.0' ],
46 silly audit   joycon: [ '3.1.1' ],
46 silly audit   jquery: [ '3.7.1' ],
46 silly audit   'js-beautify': [ '1.15.1' ],
46 silly audit   nopt: [ '7.2.0', '6.0.0', '5.0.0' ],
46 silly audit   'js-cookie': [ '3.0.5' ],
46 silly audit   'js-stringify': [ '1.0.2' ],
46 silly audit   'js-tokens': [ '4.0.0' ],
46 silly audit   jsesc: [ '2.5.2' ],
46 silly audit   'json-buffer': [ '3.0.1' ],
46 silly audit   'json-parse-even-better-errors': [ '2.3.1', '3.0.1' ],
46 silly audit   'json-parse-helpfulerror': [ '1.0.3' ],
46 silly audit   'json-schema-ref-resolver': [ '1.0.1' ],
46 silly audit   'json-stable-stringify-without-jsonify': [ '1.0.1' ],
46 silly audit   json5: [ '2.2.3', '1.0.2' ],
46 silly audit   jsonfile: [ '6.1.0' ],
46 silly audit   jsonlines: [ '0.1.1' ],
46 silly audit   jsonparse: [ '1.3.1' ],
46 silly audit   jstransformer: [ '1.0.0' ],
46 silly audit   'jstransformer-markdown-it': [ '3.0.0' ],
46 silly audit   keyv: [ '4.5.4' ],
46 silly audit   'kind-of': [ '6.0.3' ],
46 silly audit   kleur: [ '3.0.3', '4.1.5' ],
46 silly audit   'latest-version': [ '7.0.0' ],
46 silly audit   leven: [ '3.1.0' ],
46 silly audit   levn: [ '0.4.1' ],
46 silly audit   'light-my-request': [ '5.13.0' ],
46 silly audit   'lines-and-columns': [ '1.2.4' ],
46 silly audit   'linkify-it': [ '4.0.1' ],
46 silly audit   'loader-runner': [ '4.3.0' ],
46 silly audit   lodash: [ '4.17.21' ],
46 silly audit   'lodash.castarray': [ '4.4.0' ],
46 silly audit   'lodash.compact': [ '3.0.1' ],
46 silly audit   'lodash.isempty': [ '4.4.0' ],
46 silly audit   'lodash.merge': [ '4.6.2' ],
46 silly audit   yallist: [ '3.1.1', '4.0.0' ],
46 silly audit   'lru-queue': [ '0.1.0' ],
46 silly audit   'make-dir': [ '4.0.0' ],
46 silly audit   'make-fetch-happen': [ '11.1.1', '10.2.1', '9.1.0' ],
46 silly audit   'make-promises-safe': [ '5.1.0' ],
46 silly audit   makeerror: [ '1.0.12' ],
46 silly audit   'markdown-it': [ '13.0.2' ],
46 silly audit   mdurl: [ '1.0.1' ],
46 silly audit   'media-typer': [ '0.3.0' ],
46 silly audit   memoizee: [ '0.4.15' ],
46 silly audit   'merge-stream': [ '2.0.0' ],
46 silly audit   merge2: [ '1.4.1' ],
46 silly audit   micromatch: [ '4.0.5' ],
46 silly audit   mime: [ '3.0.0' ],
46 silly audit   'mime-db': [ '1.52.0' ],
46 silly audit   'mime-types': [ '2.1.35' ],
46 silly audit   'mimic-fn': [ '2.1.0' ],
46 silly audit   'mini-css-extract-plugin': [ '2.9.0' ],
46 silly audit   minimist: [ '1.2.6' ],
46 silly audit   'minipass-collect': [ '1.0.2' ],
46 silly audit   'minipass-fetch': [ '3.0.4', '2.1.2', '1.4.1' ],
46 silly audit   'minipass-flush': [ '1.0.5' ],
46 silly audit   'minipass-json-stream': [ '1.0.1' ],
46 silly audit   'minipass-pipeline': [ '1.2.4' ],
46 silly audit   'minipass-sized': [ '1.0.3' ],
46 silly audit   minizlib: [ '2.1.2' ],
46 silly audit   mkdirp: [ '1.0.4' ],
46 silly audit   'mkdirp-classic': [ '0.5.3' ],
46 silly audit   moment: [ '2.30.1' ],
46 silly audit   'moment-timezone': [ '0.5.45' ],
46 silly audit   mustache: [ '4.2.0' ],
46 silly audit   nanoid: [ '3.3.7' ],
46 silly audit   'napi-build-utils': [ '1.0.2' ],
46 silly audit   'natural-compare': [ '1.4.0' ],
46 silly audit   negotiator: [ '0.6.3' ],
46 silly audit   'neo-async': [ '2.6.2' ],
46 silly audit   'next-tick': [ '1.1.0' ],
46 silly audit   'node-abi': [ '3.60.0' ],
46 silly audit   'node-addon-api': [ '4.3.0', '7.1.0' ],
46 silly audit   'node-gyp': [ '9.4.1', '8.4.1' ],
46 silly audit   'node-gyp-build': [ '4.8.0' ],
46 silly audit   ssri: [ '9.0.1', '8.0.1', '10.0.5' ],
46 silly audit   'node-int64': [ '0.4.0' ],
46 silly audit   'node-releases': [ '2.0.14' ],
46 silly audit   'normalize-package-data': [ '5.0.0' ],
46 silly audit   'normalize-path': [ '3.0.0' ],
46 silly audit   'normalize-url': [ '6.1.0' ],
46 silly audit   'npm-bundled': [ '3.0.0' ],
46 silly audit   'npm-check-updates': [ '16.14.18' ],
46 silly audit   rimraf: [ '5.0.5', '3.0.2' ],
46 silly audit   'source-map-support': [ '0.5.21', '0.5.13' ],
46 silly audit   'strip-json-comments': [ '5.0.1', '2.0.1', '3.1.1' ],
46 silly audit   'npm-install-checks': [ '6.3.0' ],
46 silly audit   'npm-normalize-package-bin': [ '3.0.1' ],
46 silly audit   'npm-package-arg': [ '10.1.0' ],
46 silly audit   'npm-packlist': [ '7.0.4' ],
46 silly audit   'npm-pick-manifest': [ '8.0.2' ],
46 silly audit   'npm-registry-fetch': [ '14.0.5' ],
46 silly audit   'npm-run-path': [ '4.0.1' ],
46 silly audit   npmlog: [ '6.0.2' ],
46 silly audit   'object-assign': [ '4.1.1' ],
46 silly audit   'object-inspect': [ '1.13.1' ],
46 silly audit   'object-keys': [ '1.1.1' ],
46 silly audit   'object.assign': [ '4.1.5' ],
46 silly audit   'object.entries': [ '1.1.8' ],
46 silly audit   'object.fromentries': [ '2.0.8' ],
46 silly audit   'object.groupby': [ '1.0.3' ],
46 silly audit   'object.values': [ '1.2.0' ],
46 silly audit   objection: [ '3.1.4' ],
46 silly audit   'objection-unique': [ '1.2.2' ],
46 silly audit   'on-exit-leak-free': [ '2.1.2' ],
46 silly audit   once: [ '1.4.0' ],
46 silly audit   onetime: [ '5.1.2' ],
46 silly audit   optionator: [ '0.9.3' ],
46 silly audit   'p-cancelable': [ '3.0.0' ],
46 silly audit   'p-map': [ '4.0.0' ],
46 silly audit   'p-try': [ '2.2.0' ],
46 silly audit   'package-json': [ '8.1.0' ],
46 silly audit   pacote: [ '15.2.0' ],
46 silly audit   'parent-module': [ '1.0.1' ],
46 silly audit   'parse-github-url': [ '1.0.2' ],
46 silly audit   'parse-json': [ '5.2.0' ],
46 silly audit   'path-exists': [ '4.0.0', '3.0.0' ],
46 silly audit   'path-is-absolute': [ '1.0.1' ],
46 silly audit   'path-key': [ '3.1.1' ],
46 silly audit   'path-parse': [ '1.0.7' ],
46 silly audit   'path-scurry': [ '1.10.2' ],
46 silly audit   'path-to-regexp': [ '6.2.1' ],
46 silly audit   'path-type': [ '4.0.0' ],
46 silly audit   pg: [ '8.11.5' ],
46 silly audit   'pg-cloudflare': [ '1.1.1' ],
46 silly audit   'pg-int8': [ '1.0.1' ],
46 silly audit   'pg-pool': [ '3.6.2' ],
46 silly audit   'pg-protocol': [ '1.6.1' ],
46 silly audit   'pg-types': [ '2.2.0' ],
46 silly audit   pgpass: [ '1.0.5' ],
46 silly audit   split2: [ '4.2.0', '3.2.2' ],
46 silly audit   picocolors: [ '1.0.0' ],
46 silly audit   picomatch: [ '2.3.1' ],
46 silly audit   pino: [ '8.20.0' ],
46 silly audit   'pino-abstract-transport': [ '1.2.0' ],
46 silly audit   'pino-std-serializers': [ '6.2.2' ],
46 silly audit   pirates: [ '4.0.6' ],
46 silly audit   'pkg-dir': [ '4.2.0' ],
46 silly audit   'pkg-up': [ '3.1.0' ],
46 silly audit   'possible-typed-array-names': [ '1.0.0' ],
46 silly audit   postcss: [ '8.4.38' ],
46 silly audit   'postcss-modules-extract-imports': [ '3.1.0' ],
46 silly audit   'postcss-modules-local-by-default': [ '4.0.5' ],
46 silly audit   'postcss-modules-scope': [ '3.2.0' ],
46 silly audit   'postcss-modules-values': [ '4.0.0' ],
46 silly audit   'postcss-selector-parser': [ '6.0.16' ],
46 silly audit   'postcss-value-parser': [ '4.2.0' ],
46 silly audit   'postgres-array': [ '2.0.0' ],
46 silly audit   'postgres-bytea': [ '1.0.0' ],
46 silly audit   'postgres-date': [ '1.0.7' ],
46 silly audit   'postgres-interval': [ '1.2.0' ],
46 silly audit   'prebuild-install': [ '7.1.2' ],
46 silly audit   'prelude-ls': [ '1.2.1' ],
46 silly audit   'pretty-format': [ '29.7.0' ],
46 silly audit   'proc-log': [ '3.0.0' ],
46 silly audit   process: [ '0.11.10' ],
46 silly audit   'process-warning': [ '3.0.0' ],
46 silly audit   progress: [ '2.0.3' ],
46 silly audit   promise: [ '7.3.1' ],
46 silly audit   'promise-inflight': [ '1.0.1' ],
46 silly audit   'promise-retry': [ '2.0.1' ],
46 silly audit   prompts: [ '2.4.2' ],
46 silly audit   'prompts-ncu': [ '3.0.0' ],
46 silly audit   'proto-list': [ '1.2.4' ],
46 silly audit   'proxy-addr': [ '2.0.7' ],
46 silly audit   pug: [ '3.0.2' ],
46 silly audit   'pug-attrs': [ '3.0.0' ],
46 silly audit   'pug-code-gen': [ '3.0.2' ],
46 silly audit   'pug-error': [ '2.0.0' ],
46 silly audit   'pug-filters': [ '4.0.0' ],
46 silly audit   'pug-lexer': [ '5.0.1' ],
46 silly audit   'pug-linker': [ '4.0.0' ],
46 silly audit   'pug-load': [ '3.0.0' ],
46 silly audit   'pug-parser': [ '6.0.0' ],
46 silly audit   'pug-runtime': [ '3.0.1' ],
46 silly audit   'pug-strip-comments': [ '2.0.0' ],
46 silly audit   'pug-walk': [ '2.0.0' ],
46 silly audit   pump: [ '3.0.0' ],
46 silly audit   punycode: [ '2.1.1' ],
46 silly audit   pupa: [ '3.1.0' ],
46 silly audit   'pure-rand': [ '6.1.0' ],
46 silly audit   qs: [ '6.12.1' ],
46 silly audit   'queue-microtask': [ '1.2.3' ],
46 silly audit   'quick-format-unescaped': [ '4.0.4' ],
46 silly audit   'quick-lru': [ '5.1.1' ],
46 silly audit   randombytes: [ '2.1.0' ],
46 silly audit   rc: [ '1.2.8' ],
46 silly audit   'rc-config-loader': [ '4.1.3' ],
46 silly audit   'react-is': [ '18.2.0' ],
46 silly audit   'read-package-json': [ '6.0.4' ],
46 silly audit   'read-package-json-fast': [ '3.0.2' ],
46 silly audit   readdirp: [ '3.6.0' ],
46 silly audit   'real-require': [ '0.2.0' ],
46 silly audit   rechoir: [ '0.8.0' ],
46 silly audit   'regenerator-runtime': [ '0.14.1' ],
46 silly audit   'regexp.prototype.flags': [ '1.5.2' ],
46 silly audit   'registry-auth-token': [ '5.0.1' ],
46 silly audit   'registry-url': [ '6.0.1' ],
46 silly audit   'remote-git-tags': [ '3.0.0' ],
46 silly audit   'require-directory': [ '2.1.1' ],
46 silly audit   'require-from-string': [ '2.0.2' ],
46 silly audit   resolve: [ '1.22.8' ],
46 silly audit   'resolve-alpn': [ '1.2.1' ],
46 silly audit   'resolve-cwd': [ '3.0.0' ],
46 silly audit   'resolve.exports': [ '2.0.2' ],
46 silly audit   responselike: [ '2.0.1' ],
46 silly audit   ret: [ '0.2.2' ],
46 silly audit   retry: [ '0.12.0' ],
46 silly audit   'retry-as-promised': [ '7.0.4' ],
46 silly audit   reusify: [ '1.0.4' ],
46 silly audit   rfdc: [ '1.3.1' ],
46 silly audit   'run-parallel': [ '1.2.0' ],
46 silly audit   rxjs: [ '7.8.1' ],
46 silly audit   'safe-array-concat': [ '1.1.2' ],
46 silly audit   'safe-buffer': [ '5.2.1' ],
46 silly audit   'safe-regex-test': [ '1.0.3' ],
46 silly audit   'safe-regex2': [ '2.0.0' ],
46 silly audit   'safe-stable-stringify': [ '2.4.3' ],
46 silly audit   'safer-buffer': [ '2.1.2' ],
46 silly audit   'schema-utils': [ '4.0.0', '3.3.0' ],
46 silly audit   'secure-json-parse': [ '2.7.0' ],
46 silly audit   'semver-diff': [ '4.0.0' ],
46 silly audit   'semver-utils': [ '1.1.4' ],
46 silly audit   sequelize: [ '6.37.3' ],
46 silly audit   'sequelize-cli': [ '6.6.2' ],
46 silly audit   yargs: [ '16.2.0', '17.7.2' ],
46 silly audit   'yargs-parser': [ '20.2.9', '21.1.1' ],
46 silly audit   'sequelize-pool': [ '7.1.0' ],
46 silly audit   'serialize-javascript': [ '6.0.2' ],
46 silly audit   'set-blocking': [ '2.0.0' ],
46 silly audit   'set-cookie-parser': [ '2.6.0' ],
46 silly audit   'set-function-length': [ '1.2.2' ],
46 silly audit   'set-function-name': [ '2.0.2' ],
46 silly audit   setprototypeof: [ '1.2.0' ],
46 silly audit   'shallow-clone': [ '3.0.1' ],
46 silly audit   'shebang-command': [ '2.0.0' ],
46 silly audit   'shebang-regex': [ '3.0.0' ],
46 silly audit   'shell-quote': [ '1.8.1' ],
46 silly audit   'side-channel': [ '1.0.6' ],
46 silly audit   sigstore: [ '1.9.0' ],
46 silly audit   'simple-concat': [ '1.0.1' ],
46 silly audit   'simple-get': [ '4.0.1' ],
46 silly audit   sisteransi: [ '1.0.5' ],
46 silly audit   slash: [ '3.0.0' ],
46 silly audit   'smart-buffer': [ '4.2.0' ],
46 silly audit   socks: [ '2.7.0' ],
46 silly audit   'socks-proxy-agent': [ '7.0.0', '6.2.1' ],
46 silly audit   'sodium-native': [ '4.1.1' ],
46 silly audit   'sonic-boom': [ '3.8.1' ],
46 silly audit   'source-map': [ '0.6.1' ],
46 silly audit   'source-map-js': [ '1.2.0' ],
46 silly audit   'spawn-command': [ '0.0.2' ],
46 silly audit   'spawn-please': [ '2.0.2' ],
46 silly audit   'spdx-correct': [ '3.2.0' ],
46 silly audit   'spdx-exceptions': [ '2.5.0' ],
46 silly audit   'spdx-expression-parse': [ '3.0.1' ],
46 silly audit   'spdx-license-ids': [ '3.0.17' ],
46 silly audit   'sprintf-js': [ '1.0.3' ],
46 silly audit   sqlite3: [ '5.1.7' ],
46 silly audit   'stack-trace': [ '0.0.10' ],
46 silly audit   'stack-utils': [ '2.0.6' ],
46 silly audit   statuses: [ '2.0.1' ],
46 silly audit   string_decoder: [ '1.3.0' ],
46 silly audit   'string-length': [ '4.0.2' ],
46 silly audit   'string.prototype.trim': [ '1.2.9' ],
46 silly audit   'string.prototype.trimend': [ '1.0.8' ],
46 silly audit   'string.prototype.trimstart': [ '1.0.8' ],
46 silly audit   'strip-bom': [ '4.0.0', '3.0.0' ],
46 silly audit   'strip-final-newline': [ '2.0.0' ],
46 silly audit   'style-loader': [ '4.0.0' ],
46 silly audit   'supports-preserve-symlinks-flag': [ '1.0.0' ],
46 silly audit   tapable: [ '2.2.1' ],
46 silly audit   tar: [ '6.1.11' ],
46 silly audit   'tar-fs': [ '2.1.1' ],
46 silly audit   'tar-stream': [ '2.2.0' ],
46 silly audit   tarn: [ '3.0.2' ],
46 silly audit   terser: [ '5.30.4' ],
46 silly audit   'terser-webpack-plugin': [ '5.3.10' ],
46 silly audit   'test-exclude': [ '6.0.0' ],
46 silly audit   'text-table': [ '0.2.0' ],
46 silly audit   'thread-stream': [ '2.6.0' ],
46 silly audit   tildify: [ '2.0.0' ],
46 silly audit   'timers-ext': [ '0.1.7' ],
46 silly audit   tmpl: [ '1.0.5' ],
46 silly audit   'to-fast-properties': [ '2.0.0' ],
46 silly audit   'to-regex-range': [ '5.0.1' ],
46 silly audit   'toad-cache': [ '3.7.0' ],
46 silly audit   toidentifier: [ '1.0.1' ],
46 silly audit   'token-stream': [ '1.0.0' ],
46 silly audit   'toposort-class': [ '1.0.1' ],
46 silly audit   'tree-kill': [ '1.2.2' ],
46 silly audit   'tsconfig-paths': [ '3.15.0' ],
46 silly audit   tslib: [ '2.6.2' ],
46 silly audit   'tuf-js': [ '1.1.7' ],
46 silly audit   'tunnel-agent': [ '0.6.0' ],
46 silly audit   type: [ '2.7.2' ],
46 silly audit   'type-check': [ '0.4.0' ],
46 silly audit   'type-detect': [ '4.0.8' ],
46 silly audit   'type-is': [ '1.6.18' ],
46 silly audit   'typed-array-buffer': [ '1.0.2' ],
46 silly audit   'typed-array-byte-length': [ '1.0.1' ],
46 silly audit   'typed-array-byte-offset': [ '1.0.2' ],
46 silly audit   'typed-array-length': [ '1.0.6' ],
46 silly audit   'typedarray-to-buffer': [ '3.1.5' ],
46 silly audit   'uc.micro': [ '1.0.6' ],
46 silly audit   umzug: [ '2.3.0' ],
46 silly audit   'unbox-primitive': [ '1.0.2' ],
46 silly audit   'undici-types': [ '5.26.5' ],
46 silly audit   'unique-string': [ '3.0.0' ],
46 silly audit   universalify: [ '2.0.1' ],
46 silly audit   untildify: [ '4.0.0' ],
46 silly audit   'update-browserslist-db': [ '1.0.13' ],
46 silly audit   'update-notifier': [ '6.0.2' ],
46 silly audit   'uri-js': [ '4.4.1' ],
46 silly audit   'util-deprecate': [ '1.0.2' ],
46 silly audit   uuid: [ '8.3.2' ],
46 silly audit   'v8-to-istanbul': [ '9.2.0' ],
46 silly audit   'validate-npm-package-license': [ '3.0.4' ],
46 silly audit   'validate-npm-package-name': [ '5.0.0' ],
46 silly audit   validator: [ '13.11.0' ],
46 silly audit   vary: [ '1.1.2' ],
46 silly audit   'void-elements': [ '3.1.0' ],
46 silly audit   walker: [ '1.0.8' ],
46 silly audit   watchpack: [ '2.4.1' ],
46 silly audit   webpack: [ '5.91.0' ],
46 silly audit   'webpack-cli': [ '5.1.4' ],
46 silly audit   'webpack-merge': [ '5.8.0' ],
46 silly audit   'webpack-sources': [ '3.2.3' ],
46 silly audit   'which-boxed-primitive': [ '1.0.2' ],
46 silly audit   'which-typed-array': [ '1.1.15' ],
46 silly audit   'wide-align': [ '1.1.5' ],
46 silly audit   'widest-line': [ '4.0.1' ],
46 silly audit   wildcard: [ '2.0.0' ],
46 silly audit   with: [ '7.0.2' ],
46 silly audit   wkx: [ '0.5.0' ],
46 silly audit   wrappy: [ '1.0.2' ],
46 silly audit   'xdg-basedir': [ '5.1.0' ],
46 silly audit   xtend: [ '4.0.2' ],
46 silly audit   y18n: [ '5.0.8' ],
46 silly audit   'yocto-queue': [ '0.1.0' ],
46 silly audit   youch: [ '2.2.2' ]
46 silly audit }
47 verbose reify failed optional dependency /root/node_modules/fsevents
48 silly reify mark deleted [ '/root/node_modules/fsevents' ]
49 timing reifyNode:node_modules/fsevents Completed in 171ms
50 http fetch POST 200 https://registry.npmjs.org/-/npm/v1/security/advisories/bulk 1924ms
51 timing auditReport:getReport Completed in 1937ms
52 silly audit report {
52 silly audit report   '@babel/helpers': [
52 silly audit report     {
52 silly audit report       id: 1104001,
52 silly audit report       url: 'https://github.com/advisories/GHSA-968p-4wvh-cqc8',
52 silly audit report       title: 'Babel has inefficient RegExp complexity in generated code with .replace when transpiling named capturing groups',
52 silly audit report       severity: 'moderate',
52 silly audit report       vulnerable_versions: '<7.26.10',
52 silly audit report       cwe: [Array],
52 silly audit report       cvss: [Object]
52 silly audit report     }
52 silly audit report   ],
52 silly audit report   '@babel/runtime': [
52 silly audit report     {
52 silly audit report       id: 1104000,
52 silly audit report       url: 'https://github.com/advisories/GHSA-968p-4wvh-cqc8',
52 silly audit report       title: 'Babel has inefficient RegExp complexity in generated code with .replace when transpiling named capturing groups',
52 silly audit report       severity: 'moderate',
52 silly audit report       vulnerable_versions: '<7.26.10',
52 silly audit report       cwe: [Array],
52 silly audit report       cvss: [Object]
52 silly audit report     }
52 silly audit report   ],
52 silly audit report   'js-yaml': [
52 silly audit report     {
52 silly audit report       id: 1109801,
52 silly audit report       url: 'https://github.com/advisories/GHSA-mh29-5h37-fv8m',
52 silly audit report       title: 'js-yaml has prototype pollution in merge (<<)',
52 silly audit report       severity: 'moderate',
52 silly audit report       vulnerable_versions: '<3.14.2',
52 silly audit report       cwe: [Array],
52 silly audit report       cvss: [Object]
52 silly audit report     },
52 silly audit report     {
52 silly audit report       id: 1109802,
52 silly audit report       url: 'https://github.com/advisories/GHSA-mh29-5h37-fv8m',
52 silly audit report       title: 'js-yaml has prototype pollution in merge (<<)',
52 silly audit report       severity: 'moderate',
52 silly audit report       vulnerable_versions: '>=4.0.0 <4.1.1',
52 silly audit report       cwe: [Array],
52 silly audit report       cvss: [Object]
52 silly audit report     }
52 silly audit report   ],
52 silly audit report   glob: [
52 silly audit report     {
52 silly audit report       id: 1109842,
52 silly audit report       url: 'https://github.com/advisories/GHSA-5j98-mcp5-4vw2',
52 silly audit report       title: 'glob CLI: Command injection via -c/--cmd executes matches with shell:true',
52 silly audit report       severity: 'high',
52 silly audit report       vulnerable_versions: '>=10.2.0 <10.5.0',
52 silly audit report       cwe: [Array],
52 silly audit report       cvss: [Object]
52 silly audit report     }
52 silly audit report   ],
52 silly audit report   'brace-expansion': [
52 silly audit report     {
52 silly audit report       id: 1105443,
52 silly audit report       url: 'https://github.com/advisories/GHSA-v6h2-p8h4-qcjw',
52 silly audit report       title: 'brace-expansion Regular Expression Denial of Service vulnerability',
52 silly audit report       severity: 'low',
52 silly audit report       vulnerable_versions: '>=1.0.0 <=1.1.11',
52 silly audit report       cwe: [Array],
52 silly audit report       cvss: [Object]
52 silly audit report     },
52 silly audit report     {
52 silly audit report       id: 1105444,
52 silly audit report       url: 'https://github.com/advisories/GHSA-v6h2-p8h4-qcjw',
52 silly audit report       title: 'brace-expansion Regular Expression Denial of Service vulnerability',
52 silly audit report       severity: 'low',
52 silly audit report       vulnerable_versions: '>=2.0.0 <=2.0.1',
52 silly audit report       cwe: [Array],
52 silly audit report       cvss: [Object]
52 silly audit report     }
52 silly audit report   ],
52 silly audit report   braces: [
52 silly audit report     {
52 silly audit report       id: 1098094,
52 silly audit report       url: 'https://github.com/advisories/GHSA-grv7-fg5c-xmjg',
52 silly audit report       title: 'Uncontrolled resource consumption in braces',
52 silly audit report       severity: 'high',
52 silly audit report       vulnerable_versions: '<3.0.3',
52 silly audit report       cwe: [Array],
52 silly audit report       cvss: [Object]
52 silly audit report     }
52 silly audit report   ],
52 silly audit report   cookie: [
52 silly audit report     {
52 silly audit report       id: 1103907,
52 silly audit report       url: 'https://github.com/advisories/GHSA-pxg6-pf52-xh8x',
52 silly audit report       title: 'cookie accepts cookie name, path, and domain with out of bounds characters',
52 silly audit report       severity: 'low',
52 silly audit report       vulnerable_versions: '<0.7.0',
52 silly audit report       cwe: [Array],
52 silly audit report       cvss: [Object]
52 silly audit report     }
52 silly audit report   ],
52 silly audit report   'cross-spawn': [
52 silly audit report     {
52 silly audit report       id: 1104664,
52 silly audit report       url: 'https://github.com/advisories/GHSA-3xgq-45jj-v275',
52 silly audit report       title: 'Regular Expression Denial of Service (ReDoS) in cross-spawn',
52 silly audit report       severity: 'high',
52 silly audit report       vulnerable_versions: '>=7.0.0 <7.0.5',
52 silly audit report       cwe: [Array],
52 silly audit report       cvss: [Object]
52 silly audit report     }
52 silly audit report   ],
52 silly audit report   'find-my-way': [
52 silly audit report     {
52 silly audit report       id: 1099853,
52 silly audit report       url: 'https://github.com/advisories/GHSA-rrr8-f88r-h8q6',
52 silly audit report       title: 'find-my-way has a ReDoS vulnerability in multiparametric routes',
52 silly audit report       severity: 'high',
52 silly audit report       vulnerable_versions: '>=5.5.0 <8.2.2',
52 silly audit report       cwe: [Array],
52 silly audit report       cvss: [Object]
52 silly audit report     }
52 silly audit report   ],
52 silly audit report   ip: [
52 silly audit report     {
52 silly audit report       id: 1101851,
52 silly audit report       url: 'https://github.com/advisories/GHSA-2p57-rm9w-gvfp',
52 silly audit report       title: 'ip SSRF improper categorization in isPublic',
52 silly audit report       severity: 'high',
52 silly audit report       vulnerable_versions: '<=2.0.1',
52 silly audit report       cwe: [Array],
52 silly audit report       cvss: [Object]
52 silly audit report     },
52 silly audit report     {
52 silly audit report       id: 1097721,
52 silly audit report       url: 'https://github.com/advisories/GHSA-78xj-cgh5-2h22',
52 silly audit report       title: 'NPM IP package incorrectly identifies some private IP addresses as public',
52 silly audit report       severity: 'low',
52 silly audit report       vulnerable_versions: '=2.0.0',
52 silly audit report       cwe: [Array],
52 silly audit report       cvss: [Object]
52 silly audit report     }
52 silly audit report   ],
52 silly audit report   micromatch: [
52 silly audit report     {
52 silly audit report       id: 1098681,
52 silly audit report       url: 'https://github.com/advisories/GHSA-952p-6rrq-rcjv',
52 silly audit report       title: 'Regular Expression Denial of Service (ReDoS) in micromatch',
52 silly audit report       severity: 'moderate',
52 silly audit report       vulnerable_versions: '<4.0.8',
52 silly audit report       cwe: [Array],
52 silly audit report       cvss: [Object]
52 silly audit report     }
52 silly audit report   ],
52 silly audit report   nanoid: [
52 silly audit report     {
52 silly audit report       id: 1109563,
52 silly audit report       url: 'https://github.com/advisories/GHSA-mwcw-c2x4-8c55',
52 silly audit report       title: 'Predictable results in nanoid generation when given non-integer values',
52 silly audit report       severity: 'moderate',
52 silly audit report       vulnerable_versions: '<3.3.8',
52 silly audit report       cwe: [Array],
52 silly audit report       cvss: [Object]
52 silly audit report     }
52 silly audit report   ],
52 silly audit report   'path-to-regexp': [
52 silly audit report     {
52 silly audit report       id: 1101846,
52 silly audit report       url: 'https://github.com/advisories/GHSA-9wv6-86v2-598j',
52 silly audit report       title: 'path-to-regexp outputs backtracking regular expressions',
52 silly audit report       severity: 'high',
52 silly audit report       vulnerable_versions: '>=4.0.0 <6.3.0',
52 silly audit report       cwe: [Array],
52 silly audit report       cvss: [Object]
52 silly audit report     }
52 silly audit report   ],
52 silly audit report   pug: [
52 silly audit report     {
52 silly audit report       id: 1104111,
52 silly audit report       url: 'https://github.com/advisories/GHSA-3965-hpx2-q597',
52 silly audit report       title: 'Pug allows JavaScript code execution if an application accepts untrusted input',
52 silly audit report       severity: 'moderate',
52 silly audit report       vulnerable_versions: '<=3.0.2',
52 silly audit report       cwe: [Array],
52 silly audit report       cvss: [Object]
52 silly audit report     }
52 silly audit report   ],
52 silly audit report   'pug-code-gen': [
52 silly audit report     {
52 silly audit report       id: 1104107,
52 silly audit report       url: 'https://github.com/advisories/GHSA-3965-hpx2-q597',
52 silly audit report       title: 'Pug allows JavaScript code execution if an application accepts untrusted input',
52 silly audit report       severity: 'moderate',
52 silly audit report       vulnerable_versions: '<=3.0.2',
52 silly audit report       cwe: [Array],
52 silly audit report       cvss: [Object]
52 silly audit report     }
52 silly audit report   ],
52 silly audit report   tar: [
52 silly audit report     {
52 silly audit report       id: 1097493,
52 silly audit report       url: 'https://github.com/advisories/GHSA-f5x3-32g6-xq36',
52 silly audit report       title: 'Denial of service while parsing a tar file due to lack of folders count validation',
52 silly audit report       severity: 'moderate',
52 silly audit report       vulnerable_versions: '<6.2.1',
52 silly audit report       cwe: [Array],
52 silly audit report       cvss: [Object]
52 silly audit report     }
52 silly audit report   ],
52 silly audit report   'tar-fs': [
52 silly audit report     {
52 silly audit report       id: 1109532,
52 silly audit report       url: 'https://github.com/advisories/GHSA-vj76-c3g6-qr5v',
52 silly audit report       title: 'tar-fs has a symlink validation bypass if destination directory is predictable with a specific tarball',
52 silly audit report       severity: 'high',
52 silly audit report       vulnerable_versions: '>=2.0.0 <2.1.4',
52 silly audit report       cwe: [Array],
52 silly audit report       cvss: [Object]
52 silly audit report     },
52 silly audit report     {
52 silly audit report       id: 1109543,
52 silly audit report       url: 'https://github.com/advisories/GHSA-8cj5-5rvv-wf4v',
52 silly audit report       title: 'tar-fs can extract outside the specified dir with a specific tarball',
52 silly audit report       severity: 'high',
52 silly audit report       vulnerable_versions: '>=2.0.0 <2.1.3',
52 silly audit report       cwe: [Array],
52 silly audit report       cvss: [Object]
52 silly audit report     },
52 silly audit report     {
52 silly audit report       id: 1109552,
52 silly audit report       url: 'https://github.com/advisories/GHSA-pq67-2wwv-3xjx',
52 silly audit report       title: 'tar-fs Vulnerable to Link Following and Path Traversal via Extracting a Crafted tar File',
52 silly audit report       severity: 'high',
52 silly audit report       vulnerable_versions: '>=2.0.0 <2.1.2',
52 silly audit report       cwe: [Array],
52 silly audit report       cvss: [Object]
52 silly audit report     }
52 silly audit report   ],
52 silly audit report   validator: [
52 silly audit report     {
52 silly audit report       id: 1109241,
52 silly audit report       url: 'https://github.com/advisories/GHSA-9965-vmph-33xx',
52 silly audit report       title: 'validator.js has a URL validation bypass vulnerability in its isURL function',
52 silly audit report       severity: 'moderate',
52 silly audit report       vulnerable_versions: '<13.15.20',
52 silly audit report       cwe: [Array],
52 silly audit report       cvss: [Object]
52 silly audit report     }
52 silly audit report   ],
52 silly audit report   webpack: [
52 silly audit report     {
52 silly audit report       id: 1099351,
52 silly audit report       url: 'https://github.com/advisories/GHSA-4vvj-4cpr-p986',
52 silly audit report       title: "Webpack's AutoPublicPathRuntimeModule has a DOM Clobbering Gadget that leads to XSS",
52 silly audit report       severity: 'moderate',
52 silly audit report       vulnerable_versions: '>=5.0.0-alpha.0 <5.94.0',
52 silly audit report       cwe: [Array],
52 silly audit report       cvss: [Object]
52 silly audit report     }
52 silly audit report   ]
52 silly audit report }
53 silly tarball no local data for youch@https://registry.npmjs.org/youch/-/youch-2.2.2.tgz. Extracting by manifest.
54 silly tarball no local data for yocto-queue@https://registry.npmjs.org/yocto-queue/-/yocto-queue-0.1.0.tgz. Extracting by manifest.
55 silly tarball no local data for yargs-parser@https://registry.npmjs.org/yargs-parser/-/yargs-parser-21.1.1.tgz. Extracting by manifest.
56 silly tarball no local data for yargs@https://registry.npmjs.org/yargs/-/yargs-17.7.2.tgz. Extracting by manifest.
57 silly tarball no local data for yallist@https://registry.npmjs.org/yallist/-/yallist-4.0.0.tgz. Extracting by manifest.
58 silly tarball no local data for xtend@https://registry.npmjs.org/xtend/-/xtend-4.0.2.tgz. Extracting by manifest.
59 silly tarball no local data for y18n@https://registry.npmjs.org/y18n/-/y18n-5.0.8.tgz. Extracting by manifest.
60 silly tarball no local data for xdg-basedir@https://registry.npmjs.org/xdg-basedir/-/xdg-basedir-5.1.0.tgz. Extracting by manifest.
61 silly tarball no local data for write-file-atomic@https://registry.npmjs.org/write-file-atomic/-/write-file-atomic-4.0.2.tgz. Extracting by manifest.
62 silly tarball no local data for wrappy@https://registry.npmjs.org/wrappy/-/wrappy-1.0.2.tgz. Extracting by manifest.
63 silly tarball no local data for wrap-ansi-cjs@https://registry.npmjs.org/wrap-ansi/-/wrap-ansi-7.0.0.tgz. Extracting by manifest.
64 silly tarball no local data for wrap-ansi@https://registry.npmjs.org/wrap-ansi/-/wrap-ansi-8.1.0.tgz. Extracting by manifest.
65 silly tarball no local data for wkx@https://registry.npmjs.org/wkx/-/wkx-0.5.0.tgz. Extracting by manifest.
66 silly tarball no local data for wildcard@https://registry.npmjs.org/wildcard/-/wildcard-2.0.0.tgz. Extracting by manifest.
67 silly tarball no local data for widest-line@https://registry.npmjs.org/widest-line/-/widest-line-4.0.1.tgz. Extracting by manifest.
68 silly tarball no local data for with@https://registry.npmjs.org/with/-/with-7.0.2.tgz. Extracting by manifest.
69 silly tarball no local data for wide-align@https://registry.npmjs.org/wide-align/-/wide-align-1.1.5.tgz. Extracting by manifest.
70 silly tarball no local data for which-boxed-primitive@https://registry.npmjs.org/which-boxed-primitive/-/which-boxed-primitive-1.0.2.tgz. Extracting by manifest.
71 silly tarball no local data for which@https://registry.npmjs.org/which/-/which-2.0.2.tgz. Extracting by manifest.
72 silly tarball no local data for watchpack@https://registry.npmjs.org/watchpack/-/watchpack-2.4.1.tgz. Extracting by manifest.
73 silly tarball no local data for which-typed-array@https://registry.npmjs.org/which-typed-array/-/which-typed-array-1.1.15.tgz. Extracting by manifest.
74 silly tarball no local data for webpack-sources@https://registry.npmjs.org/webpack-sources/-/webpack-sources-3.2.3.tgz. Extracting by manifest.
75 silly tarball no local data for webpack-cli@https://registry.npmjs.org/webpack-cli/-/webpack-cli-5.1.4.tgz. Extracting by manifest.
76 silly tarball no local data for webpack@https://registry.npmjs.org/webpack/-/webpack-5.91.0.tgz. Extracting by manifest.
77 silly tarball no local data for walker@https://registry.npmjs.org/walker/-/walker-1.0.8.tgz. Extracting by manifest.
78 silly tarball no local data for void-elements@https://registry.npmjs.org/void-elements/-/void-elements-3.1.0.tgz. Extracting by manifest.
79 silly tarball no local data for vary@https://registry.npmjs.org/vary/-/vary-1.1.2.tgz. Extracting by manifest.
80 silly tarball no local data for validator@https://registry.npmjs.org/validator/-/validator-13.11.0.tgz. Extracting by manifest.
81 silly tarball no local data for webpack-merge@https://registry.npmjs.org/webpack-merge/-/webpack-merge-5.8.0.tgz. Extracting by manifest.
82 silly tarball no local data for validate-npm-package-name@https://registry.npmjs.org/validate-npm-package-name/-/validate-npm-package-name-5.0.0.tgz. Extracting by manifest.
83 silly tarball no local data for uuid@https://registry.npmjs.org/uuid/-/uuid-8.3.2.tgz. Extracting by manifest.
84 silly tarball no local data for v8-to-istanbul@https://registry.npmjs.org/v8-to-istanbul/-/v8-to-istanbul-9.2.0.tgz. Extracting by manifest.
85 silly tarball no local data for util-deprecate@https://registry.npmjs.org/util-deprecate/-/util-deprecate-1.0.2.tgz. Extracting by manifest.
86 silly tarball no local data for uri-js@https://registry.npmjs.org/uri-js/-/uri-js-4.4.1.tgz. Extracting by manifest.
87 silly tarball no local data for update-notifier@https://registry.npmjs.org/update-notifier/-/update-notifier-6.0.2.tgz. Extracting by manifest.
88 silly tarball no local data for untildify@https://registry.npmjs.org/untildify/-/untildify-4.0.0.tgz. Extracting by manifest.
89 silly tarball no local data for update-browserslist-db@https://registry.npmjs.org/update-browserslist-db/-/update-browserslist-db-1.0.13.tgz. Extracting by manifest.
90 silly tarball no local data for universalify@https://registry.npmjs.org/universalify/-/universalify-2.0.1.tgz. Extracting by manifest.
91 silly tarball no local data for unique-slug@https://registry.npmjs.org/unique-slug/-/unique-slug-2.0.2.tgz. Extracting by manifest.
92 silly tarball no local data for unique-string@https://registry.npmjs.org/unique-string/-/unique-string-3.0.0.tgz. Extracting by manifest.
93 silly tarball no local data for unique-filename@https://registry.npmjs.org/unique-filename/-/unique-filename-1.1.1.tgz. Extracting by manifest.
94 silly tarball no local data for undici-types@https://registry.npmjs.org/undici-types/-/undici-types-5.26.5.tgz. Extracting by manifest.
95 silly tarball no local data for validate-npm-package-license@https://registry.npmjs.org/validate-npm-package-license/-/validate-npm-package-license-3.0.4.tgz. Extracting by manifest.
96 silly tarball no local data for uc.micro@https://registry.npmjs.org/uc.micro/-/uc.micro-1.0.6.tgz. Extracting by manifest.
97 silly tarball no local data for unbox-primitive@https://registry.npmjs.org/unbox-primitive/-/unbox-primitive-1.0.2.tgz. Extracting by manifest.
98 silly tarball no local data for typedarray-to-buffer@https://registry.npmjs.org/typedarray-to-buffer/-/typedarray-to-buffer-3.1.5.tgz. Extracting by manifest.
99 silly tarball no local data for typed-array-byte-offset@https://registry.npmjs.org/typed-array-byte-offset/-/typed-array-byte-offset-1.0.2.tgz. Extracting by manifest.
100 silly tarball no local data for umzug@https://registry.npmjs.org/umzug/-/umzug-2.3.0.tgz. Extracting by manifest.
101 silly tarball no local data for typed-array-buffer@https://registry.npmjs.org/typed-array-buffer/-/typed-array-buffer-1.0.2.tgz. Extracting by manifest.
102 silly tarball no local data for typed-array-byte-length@https://registry.npmjs.org/typed-array-byte-length/-/typed-array-byte-length-1.0.1.tgz. Extracting by manifest.
103 silly tarball no local data for type-is@https://registry.npmjs.org/type-is/-/type-is-1.6.18.tgz. Extracting by manifest.
104 silly tarball no local data for type-detect@https://registry.npmjs.org/type-detect/-/type-detect-4.0.8.tgz. Extracting by manifest.
105 silly tarball no local data for typed-array-length@https://registry.npmjs.org/typed-array-length/-/typed-array-length-1.0.6.tgz. Extracting by manifest.
106 silly tarball no local data for type-fest@https://registry.npmjs.org/type-fest/-/type-fest-0.20.2.tgz. Extracting by manifest.
107 timing metavuln:cache:get:security-advisory:@babel/runtime:xDaNmlS3J8LRk7IfDb7e9Gp3gcy/xDr1QZXCKC997SMkqKVemm2guY9vQpRI6omD11L5cfCI+STpoAdxUgnVsA== Completed in 361ms
108 timing metavuln:cache:get:security-advisory:js-yaml:65b3Thny9zqgdMkalyHLdmcDK6CL3cXqwzGSHgG7z+s7lSOEQyy11Padf2Ni+cdV+U+n4NhCdYXOrjRqH+u9rw== Completed in 361ms
109 timing metavuln:cache:get:security-advisory:glob:NTB2XjbDOgk4lkd8PZ3tUAm1F3E/ohGF6rl9/3LEO7Z0FDzSR5nWwzd3nUENA3NCNdyeR+35DOC12wPml2IV+g== Completed in 361ms
110 timing metavuln:cache:get:security-advisory:brace-expansion:7IQMvcVTr+svbh5KCx4Kl6FQKJ1GciM03BnJAve/5WYJjUeRzKAIrStVpfachbl3T6a7o8nYlQEVG6Ih0TNXRg== Completed in 361ms
111 timing metavuln:cache:get:security-advisory:brace-expansion:mClmYqWawCNXseeTBHWiIwZH/2CmFUqPCmosJIeOhAgD9z1v3SayhHAwaWVo8wmeKU/JN9VP4zDBeXaqy3Ay2A== Completed in 361ms
112 timing metavuln:cache:get:security-advisory:@babel/helpers:+NsF1flAI8VENgJn0XVIWaC4lCe3b89AZgBOx219qXn/BdXH1EWl/yD49aHbhQimIG4kna8zgkunsmpiAVwNPQ== Completed in 363ms
113 timing metavuln:cache:get:security-advisory:braces:JiXBFkEDkUnBQLw3PO6emUmmm2JXqgEbh+FhB3SNDS8k6Z0wM20irrfaOjjxYuMxZaKaDudvR037mtEoeqZzXw== Completed in 362ms
114 timing metavuln:cache:get:security-advisory:cross-spawn:PBcc/5P1UEO/1Ba/jUNR65wOzs1wU0Y+m+OOSfB57dG5EajzjbqRMRm0l7MWqcJgHDYM5GoZ36Hm7qAYFlIH3A== Completed in 361ms
115 timing metavuln:cache:get:security-advisory:cookie:EFt7h/FZLeopARa06+F2CBY5ItUm007mP/cHgZjTJZX1MeIwg3JD7toSioRoDeE8wm5VdkimqlS+CnuPhZqbIg== Completed in 362ms
116 timing metavuln:cache:get:security-advisory:find-my-way:ncPGiupWBmuLy3osYbi6NeA3zAkV0H2ETbz204QySGfjGMvhOUrckXpvAqjVyzsYU9NNJZrPHuMSulTPi+/bfw== Completed in 361ms
117 timing metavuln:cache:get:security-advisory:ip:FcMhhitnipE8n5zCPiVRq2NLRNmu7UZkoO9lrM5CRC/emGwY5wSoa1+q1Q1Z8SPpfXO9tzox/MNRv7luhyJvqg== Completed in 362ms
118 timing metavuln:cache:get:security-advisory:micromatch:TlYHmS8BZBwkbsPHbTfH2/e91KJnOnqfC63ZoKdiRy+yt6biPd8BwjBdyfPUht1+ZO675I3Gg00RQPYaWiOm8Q== Completed in 361ms
119 timing metavuln:cache:get:security-advisory:nanoid:SvMVdtEUVO5ESues2DL9aEFMy6oMG+saOn/tNitKJcx7q7CvMfC5ZcstpC8dbnZl5KL/q/3pYBvQrAPBFsC+nQ== Completed in 361ms
120 timing metavuln:cache:get:security-advisory:ip:b30c5XyTTW4mB+FTN7C/h1vhoJFO9OI8Q+LTllMkSK3uH9C7IrxRvaSJh85+QHMX79NvRWdtpRRPVOFX+5JL7A== Completed in 362ms
121 timing metavuln:cache:get:security-advisory:path-to-regexp:TmkHz1g6xKc2pnDD1h6+ZDKMikxz0M1BBY/wyR9ER8446AKOUk6gXjoSR2douZ5enAllzNSKaynTW1H+LBi1CA== Completed in 362ms
122 timing metavuln:cache:get:security-advisory:pug:q1QCNIb5doZm6I3eRGcu7TI0K8fyc7dAf2McLW9B8u9n+aVFF2mdYrDZecswkGEqvp/OYAJdtseKaRANUQq8pQ== Completed in 361ms
123 timing metavuln:cache:get:security-advisory:pug-code-gen:jYtA+ua4XfswkuObBtnwWn2fYvQUK4ca+Iv1+bqgs4mXRLiX4zUdwwNSawL0T4CvKtEq8q6TFgvFydQ8OKg+/Q== Completed in 361ms
124 timing metavuln:cache:get:security-advisory:tar:xsfciMtNhQn+Vb692L8h5HEYBYUJ5Lhjy3bF//LOsKSn8tp0f1hbuDX26k9UtKJNPZjM5uuq2Cxlz3KwL19oJg== Completed in 362ms
125 timing metavuln:cache:get:security-advisory:tar-fs:cvuUIK3mvYU/u7TShVqDjuuoWy7Jgl2iyysqZzndeGLLwvbCDiePQ/rot9wwSNqpYc8yRaszF/7dU1Uelp1dUw== Completed in 361ms
126 timing metavuln:cache:get:security-advisory:tar-fs:Ix/Js08sk80rCM814qr/o6ab9zjh7+H8VVJui+xRbBltVjhzX21eodMzpIt77aC2gIFcrK8EEBkOSiDgsanD1w== Completed in 361ms
127 timing metavuln:cache:get:security-advisory:validator:IkyJOqfhkev0E9tRX4zbgkqtsxJX67cd4upO2f1EheDpncnx522qyf9oLyXwjDcWGeZOQHSqJUAh/kUyYH60qQ== Completed in 362ms
128 timing metavuln:cache:get:security-advisory:tar-fs:1dRVXY1/KAgNRzluJejkcnnY74RNVCtUBdSLW4DLR6KPpPmll6CDT96fyxIYOX7Nsq4AChUF8ivPlQmppqQqYw== Completed in 363ms
129 timing metavuln:cache:get:security-advisory:webpack:7Pl1j4sHKhCQAEccTmt3XZIEEazRzvyC0TOx07N0G7o5OIhhZ0j0Ji3KSCbTwfmCR/2OHJ3Mx5ZmedDQEQeBbg== Completed in 363ms
130 timing metavuln:cache:get:security-advisory:js-yaml:yGSj5274Ams433CsyehDD+P4WUKyuLOpK//TbH3mEQCEFPIfftI6xf9Dn6ja4Gk3wbxesLSyk27RheFgsrhZaw== Completed in 391ms
131 silly tarball no local data for type-check@https://registry.npmjs.org/type-check/-/type-check-0.4.0.tgz. Extracting by manifest.
132 silly tarball no local data for tunnel-agent@https://registry.npmjs.org/tunnel-agent/-/tunnel-agent-0.6.0.tgz. Extracting by manifest.
133 silly tarball no local data for tslib@https://registry.npmjs.org/tslib/-/tslib-2.6.2.tgz. Extracting by manifest.
134 silly tarball no local data for type@https://registry.npmjs.org/type/-/type-2.7.2.tgz. Extracting by manifest.
135 silly tarball no local data for tsconfig-paths@https://registry.npmjs.org/tsconfig-paths/-/tsconfig-paths-3.15.0.tgz. Extracting by manifest.
136 silly tarball no local data for tree-kill@https://registry.npmjs.org/tree-kill/-/tree-kill-1.2.2.tgz. Extracting by manifest.
137 silly tarball no local data for token-stream@https://registry.npmjs.org/token-stream/-/token-stream-1.0.0.tgz. Extracting by manifest.
138 silly tarball no local data for toposort-class@https://registry.npmjs.org/toposort-class/-/toposort-class-1.0.1.tgz. Extracting by manifest.
139 silly tarball no local data for toad-cache@https://registry.npmjs.org/toad-cache/-/toad-cache-3.7.0.tgz. Extracting by manifest.
140 silly tarball no local data for tmpl@https://registry.npmjs.org/tmpl/-/tmpl-1.0.5.tgz. Extracting by manifest.
141 silly tarball no local data for toidentifier@https://registry.npmjs.org/toidentifier/-/toidentifier-1.0.1.tgz. Extracting by manifest.
142 silly tarball no local data for tuf-js@https://registry.npmjs.org/tuf-js/-/tuf-js-1.1.7.tgz. Extracting by manifest.
143 silly tarball no local data for to-fast-properties@https://registry.npmjs.org/to-fast-properties/-/to-fast-properties-2.0.0.tgz. Extracting by manifest.
144 silly tarball no local data for tildify@https://registry.npmjs.org/tildify/-/tildify-2.0.0.tgz. Extracting by manifest.
145 silly tarball no local data for timers-ext@https://registry.npmjs.org/timers-ext/-/timers-ext-0.1.7.tgz. Extracting by manifest.
146 silly tarball no local data for text-table@https://registry.npmjs.org/text-table/-/text-table-0.2.0.tgz. Extracting by manifest.
147 silly tarball no local data for thread-stream@https://registry.npmjs.org/thread-stream/-/thread-stream-2.6.0.tgz. Extracting by manifest.
148 silly tarball no local data for terser-webpack-plugin@https://registry.npmjs.org/terser-webpack-plugin/-/terser-webpack-plugin-5.3.10.tgz. Extracting by manifest.
149 silly tarball no local data for test-exclude@https://registry.npmjs.org/test-exclude/-/test-exclude-6.0.0.tgz. Extracting by manifest.
150 silly tarball no local data for terser@https://registry.npmjs.org/terser/-/terser-5.30.4.tgz. Extracting by manifest.
151 silly tarball no local data for to-regex-range@https://registry.npmjs.org/to-regex-range/-/to-regex-range-5.0.1.tgz. Extracting by manifest.
152 silly tarball no local data for tarn@https://registry.npmjs.org/tarn/-/tarn-3.0.2.tgz. Extracting by manifest.
153 silly tarball no local data for tar@https://registry.npmjs.org/tar/-/tar-6.1.11.tgz. Extracting by manifest.
154 silly tarball no local data for tar-fs@https://registry.npmjs.org/tar-fs/-/tar-fs-2.1.1.tgz. Extracting by manifest.
155 silly tarball no local data for supports-preserve-symlinks-flag@https://registry.npmjs.org/supports-preserve-symlinks-flag/-/supports-preserve-symlinks-flag-1.0.0.tgz. Extracting by manifest.
156 silly tarball no local data for supports-color@https://registry.npmjs.org/supports-color/-/supports-color-7.2.0.tgz. Extracting by manifest.
157 silly tarball no local data for style-loader@https://registry.npmjs.org/style-loader/-/style-loader-4.0.0.tgz. Extracting by manifest.
158 silly tarball no local data for tapable@https://registry.npmjs.org/tapable/-/tapable-2.2.1.tgz. Extracting by manifest.
159 silly tarball no local data for strip-json-comments@https://registry.npmjs.org/strip-json-comments/-/strip-json-comments-3.1.1.tgz. Extracting by manifest.
160 silly tarball no local data for strip-ansi@https://registry.npmjs.org/strip-ansi/-/strip-ansi-6.0.1.tgz. Extracting by manifest.
161 silly tarball no local data for string.prototype.trimstart@https://registry.npmjs.org/string.prototype.trimstart/-/string.prototype.trimstart-1.0.8.tgz. Extracting by manifest.
162 silly tarball no local data for strip-final-newline@https://registry.npmjs.org/strip-final-newline/-/strip-final-newline-2.0.0.tgz. Extracting by manifest.
163 silly tarball no local data for tar-stream@https://registry.npmjs.org/tar-stream/-/tar-stream-2.2.0.tgz. Extracting by manifest.
164 silly tarball no local data for strip-ansi-cjs@https://registry.npmjs.org/strip-ansi/-/strip-ansi-6.0.1.tgz. Extracting by manifest.
165 silly tarball no local data for string.prototype.trimend@https://registry.npmjs.org/string.prototype.trimend/-/string.prototype.trimend-1.0.8.tgz. Extracting by manifest.
166 silly tarball no local data for string.prototype.trim@https://registry.npmjs.org/string.prototype.trim/-/string.prototype.trim-1.2.9.tgz. Extracting by manifest.
167 silly tarball no local data for string-width@https://registry.npmjs.org/string-width/-/string-width-4.2.3.tgz. Extracting by manifest.
168 silly tarball no local data for string_decoder@https://registry.npmjs.org/string_decoder/-/string_decoder-1.3.0.tgz. Extracting by manifest.
169 silly tarball no local data for statuses@https://registry.npmjs.org/statuses/-/statuses-2.0.1.tgz. Extracting by manifest.
170 silly tarball no local data for string-width-cjs@https://registry.npmjs.org/string-width/-/string-width-4.2.3.tgz. Extracting by manifest.
171 silly tarball no local data for string-length@https://registry.npmjs.org/string-length/-/string-length-4.0.2.tgz. Extracting by manifest.
172 silly tarball no local data for stack-utils@https://registry.npmjs.org/stack-utils/-/stack-utils-2.0.6.tgz. Extracting by manifest.
173 silly tarball no local data for stack-trace@https://registry.npmjs.org/stack-trace/-/stack-trace-0.0.10.tgz. Extracting by manifest.
174 silly tarball no local data for split2@https://registry.npmjs.org/split2/-/split2-3.2.2.tgz. Extracting by manifest.
175 silly tarball no local data for ssri@https://registry.npmjs.org/ssri/-/ssri-10.0.5.tgz. Extracting by manifest.
176 silly tarball no local data for spdx-license-ids@https://registry.npmjs.org/spdx-license-ids/-/spdx-license-ids-3.0.17.tgz. Extracting by manifest.
177 silly tarball no local data for sqlite3@https://registry.npmjs.org/sqlite3/-/sqlite3-5.1.7.tgz. Extracting by manifest.
178 silly tarball no local data for sprintf-js@https://registry.npmjs.org/sprintf-js/-/sprintf-js-1.0.3.tgz. Extracting by manifest.
179 silly tarball no local data for spdx-expression-parse@https://registry.npmjs.org/spdx-expression-parse/-/spdx-expression-parse-3.0.1.tgz. Extracting by manifest.
180 silly tarball no local data for spawn-command@https://registry.npmjs.org/spawn-command/-/spawn-command-0.0.2.tgz. Extracting by manifest.
181 silly tarball no local data for spdx-correct@https://registry.npmjs.org/spdx-correct/-/spdx-correct-3.2.0.tgz. Extracting by manifest.
182 silly tarball no local data for spdx-exceptions@https://registry.npmjs.org/spdx-exceptions/-/spdx-exceptions-2.5.0.tgz. Extracting by manifest.
183 silly tarball no local data for spawn-please@https://registry.npmjs.org/spawn-please/-/spawn-please-2.0.2.tgz. Extracting by manifest.
184 silly tarball no local data for source-map-support@https://registry.npmjs.org/source-map-support/-/source-map-support-0.5.13.tgz. Extracting by manifest.
185 silly tarball no local data for socks-proxy-agent@https://registry.npmjs.org/socks-proxy-agent/-/socks-proxy-agent-7.0.0.tgz. Extracting by manifest.
186 silly tarball no local data for source-map@https://registry.npmjs.org/source-map/-/source-map-0.6.1.tgz. Extracting by manifest.
187 silly tarball no local data for source-map-js@https://registry.npmjs.org/source-map-js/-/source-map-js-1.2.0.tgz. Extracting by manifest.
188 silly tarball no local data for sonic-boom@https://registry.npmjs.org/sonic-boom/-/sonic-boom-3.8.1.tgz. Extracting by manifest.
189 silly tarball no local data for slash@https://registry.npmjs.org/slash/-/slash-3.0.0.tgz. Extracting by manifest.
190 silly tarball no local data for sodium-native@https://registry.npmjs.org/sodium-native/-/sodium-native-4.1.1.tgz. Extracting by manifest.
191 silly tarball no local data for socks@https://registry.npmjs.org/socks/-/socks-2.7.0.tgz. Extracting by manifest.
192 silly tarball no local data for smart-buffer@https://registry.npmjs.org/smart-buffer/-/smart-buffer-4.2.0.tgz. Extracting by manifest.
193 silly tarball no local data for sisteransi@https://registry.npmjs.org/sisteransi/-/sisteransi-1.0.5.tgz. Extracting by manifest.
194 silly tarball no local data for simple-get@https://registry.npmjs.org/simple-get/-/simple-get-4.0.1.tgz. Extracting by manifest.
195 silly tarball no local data for simple-concat@https://registry.npmjs.org/simple-concat/-/simple-concat-1.0.1.tgz. Extracting by manifest.
196 silly tarball no local data for sigstore@https://registry.npmjs.org/sigstore/-/sigstore-1.9.0.tgz. Extracting by manifest.
197 silly tarball no local data for signal-exit@https://registry.npmjs.org/signal-exit/-/signal-exit-3.0.7.tgz. Extracting by manifest.
198 silly tarball no local data for shell-quote@https://registry.npmjs.org/shell-quote/-/shell-quote-1.8.1.tgz. Extracting by manifest.
199 silly tarball no local data for side-channel@https://registry.npmjs.org/side-channel/-/side-channel-1.0.6.tgz. Extracting by manifest.
200 silly tarball no local data for shebang-regex@https://registry.npmjs.org/shebang-regex/-/shebang-regex-3.0.0.tgz. Extracting by manifest.
201 silly tarball no local data for shebang-command@https://registry.npmjs.org/shebang-command/-/shebang-command-2.0.0.tgz. Extracting by manifest.
202 silly tarball no local data for set-function-length@https://registry.npmjs.org/set-function-length/-/set-function-length-1.2.2.tgz. Extracting by manifest.
203 silly tarball no local data for set-cookie-parser@https://registry.npmjs.org/set-cookie-parser/-/set-cookie-parser-2.6.0.tgz. Extracting by manifest.
204 silly tarball no local data for set-blocking@https://registry.npmjs.org/set-blocking/-/set-blocking-2.0.0.tgz. Extracting by manifest.
205 silly tarball no local data for shallow-clone@https://registry.npmjs.org/shallow-clone/-/shallow-clone-3.0.1.tgz. Extracting by manifest.
206 silly tarball no local data for set-function-name@https://registry.npmjs.org/set-function-name/-/set-function-name-2.0.2.tgz. Extracting by manifest.
207 silly tarball no local data for setprototypeof@https://registry.npmjs.org/setprototypeof/-/setprototypeof-1.2.0.tgz. Extracting by manifest.
208 silly tarball no local data for serialize-javascript@https://registry.npmjs.org/serialize-javascript/-/serialize-javascript-6.0.2.tgz. Extracting by manifest.
209 silly tarball no local data for sequelize-pool@https://registry.npmjs.org/sequelize-pool/-/sequelize-pool-7.1.0.tgz. Extracting by manifest.
210 silly tarball no local data for sequelize-cli@https://registry.npmjs.org/sequelize-cli/-/sequelize-cli-6.6.2.tgz. Extracting by manifest.
211 silly tarball no local data for strip-bom@https://registry.npmjs.org/strip-bom/-/strip-bom-4.0.0.tgz. Extracting by manifest.
212 silly tarball no local data for semver-utils@https://registry.npmjs.org/semver-utils/-/semver-utils-1.1.4.tgz. Extracting by manifest.
213 silly tarball no local data for schema-utils@https://registry.npmjs.org/schema-utils/-/schema-utils-4.0.0.tgz. Extracting by manifest.
214 silly tarball no local data for safer-buffer@https://registry.npmjs.org/safer-buffer/-/safer-buffer-2.1.2.tgz. Extracting by manifest.
215 silly tarball no local data for safe-stable-stringify@https://registry.npmjs.org/safe-stable-stringify/-/safe-stable-stringify-2.4.3.tgz. Extracting by manifest.
216 silly tarball no local data for safe-regex2@https://registry.npmjs.org/safe-regex2/-/safe-regex2-2.0.0.tgz. Extracting by manifest.
217 silly tarball no local data for semver@https://registry.npmjs.org/semver/-/semver-7.6.0.tgz. Extracting by manifest.
218 silly tarball no local data for safe-array-concat@https://registry.npmjs.org/safe-array-concat/-/safe-array-concat-1.1.2.tgz. Extracting by manifest.
219 silly tarball no local data for rxjs@https://registry.npmjs.org/rxjs/-/rxjs-7.8.1.tgz. Extracting by manifest.
220 silly tarball no local data for secure-json-parse@https://registry.npmjs.org/secure-json-parse/-/secure-json-parse-2.7.0.tgz. Extracting by manifest.
221 silly tarball no local data for safe-buffer@https://registry.npmjs.org/safe-buffer/-/safe-buffer-5.2.1.tgz. Extracting by manifest.
222 silly tarball no local data for safe-regex-test@https://registry.npmjs.org/safe-regex-test/-/safe-regex-test-1.0.3.tgz. Extracting by manifest.
223 silly tarball no local data for semver-diff@https://registry.npmjs.org/semver-diff/-/semver-diff-4.0.0.tgz. Extracting by manifest.
224 silly tarball no local data for reusify@https://registry.npmjs.org/reusify/-/reusify-1.0.4.tgz. Extracting by manifest.
225 silly tarball no local data for retry-as-promised@https://registry.npmjs.org/retry-as-promised/-/retry-as-promised-7.0.4.tgz. Extracting by manifest.
226 silly tarball no local data for retry@https://registry.npmjs.org/retry/-/retry-0.12.0.tgz. Extracting by manifest.
227 silly tarball no local data for ret@https://registry.npmjs.org/ret/-/ret-0.2.2.tgz. Extracting by manifest.
228 silly tarball no local data for rimraf@https://registry.npmjs.org/rimraf/-/rimraf-3.0.2.tgz. Extracting by manifest.
229 silly tarball no local data for rfdc@https://registry.npmjs.org/rfdc/-/rfdc-1.3.1.tgz. Extracting by manifest.
230 silly tarball no local data for responselike@https://registry.npmjs.org/responselike/-/responselike-2.0.1.tgz. Extracting by manifest.
231 silly tarball no local data for run-parallel@https://registry.npmjs.org/run-parallel/-/run-parallel-1.2.0.tgz. Extracting by manifest.
232 silly tarball no local data for resolve-alpn@https://registry.npmjs.org/resolve-alpn/-/resolve-alpn-1.2.1.tgz. Extracting by manifest.
233 silly tarball no local data for resolve@https://registry.npmjs.org/resolve/-/resolve-1.22.8.tgz. Extracting by manifest.
234 silly tarball no local data for require-directory@https://registry.npmjs.org/require-directory/-/require-directory-2.1.1.tgz. Extracting by manifest.
235 silly tarball no local data for require-from-string@https://registry.npmjs.org/require-from-string/-/require-from-string-2.0.2.tgz. Extracting by manifest.
236 silly tarball no local data for resolve.exports@https://registry.npmjs.org/resolve.exports/-/resolve.exports-2.0.2.tgz. Extracting by manifest.
237 silly tarball no local data for resolve-from@https://registry.npmjs.org/resolve-from/-/resolve-from-5.0.0.tgz. Extracting by manifest.
238 silly tarball no local data for remote-git-tags@https://registry.npmjs.org/remote-git-tags/-/remote-git-tags-3.0.0.tgz. Extracting by manifest.
239 silly tarball no local data for registry-url@https://registry.npmjs.org/registry-url/-/registry-url-6.0.1.tgz. Extracting by manifest.
240 silly tarball no local data for resolve-cwd@https://registry.npmjs.org/resolve-cwd/-/resolve-cwd-3.0.0.tgz. Extracting by manifest.
241 silly tarball no local data for registry-auth-token@https://registry.npmjs.org/registry-auth-token/-/registry-auth-token-5.0.1.tgz. Extracting by manifest.
242 silly tarball no local data for rechoir@https://registry.npmjs.org/rechoir/-/rechoir-0.8.0.tgz. Extracting by manifest.
243 silly tarball no local data for readdirp@https://registry.npmjs.org/readdirp/-/readdirp-3.6.0.tgz. Extracting by manifest.
244 silly tarball no local data for readable-stream@https://registry.npmjs.org/readable-stream/-/readable-stream-3.6.2.tgz. Extracting by manifest.
245 silly tarball no local data for regenerator-runtime@https://registry.npmjs.org/regenerator-runtime/-/regenerator-runtime-0.14.1.tgz. Extracting by manifest.
246 silly tarball no local data for react-is@https://registry.npmjs.org/react-is/-/react-is-18.2.0.tgz. Extracting by manifest.
247 silly tarball no local data for regexp.prototype.flags@https://registry.npmjs.org/regexp.prototype.flags/-/regexp.prototype.flags-1.5.2.tgz. Extracting by manifest.
248 silly tarball no local data for rc-config-loader@https://registry.npmjs.org/rc-config-loader/-/rc-config-loader-4.1.3.tgz. Extracting by manifest.
249 silly tarball no local data for rc@https://registry.npmjs.org/rc/-/rc-1.2.8.tgz. Extracting by manifest.
250 silly tarball no local data for quick-lru@https://registry.npmjs.org/quick-lru/-/quick-lru-5.1.1.tgz. Extracting by manifest.
251 silly tarball no local data for real-require@https://registry.npmjs.org/real-require/-/real-require-0.2.0.tgz. Extracting by manifest.
252 silly tarball no local data for randombytes@https://registry.npmjs.org/randombytes/-/randombytes-2.1.0.tgz. Extracting by manifest.
253 silly tarball no local data for read-package-json-fast@https://registry.npmjs.org/read-package-json-fast/-/read-package-json-fast-3.0.2.tgz. Extracting by manifest.
254 silly tarball no local data for read-package-json@https://registry.npmjs.org/read-package-json/-/read-package-json-6.0.4.tgz. Extracting by manifest.
255 silly tarball no local data for quick-format-unescaped@https://registry.npmjs.org/quick-format-unescaped/-/quick-format-unescaped-4.0.4.tgz. Extracting by manifest.
256 silly tarball no local data for pupa@https://registry.npmjs.org/pupa/-/pupa-3.1.0.tgz. Extracting by manifest.
257 silly tarball no local data for qs@https://registry.npmjs.org/qs/-/qs-6.12.1.tgz. Extracting by manifest.
258 silly tarball no local data for pure-rand@https://registry.npmjs.org/pure-rand/-/pure-rand-6.1.0.tgz. Extracting by manifest.
259 silly tarball no local data for punycode@https://registry.npmjs.org/punycode/-/punycode-2.1.1.tgz. Extracting by manifest.
260 silly tarball no local data for pump@https://registry.npmjs.org/pump/-/pump-3.0.0.tgz. Extracting by manifest.
261 silly tarball no local data for queue-microtask@https://registry.npmjs.org/queue-microtask/-/queue-microtask-1.2.3.tgz. Extracting by manifest.
262 silly tarball no local data for pug-walk@https://registry.npmjs.org/pug-walk/-/pug-walk-2.0.0.tgz. Extracting by manifest.
263 silly tarball no local data for sequelize@https://registry.npmjs.org/sequelize/-/sequelize-6.37.3.tgz. Extracting by manifest.
264 silly tarball no local data for pug-linker@https://registry.npmjs.org/pug-linker/-/pug-linker-4.0.0.tgz. Extracting by manifest.
265 silly tarball no local data for pug-filters@https://registry.npmjs.org/pug-filters/-/pug-filters-4.0.0.tgz. Extracting by manifest.
266 silly tarball no local data for pug-runtime@https://registry.npmjs.org/pug-runtime/-/pug-runtime-3.0.1.tgz. Extracting by manifest.
267 silly tarball no local data for pug-load@https://registry.npmjs.org/pug-load/-/pug-load-3.0.0.tgz. Extracting by manifest.
268 silly tarball no local data for pug-error@https://registry.npmjs.org/pug-error/-/pug-error-2.0.0.tgz. Extracting by manifest.
269 silly tarball no local data for pug-parser@https://registry.npmjs.org/pug-parser/-/pug-parser-6.0.0.tgz. Extracting by manifest.
270 silly tarball no local data for proxy-addr@https://registry.npmjs.org/proxy-addr/-/proxy-addr-2.0.7.tgz. Extracting by manifest.
271 silly tarball no local data for prompts-ncu@https://registry.npmjs.org/prompts-ncu/-/prompts-ncu-3.0.0.tgz. Extracting by manifest.
272 silly tarball no local data for proto-list@https://registry.npmjs.org/proto-list/-/proto-list-1.2.4.tgz. Extracting by manifest.
273 silly tarball no local data for prompts@https://registry.npmjs.org/prompts/-/prompts-2.4.2.tgz. Extracting by manifest.
274 silly tarball no local data for pug-attrs@https://registry.npmjs.org/pug-attrs/-/pug-attrs-3.0.0.tgz. Extracting by manifest.
275 silly tarball no local data for pug-code-gen@https://registry.npmjs.org/pug-code-gen/-/pug-code-gen-3.0.2.tgz. Extracting by manifest.
276 silly tarball no local data for pug-strip-comments@https://registry.npmjs.org/pug-strip-comments/-/pug-strip-comments-2.0.0.tgz. Extracting by manifest.
277 silly tarball no local data for pug@https://registry.npmjs.org/pug/-/pug-3.0.2.tgz. Extracting by manifest.
278 silly tarball no local data for pug-lexer@https://registry.npmjs.org/pug-lexer/-/pug-lexer-5.0.1.tgz. Extracting by manifest.
279 silly tarball no local data for process-warning@https://registry.npmjs.org/process-warning/-/process-warning-3.0.0.tgz. Extracting by manifest.
280 silly tarball no local data for progress@https://registry.npmjs.org/progress/-/progress-2.0.3.tgz. Extracting by manifest.
281 silly tarball no local data for promise-retry@https://registry.npmjs.org/promise-retry/-/promise-retry-2.0.1.tgz. Extracting by manifest.
282 silly tarball no local data for promise@https://registry.npmjs.org/promise/-/promise-7.3.1.tgz. Extracting by manifest.
283 silly tarball no local data for prelude-ls@https://registry.npmjs.org/prelude-ls/-/prelude-ls-1.2.1.tgz. Extracting by manifest.
284 silly tarball no local data for promise-inflight@https://registry.npmjs.org/promise-inflight/-/promise-inflight-1.0.1.tgz. Extracting by manifest.
285 silly tarball no local data for pretty-format@https://registry.npmjs.org/pretty-format/-/pretty-format-29.7.0.tgz. Extracting by manifest.
286 silly tarball no local data for process@https://registry.npmjs.org/process/-/process-0.11.10.tgz. Extracting by manifest.
287 silly tarball no local data for postgres-bytea@https://registry.npmjs.org/postgres-bytea/-/postgres-bytea-1.0.0.tgz. Extracting by manifest.
288 silly tarball no local data for postgres-interval@https://registry.npmjs.org/postgres-interval/-/postgres-interval-1.2.0.tgz. Extracting by manifest.
289 silly tarball no local data for prebuild-install@https://registry.npmjs.org/prebuild-install/-/prebuild-install-7.1.2.tgz. Extracting by manifest.
290 silly tarball no local data for postgres-array@https://registry.npmjs.org/postgres-array/-/postgres-array-2.0.0.tgz. Extracting by manifest.
291 silly tarball no local data for postgres-date@https://registry.npmjs.org/postgres-date/-/postgres-date-1.0.7.tgz. Extracting by manifest.
292 silly tarball no local data for postcss-selector-parser@https://registry.npmjs.org/postcss-selector-parser/-/postcss-selector-parser-6.0.16.tgz. Extracting by manifest.
293 silly tarball no local data for postcss-value-parser@https://registry.npmjs.org/postcss-value-parser/-/postcss-value-parser-4.2.0.tgz. Extracting by manifest.
294 silly tarball no local data for postcss-modules-values@https://registry.npmjs.org/postcss-modules-values/-/postcss-modules-values-4.0.0.tgz. Extracting by manifest.
295 silly tarball no local data for possible-typed-array-names@https://registry.npmjs.org/possible-typed-array-names/-/possible-typed-array-names-1.0.0.tgz. Extracting by manifest.
296 silly tarball no local data for postcss@https://registry.npmjs.org/postcss/-/postcss-8.4.38.tgz. Extracting by manifest.
297 silly tarball no local data for postcss-modules-scope@https://registry.npmjs.org/postcss-modules-scope/-/postcss-modules-scope-3.2.0.tgz. Extracting by manifest.
298 silly tarball no local data for postcss-modules-local-by-default@https://registry.npmjs.org/postcss-modules-local-by-default/-/postcss-modules-local-by-default-4.0.5.tgz. Extracting by manifest.
299 silly tarball no local data for pirates@https://registry.npmjs.org/pirates/-/pirates-4.0.6.tgz. Extracting by manifest.
300 silly tarball no local data for postcss-modules-extract-imports@https://registry.npmjs.org/postcss-modules-extract-imports/-/postcss-modules-extract-imports-3.1.0.tgz. Extracting by manifest.
301 silly tarball no local data for pino-pretty@https://registry.npmjs.org/pino-pretty/-/pino-pretty-11.0.0.tgz. Extracting by manifest.
302 silly tarball no local data for pino-abstract-transport@https://registry.npmjs.org/pino-abstract-transport/-/pino-abstract-transport-1.2.0.tgz. Extracting by manifest.
303 silly tarball no local data for pino@https://registry.npmjs.org/pino/-/pino-8.20.0.tgz. Extracting by manifest.
304 silly tarball no local data for pkg-up@https://registry.npmjs.org/pkg-up/-/pkg-up-3.1.0.tgz. Extracting by manifest.
305 silly tarball no local data for picocolors@https://registry.npmjs.org/picocolors/-/picocolors-1.0.0.tgz. Extracting by manifest.
306 silly tarball no local data for pkg-dir@https://registry.npmjs.org/pkg-dir/-/pkg-dir-4.2.0.tgz. Extracting by manifest.
307 silly tarball no local data for pgpass@https://registry.npmjs.org/pgpass/-/pgpass-1.0.5.tgz. Extracting by manifest.
308 silly tarball no local data for pino-std-serializers@https://registry.npmjs.org/pino-std-serializers/-/pino-std-serializers-6.2.2.tgz. Extracting by manifest.
309 silly tarball no local data for picomatch@https://registry.npmjs.org/picomatch/-/picomatch-2.3.1.tgz. Extracting by manifest.
310 silly tarball no local data for pg-pool@https://registry.npmjs.org/pg-pool/-/pg-pool-3.6.2.tgz. Extracting by manifest.
311 silly tarball no local data for pg-types@https://registry.npmjs.org/pg-types/-/pg-types-2.2.0.tgz. Extracting by manifest.
312 silly tarball no local data for pg-protocol@https://registry.npmjs.org/pg-protocol/-/pg-protocol-1.6.1.tgz. Extracting by manifest.
313 silly tarball no local data for pg-cloudflare@https://registry.npmjs.org/pg-cloudflare/-/pg-cloudflare-1.1.1.tgz. Extracting by manifest.
314 silly tarball no local data for pg-int8@https://registry.npmjs.org/pg-int8/-/pg-int8-1.0.1.tgz. Extracting by manifest.
315 silly tarball no local data for path-type@https://registry.npmjs.org/path-type/-/path-type-4.0.0.tgz. Extracting by manifest.
316 silly tarball no local data for path-to-regexp@https://registry.npmjs.org/path-to-regexp/-/path-to-regexp-6.2.1.tgz. Extracting by manifest.
317 silly tarball no local data for pg-connection-string@https://registry.npmjs.org/pg-connection-string/-/pg-connection-string-2.6.2.tgz. Extracting by manifest.
318 silly tarball no local data for path-key@https://registry.npmjs.org/path-key/-/path-key-3.1.1.tgz. Extracting by manifest.
319 silly tarball no local data for path-exists@https://registry.npmjs.org/path-exists/-/path-exists-4.0.0.tgz. Extracting by manifest.
320 silly tarball no local data for path-is-absolute@https://registry.npmjs.org/path-is-absolute/-/path-is-absolute-1.0.1.tgz. Extracting by manifest.
321 silly tarball no local data for pg@https://registry.npmjs.org/pg/-/pg-8.11.5.tgz. Extracting by manifest.
322 silly tarball no local data for parse-github-url@https://registry.npmjs.org/parse-github-url/-/parse-github-url-1.0.2.tgz. Extracting by manifest.
323 silly tarball no local data for path-scurry@https://registry.npmjs.org/path-scurry/-/path-scurry-1.10.2.tgz. Extracting by manifest.
324 silly tarball no local data for parent-module@https://registry.npmjs.org/parent-module/-/parent-module-1.0.1.tgz. Extracting by manifest.
325 silly tarball no local data for path-parse@https://registry.npmjs.org/path-parse/-/path-parse-1.0.7.tgz. Extracting by manifest.
326 silly tarball no local data for parse-json@https://registry.npmjs.org/parse-json/-/parse-json-5.2.0.tgz. Extracting by manifest.
327 silly tarball no local data for pacote@https://registry.npmjs.org/pacote/-/pacote-15.2.0.tgz. Extracting by manifest.
328 silly tarball no local data for p-locate@https://registry.npmjs.org/p-locate/-/p-locate-5.0.0.tgz. Extracting by manifest.
329 silly tarball no local data for package-json@https://registry.npmjs.org/package-json/-/package-json-8.1.0.tgz. Extracting by manifest.
330 silly tarball no local data for optionator@https://registry.npmjs.org/optionator/-/optionator-0.9.3.tgz. Extracting by manifest.
331 silly tarball no local data for proc-log@https://registry.npmjs.org/proc-log/-/proc-log-3.0.0.tgz. Extracting by manifest.
332 silly tarball no local data for p-try@https://registry.npmjs.org/p-try/-/p-try-2.2.0.tgz. Extracting by manifest.
333 silly tarball no local data for p-limit@https://registry.npmjs.org/p-limit/-/p-limit-3.1.0.tgz. Extracting by manifest.
334 silly tarball no local data for p-cancelable@https://registry.npmjs.org/p-cancelable/-/p-cancelable-3.0.0.tgz. Extracting by manifest.
335 silly tarball no local data for once@https://registry.npmjs.org/once/-/once-1.4.0.tgz. Extracting by manifest.
336 silly tarball no local data for object.values@https://registry.npmjs.org/object.values/-/object.values-1.2.0.tgz. Extracting by manifest.
337 silly tarball no local data for objection-unique@https://registry.npmjs.org/objection-unique/-/objection-unique-1.2.2.tgz. Extracting by manifest.
338 silly tarball no local data for objection@https://registry.npmjs.org/objection/-/objection-3.1.4.tgz. Extracting by manifest.
339 silly tarball no local data for onetime@https://registry.npmjs.org/onetime/-/onetime-5.1.2.tgz. Extracting by manifest.
340 silly tarball no local data for on-exit-leak-free@https://registry.npmjs.org/on-exit-leak-free/-/on-exit-leak-free-2.1.2.tgz. Extracting by manifest.
341 silly tarball no local data for object.groupby@https://registry.npmjs.org/object.groupby/-/object.groupby-1.0.3.tgz. Extracting by manifest.
342 silly tarball no local data for p-map@https://registry.npmjs.org/p-map/-/p-map-4.0.0.tgz. Extracting by manifest.
343 silly tarball no local data for object.entries@https://registry.npmjs.org/object.entries/-/object.entries-1.1.8.tgz. Extracting by manifest.
344 silly tarball no local data for object.fromentries@https://registry.npmjs.org/object.fromentries/-/object.fromentries-2.0.8.tgz. Extracting by manifest.
345 silly tarball no local data for object-keys@https://registry.npmjs.org/object-keys/-/object-keys-1.1.1.tgz. Extracting by manifest.
346 silly tarball no local data for object-inspect@https://registry.npmjs.org/object-inspect/-/object-inspect-1.13.1.tgz. Extracting by manifest.
347 silly tarball no local data for npm-registry-fetch@https://registry.npmjs.org/npm-registry-fetch/-/npm-registry-fetch-14.0.5.tgz. Extracting by manifest.
348 silly tarball no local data for object-assign@https://registry.npmjs.org/object-assign/-/object-assign-4.1.1.tgz. Extracting by manifest.
349 silly tarball no local data for npm-pick-manifest@https://registry.npmjs.org/npm-pick-manifest/-/npm-pick-manifest-8.0.2.tgz. Extracting by manifest.
350 silly tarball no local data for npm-run-path@https://registry.npmjs.org/npm-run-path/-/npm-run-path-4.0.1.tgz. Extracting by manifest.
351 silly tarball no local data for npmlog@https://registry.npmjs.org/npmlog/-/npmlog-6.0.2.tgz. Extracting by manifest.
352 silly tarball no local data for npm-packlist@https://registry.npmjs.org/npm-packlist/-/npm-packlist-7.0.4.tgz. Extracting by manifest.
353 silly tarball no local data for npm-check-updates@https://registry.npmjs.org/npm-check-updates/-/npm-check-updates-16.14.18.tgz. Extracting by manifest.
354 silly tarball no local data for npm-bundled@https://registry.npmjs.org/npm-bundled/-/npm-bundled-3.0.0.tgz. Extracting by manifest.
355 silly tarball no local data for normalize-url@https://registry.npmjs.org/normalize-url/-/normalize-url-6.1.0.tgz. Extracting by manifest.
356 silly tarball no local data for normalize-package-data@https://registry.npmjs.org/normalize-package-data/-/normalize-package-data-5.0.0.tgz. Extracting by manifest.
357 silly tarball no local data for npm-package-arg@https://registry.npmjs.org/npm-package-arg/-/npm-package-arg-10.1.0.tgz. Extracting by manifest.
358 silly tarball no local data for npm-normalize-package-bin@https://registry.npmjs.org/npm-normalize-package-bin/-/npm-normalize-package-bin-3.0.1.tgz. Extracting by manifest.
359 silly tarball no local data for npm-install-checks@https://registry.npmjs.org/npm-install-checks/-/npm-install-checks-6.3.0.tgz. Extracting by manifest.
360 silly tarball no local data for normalize-path@https://registry.npmjs.org/normalize-path/-/normalize-path-3.0.0.tgz. Extracting by manifest.
361 silly tarball no local data for nopt@https://registry.npmjs.org/nopt/-/nopt-5.0.0.tgz. Extracting by manifest.
362 silly tarball no local data for node-int64@https://registry.npmjs.org/node-int64/-/node-int64-0.4.0.tgz. Extracting by manifest.
363 silly tarball no local data for node-releases@https://registry.npmjs.org/node-releases/-/node-releases-2.0.14.tgz. Extracting by manifest.
364 silly tarball no local data for node-gyp-build@https://registry.npmjs.org/node-gyp-build/-/node-gyp-build-4.8.0.tgz. Extracting by manifest.
365 silly tarball no local data for node-gyp@https://registry.npmjs.org/node-gyp/-/node-gyp-9.4.1.tgz. Extracting by manifest.
366 silly tarball no local data for neo-async@https://registry.npmjs.org/neo-async/-/neo-async-2.6.2.tgz. Extracting by manifest.
367 silly tarball no local data for napi-build-utils@https://registry.npmjs.org/napi-build-utils/-/napi-build-utils-1.0.2.tgz. Extracting by manifest.
368 silly tarball no local data for node-addon-api@https://registry.npmjs.org/node-addon-api/-/node-addon-api-4.3.0.tgz. Extracting by manifest.
369 silly tarball no local data for node-abi@https://registry.npmjs.org/node-abi/-/node-abi-3.60.0.tgz. Extracting by manifest.
370 silly tarball no local data for next-tick@https://registry.npmjs.org/next-tick/-/next-tick-1.1.0.tgz. Extracting by manifest.
371 silly tarball no local data for mustache@https://registry.npmjs.org/mustache/-/mustache-4.2.0.tgz. Extracting by manifest.
372 silly tarball no local data for moment-timezone@https://registry.npmjs.org/moment-timezone/-/moment-timezone-0.5.45.tgz. Extracting by manifest.
373 silly tarball no local data for ms@https://registry.npmjs.org/ms/-/ms-2.1.3.tgz. Extracting by manifest.
374 silly tarball no local data for natural-compare@https://registry.npmjs.org/natural-compare/-/natural-compare-1.4.0.tgz. Extracting by manifest.
375 silly tarball no local data for mkdirp-classic@https://registry.npmjs.org/mkdirp-classic/-/mkdirp-classic-0.5.3.tgz. Extracting by manifest.
376 silly tarball no local data for object.assign@https://registry.npmjs.org/object.assign/-/object.assign-4.1.5.tgz. Extracting by manifest.
377 silly tarball no local data for moment@https://registry.npmjs.org/moment/-/moment-2.30.1.tgz. Extracting by manifest.
378 silly tarball no local data for nanoid@https://registry.npmjs.org/nanoid/-/nanoid-3.3.7.tgz. Extracting by manifest.
379 silly tarball no local data for negotiator@https://registry.npmjs.org/negotiator/-/negotiator-0.6.3.tgz. Extracting by manifest.
380 silly tarball no local data for minipass-sized@https://registry.npmjs.org/minipass-sized/-/minipass-sized-1.0.3.tgz. Extracting by manifest.
381 silly tarball no local data for minizlib@https://registry.npmjs.org/minizlib/-/minizlib-2.1.2.tgz. Extracting by manifest.
382 silly tarball no local data for minipass-pipeline@https://registry.npmjs.org/minipass-pipeline/-/minipass-pipeline-1.2.4.tgz. Extracting by manifest.
383 silly tarball no local data for minipass@https://registry.npmjs.org/minipass/-/minipass-3.3.4.tgz. Extracting by manifest.
384 silly tarball no local data for minipass-collect@https://registry.npmjs.org/minipass-collect/-/minipass-collect-1.0.2.tgz. Extracting by manifest.
385 silly tarball no local data for minimist@https://registry.npmjs.org/minimist/-/minimist-1.2.6.tgz. Extracting by manifest.
386 silly tarball no local data for minipass-json-stream@https://registry.npmjs.org/minipass-json-stream/-/minipass-json-stream-1.0.1.tgz. Extracting by manifest.
387 silly tarball no local data for mkdirp@https://registry.npmjs.org/mkdirp/-/mkdirp-1.0.4.tgz. Extracting by manifest.
388 silly tarball no local data for mimic-response@https://registry.npmjs.org/mimic-response/-/mimic-response-1.0.1.tgz. Extracting by manifest.
389 silly tarball no local data for mimic-fn@https://registry.npmjs.org/mimic-fn/-/mimic-fn-2.1.0.tgz. Extracting by manifest.
390 silly tarball no local data for mime-types@https://registry.npmjs.org/mime-types/-/mime-types-2.1.35.tgz. Extracting by manifest.
391 silly tarball no local data for mime-db@https://registry.npmjs.org/mime-db/-/mime-db-1.52.0.tgz. Extracting by manifest.
392 silly tarball no local data for minipass-flush@https://registry.npmjs.org/minipass-flush/-/minipass-flush-1.0.5.tgz. Extracting by manifest.
393 silly tarball no local data for mime@https://registry.npmjs.org/mime/-/mime-3.0.0.tgz. Extracting by manifest.
394 silly tarball no local data for minipass-fetch@https://registry.npmjs.org/minipass-fetch/-/minipass-fetch-3.0.4.tgz. Extracting by manifest.
395 silly tarball no local data for merge2@https://registry.npmjs.org/merge2/-/merge2-1.4.1.tgz. Extracting by manifest.
396 silly tarball no local data for memoizee@https://registry.npmjs.org/memoizee/-/memoizee-0.4.15.tgz. Extracting by manifest.
397 silly tarball no local data for minimatch@https://registry.npmjs.org/minimatch/-/minimatch-3.1.2.tgz. Extracting by manifest.
398 silly tarball no local data for micromatch@https://registry.npmjs.org/micromatch/-/micromatch-4.0.5.tgz. Extracting by manifest.
399 silly tarball no local data for makeerror@https://registry.npmjs.org/makeerror/-/makeerror-1.0.12.tgz. Extracting by manifest.
400 silly tarball no local data for merge-stream@https://registry.npmjs.org/merge-stream/-/merge-stream-2.0.0.tgz. Extracting by manifest.
401 silly tarball no local data for make-promises-safe@https://registry.npmjs.org/make-promises-safe/-/make-promises-safe-5.1.0.tgz. Extracting by manifest.
402 silly tarball no local data for make-fetch-happen@https://registry.npmjs.org/make-fetch-happen/-/make-fetch-happen-11.1.1.tgz. Extracting by manifest.
403 silly tarball no local data for make-dir@https://registry.npmjs.org/make-dir/-/make-dir-4.0.0.tgz. Extracting by manifest.
404 silly tarball no local data for mini-css-extract-plugin@https://registry.npmjs.org/mini-css-extract-plugin/-/mini-css-extract-plugin-2.9.0.tgz. Extracting by manifest.
405 silly tarball no local data for media-typer@https://registry.npmjs.org/media-typer/-/media-typer-0.3.0.tgz. Extracting by manifest.
406 silly tarball no local data for mdurl@https://registry.npmjs.org/mdurl/-/mdurl-1.0.1.tgz. Extracting by manifest.
407 silly tarball no local data for markdown-it@https://registry.npmjs.org/markdown-it/-/markdown-it-13.0.2.tgz. Extracting by manifest.
408 silly tarball no local data for lodash.castarray@https://registry.npmjs.org/lodash.castarray/-/lodash.castarray-4.4.0.tgz. Extracting by manifest.
409 silly tarball no local data for lru-queue@https://registry.npmjs.org/lru-queue/-/lru-queue-0.1.0.tgz. Extracting by manifest.
410 silly tarball no local data for lodash.merge@https://registry.npmjs.org/lodash.merge/-/lodash.merge-4.6.2.tgz. Extracting by manifest.
411 silly tarball no local data for lodash@https://registry.npmjs.org/lodash/-/lodash-4.17.21.tgz. Extracting by manifest.
412 silly tarball no local data for locate-path@https://registry.npmjs.org/locate-path/-/locate-path-6.0.0.tgz. Extracting by manifest.
413 silly tarball no local data for lowercase-keys@https://registry.npmjs.org/lowercase-keys/-/lowercase-keys-3.0.0.tgz. Extracting by manifest.
414 silly tarball no local data for lru-cache@https://registry.npmjs.org/lru-cache/-/lru-cache-5.1.1.tgz. Extracting by manifest.
415 silly tarball no local data for lines-and-columns@https://registry.npmjs.org/lines-and-columns/-/lines-and-columns-1.2.4.tgz. Extracting by manifest.
416 silly tarball no local data for levn@https://registry.npmjs.org/levn/-/levn-0.4.1.tgz. Extracting by manifest.
417 silly tarball no local data for light-my-request@https://registry.npmjs.org/light-my-request/-/light-my-request-5.13.0.tgz. Extracting by manifest.
418 silly tarball no local data for leven@https://registry.npmjs.org/leven/-/leven-3.1.0.tgz. Extracting by manifest.
419 silly tarball no local data for knex@https://registry.npmjs.org/knex/-/knex-3.1.0.tgz. Extracting by manifest.
420 silly tarball no local data for loader-runner@https://registry.npmjs.org/loader-runner/-/loader-runner-4.3.0.tgz. Extracting by manifest.
421 silly tarball no local data for kleur@https://registry.npmjs.org/kleur/-/kleur-3.0.3.tgz. Extracting by manifest.
422 silly tarball no local data for lodash.compact@https://registry.npmjs.org/lodash.compact/-/lodash.compact-3.0.1.tgz. Extracting by manifest.
423 silly tarball no local data for jstransformer-markdown-it@https://registry.npmjs.org/jstransformer-markdown-it/-/jstransformer-markdown-it-3.0.0.tgz. Extracting by manifest.
424 silly tarball no local data for keyv@https://registry.npmjs.org/keyv/-/keyv-4.5.4.tgz. Extracting by manifest.
425 silly tarball no local data for linkify-it@https://registry.npmjs.org/linkify-it/-/linkify-it-4.0.1.tgz. Extracting by manifest.
426 silly tarball no local data for jsonparse@https://registry.npmjs.org/jsonparse/-/jsonparse-1.3.1.tgz. Extracting by manifest.
427 silly tarball no local data for jsonlines@https://registry.npmjs.org/jsonlines/-/jsonlines-0.1.1.tgz. Extracting by manifest.
428 silly tarball no local data for jstransformer@https://registry.npmjs.org/jstransformer/-/jstransformer-1.0.0.tgz. Extracting by manifest.
429 silly tarball no local data for json-stable-stringify-without-jsonify@https://registry.npmjs.org/json-stable-stringify-without-jsonify/-/json-stable-stringify-without-jsonify-1.0.1.tgz. Extracting by manifest.
430 silly tarball no local data for lodash.isempty@https://registry.npmjs.org/lodash.isempty/-/lodash.isempty-4.4.0.tgz. Extracting by manifest.
431 silly tarball no local data for json5@https://registry.npmjs.org/json5/-/json5-2.2.3.tgz. Extracting by manifest.
432 silly tarball no local data for latest-version@https://registry.npmjs.org/latest-version/-/latest-version-7.0.0.tgz. Extracting by manifest.
433 silly tarball no local data for jsonfile@https://registry.npmjs.org/jsonfile/-/jsonfile-6.1.0.tgz. Extracting by manifest.
434 silly tarball no local data for json-schema-traverse@https://registry.npmjs.org/json-schema-traverse/-/json-schema-traverse-0.4.1.tgz. Extracting by manifest.
435 silly tarball no local data for kind-of@https://registry.npmjs.org/kind-of/-/kind-of-6.0.3.tgz. Extracting by manifest.
436 silly tarball no local data for json-parse-even-better-errors@https://registry.npmjs.org/json-parse-even-better-errors/-/json-parse-even-better-errors-2.3.1.tgz. Extracting by manifest.
437 silly tarball no local data for js-yaml@https://registry.npmjs.org/js-yaml/-/js-yaml-4.1.0.tgz. Extracting by manifest.
438 silly tarball no local data for json-schema-ref-resolver@https://registry.npmjs.org/json-schema-ref-resolver/-/json-schema-ref-resolver-1.0.1.tgz. Extracting by manifest.
439 silly tarball no local data for js-tokens@https://registry.npmjs.org/js-tokens/-/js-tokens-4.0.0.tgz. Extracting by manifest.
440 silly tarball no local data for jsesc@https://registry.npmjs.org/jsesc/-/jsesc-2.5.2.tgz. Extracting by manifest.
441 silly tarball no local data for joycon@https://registry.npmjs.org/joycon/-/joycon-3.1.1.tgz. Extracting by manifest.
442 silly tarball no local data for js-cookie@https://registry.npmjs.org/js-cookie/-/js-cookie-3.0.5.tgz. Extracting by manifest.
443 silly tarball no local data for js-stringify@https://registry.npmjs.org/js-stringify/-/js-stringify-1.0.2.tgz. Extracting by manifest.
444 silly tarball no local data for json-parse-helpfulerror@https://registry.npmjs.org/json-parse-helpfulerror/-/json-parse-helpfulerror-1.0.3.tgz. Extracting by manifest.
445 silly tarball no local data for json-buffer@https://registry.npmjs.org/json-buffer/-/json-buffer-3.0.1.tgz. Extracting by manifest.
446 silly tarball no local data for js-beautify@https://registry.npmjs.org/js-beautify/-/js-beautify-1.15.1.tgz. Extracting by manifest.
447 silly tarball no local data for jju@https://registry.npmjs.org/jju/-/jju-1.4.0.tgz. Extracting by manifest.
448 silly tarball no local data for jest-util@https://registry.npmjs.org/jest-util/-/jest-util-29.7.0.tgz. Extracting by manifest.
449 silly tarball no local data for jest-worker@https://registry.npmjs.org/jest-worker/-/jest-worker-29.7.0.tgz. Extracting by manifest.
450 silly tarball no local data for jest-watcher@https://registry.npmjs.org/jest-watcher/-/jest-watcher-29.7.0.tgz. Extracting by manifest.
451 silly tarball no local data for jest-runtime@https://registry.npmjs.org/jest-runtime/-/jest-runtime-29.7.0.tgz. Extracting by manifest.
452 silly tarball no local data for jest-resolve-dependencies@https://registry.npmjs.org/jest-resolve-dependencies/-/jest-resolve-dependencies-29.7.0.tgz. Extracting by manifest.
453 silly tarball no local data for jest-resolve@https://registry.npmjs.org/jest-resolve/-/jest-resolve-29.7.0.tgz. Extracting by manifest.
454 silly tarball no local data for jest-pnp-resolver@https://registry.npmjs.org/jest-pnp-resolver/-/jest-pnp-resolver-1.2.3.tgz. Extracting by manifest.
455 silly tarball no local data for jquery@https://registry.npmjs.org/jquery/-/jquery-3.7.1.tgz. Extracting by manifest.
456 silly tarball no local data for jest-leak-detector@https://registry.npmjs.org/jest-leak-detector/-/jest-leak-detector-29.7.0.tgz. Extracting by manifest.
457 silly tarball no local data for jest-validate@https://registry.npmjs.org/jest-validate/-/jest-validate-29.7.0.tgz. Extracting by manifest.
458 silly tarball no local data for jest-runner@https://registry.npmjs.org/jest-runner/-/jest-runner-29.7.0.tgz. Extracting by manifest.
459 silly tarball no local data for jest-matcher-utils@https://registry.npmjs.org/jest-matcher-utils/-/jest-matcher-utils-29.7.0.tgz. Extracting by manifest.
460 silly tarball no local data for jest-regex-util@https://registry.npmjs.org/jest-regex-util/-/jest-regex-util-29.6.3.tgz. Extracting by manifest.
461 silly tarball no local data for jest-message-util@https://registry.npmjs.org/jest-message-util/-/jest-message-util-29.7.0.tgz. Extracting by manifest.
462 silly tarball no local data for jest-docblock@https://registry.npmjs.org/jest-docblock/-/jest-docblock-29.7.0.tgz. Extracting by manifest.
463 silly tarball no local data for jest-mock@https://registry.npmjs.org/jest-mock/-/jest-mock-29.7.0.tgz. Extracting by manifest.
464 silly tarball no local data for jest-each@https://registry.npmjs.org/jest-each/-/jest-each-29.7.0.tgz. Extracting by manifest.
465 silly tarball no local data for jest-config@https://registry.npmjs.org/jest-config/-/jest-config-29.7.0.tgz. Extracting by manifest.
466 silly tarball no local data for jest-circus@https://registry.npmjs.org/jest-circus/-/jest-circus-29.7.0.tgz. Extracting by manifest.
467 silly tarball no local data for jest-diff@https://registry.npmjs.org/jest-diff/-/jest-diff-29.7.0.tgz. Extracting by manifest.
468 silly tarball no local data for jest-changed-files@https://registry.npmjs.org/jest-changed-files/-/jest-changed-files-29.7.0.tgz. Extracting by manifest.
469 silly tarball no local data for jest-haste-map@https://registry.npmjs.org/jest-haste-map/-/jest-haste-map-29.7.0.tgz. Extracting by manifest.
470 silly tarball no local data for jest@https://registry.npmjs.org/jest/-/jest-29.7.0.tgz. Extracting by manifest.
471 silly tarball no local data for jackspeak@https://registry.npmjs.org/jackspeak/-/jackspeak-2.3.6.tgz. Extracting by manifest.
472 silly tarball no local data for istanbul-reports@https://registry.npmjs.org/istanbul-reports/-/istanbul-reports-3.1.7.tgz. Extracting by manifest.
473 silly tarball no local data for istanbul-lib-report@https://registry.npmjs.org/istanbul-lib-report/-/istanbul-lib-report-3.0.1.tgz. Extracting by manifest.
474 silly tarball no local data for jest-snapshot@https://registry.npmjs.org/jest-snapshot/-/jest-snapshot-29.7.0.tgz. Extracting by manifest.
475 silly tarball no local data for jest-cli@https://registry.npmjs.org/jest-cli/-/jest-cli-29.7.0.tgz. Extracting by manifest.
476 silly tarball no local data for istanbul-lib-coverage@https://registry.npmjs.org/istanbul-lib-coverage/-/istanbul-lib-coverage-3.2.2.tgz. Extracting by manifest.
477 silly tarball no local data for jest-environment-node@https://registry.npmjs.org/jest-environment-node/-/jest-environment-node-29.7.0.tgz. Extracting by manifest.
478 silly tarball no local data for istanbul-lib-instrument@https://registry.npmjs.org/istanbul-lib-instrument/-/istanbul-lib-instrument-6.0.2.tgz. Extracting by manifest.
479 silly tarball no local data for isexe@https://registry.npmjs.org/isexe/-/isexe-2.0.0.tgz. Extracting by manifest.
480 silly tarball no local data for is-yarn-global@https://registry.npmjs.org/is-yarn-global/-/is-yarn-global-0.4.0.tgz. Extracting by manifest.
481 silly tarball no local data for isobject@https://registry.npmjs.org/isobject/-/isobject-3.0.1.tgz. Extracting by manifest.
482 silly tarball no local data for istanbul-lib-source-maps@https://registry.npmjs.org/istanbul-lib-source-maps/-/istanbul-lib-source-maps-4.0.1.tgz. Extracting by manifest.
483 silly tarball no local data for isbinaryfile@https://registry.npmjs.org/isbinaryfile/-/isbinaryfile-4.0.10.tgz. Extracting by manifest.
484 silly tarball no local data for isarray@https://registry.npmjs.org/isarray/-/isarray-2.0.5.tgz. Extracting by manifest.
485 silly tarball no local data for is-weakref@https://registry.npmjs.org/is-weakref/-/is-weakref-1.0.2.tgz. Extracting by manifest.
486 silly tarball no local data for is-string@https://registry.npmjs.org/is-string/-/is-string-1.0.7.tgz. Extracting by manifest.
487 silly tarball no local data for is-typedarray@https://registry.npmjs.org/is-typedarray/-/is-typedarray-1.0.0.tgz. Extracting by manifest.
488 silly tarball no local data for is-typed-array@https://registry.npmjs.org/is-typed-array/-/is-typed-array-1.1.13.tgz. Extracting by manifest.
489 silly tarball no local data for is-symbol@https://registry.npmjs.org/is-symbol/-/is-symbol-1.0.4.tgz. Extracting by manifest.
490 silly tarball no local data for is-stream@https://registry.npmjs.org/is-stream/-/is-stream-2.0.1.tgz. Extracting by manifest.
491 silly tarball no local data for is-shared-array-buffer@https://registry.npmjs.org/is-shared-array-buffer/-/is-shared-array-buffer-1.0.3.tgz. Extracting by manifest.
492 silly tarball no local data for is-promise@https://registry.npmjs.org/is-promise/-/is-promise-2.2.2.tgz. Extracting by manifest.
493 silly tarball no local data for is-regex@https://registry.npmjs.org/is-regex/-/is-regex-1.1.4.tgz. Extracting by manifest.
494 silly tarball no local data for jest-get-type@https://registry.npmjs.org/jest-get-type/-/jest-get-type-29.6.3.tgz. Extracting by manifest.
495 silly tarball no local data for is-plain-object@https://registry.npmjs.org/is-plain-object/-/is-plain-object-2.0.4.tgz. Extracting by manifest.
496 silly tarball no local data for is-obj@https://registry.npmjs.org/is-obj/-/is-obj-2.0.0.tgz. Extracting by manifest.
497 silly tarball no local data for is-negative-zero@https://registry.npmjs.org/is-negative-zero/-/is-negative-zero-2.0.3.tgz. Extracting by manifest.
498 silly tarball no local data for is-lambda@https://registry.npmjs.org/is-lambda/-/is-lambda-1.0.1.tgz. Extracting by manifest.
499 silly tarball no local data for is-number-object@https://registry.npmjs.org/is-number-object/-/is-number-object-1.0.7.tgz. Extracting by manifest.
500 silly tarball no local data for is-generator-fn@https://registry.npmjs.org/is-generator-fn/-/is-generator-fn-2.1.0.tgz. Extracting by manifest.
501 silly tarball no local data for is-glob@https://registry.npmjs.org/is-glob/-/is-glob-4.0.3.tgz. Extracting by manifest.
502 silly tarball no local data for is-fullwidth-code-point@https://registry.npmjs.org/is-fullwidth-code-point/-/is-fullwidth-code-point-3.0.0.tgz. Extracting by manifest.
503 silly tarball no local data for is-extglob@https://registry.npmjs.org/is-extglob/-/is-extglob-2.1.1.tgz. Extracting by manifest.
504 silly tarball no local data for is-number@https://registry.npmjs.org/is-number/-/is-number-7.0.0.tgz. Extracting by manifest.
505 silly tarball no local data for is-npm@https://registry.npmjs.org/is-npm/-/is-npm-6.0.0.tgz. Extracting by manifest.
506 silly tarball no local data for is-path-inside@https://registry.npmjs.org/is-path-inside/-/is-path-inside-3.0.3.tgz. Extracting by manifest.
507 silly tarball no local data for is-expression@https://registry.npmjs.org/is-expression/-/is-expression-4.0.0.tgz. Extracting by manifest.
508 silly tarball no local data for is-docker@https://registry.npmjs.org/is-docker/-/is-docker-2.2.1.tgz. Extracting by manifest.
509 silly tarball no local data for is-ci@https://registry.npmjs.org/is-ci/-/is-ci-3.0.1.tgz. Extracting by manifest.
510 silly tarball no local data for is-core-module@https://registry.npmjs.org/is-core-module/-/is-core-module-2.13.1.tgz. Extracting by manifest.
511 silly tarball no local data for is-date-object@https://registry.npmjs.org/is-date-object/-/is-date-object-1.0.5.tgz. Extracting by manifest.
512 silly tarball no local data for is-data-view@https://registry.npmjs.org/is-data-view/-/is-data-view-1.0.1.tgz. Extracting by manifest.
513 silly tarball no local data for is-callable@https://registry.npmjs.org/is-callable/-/is-callable-1.2.7.tgz. Extracting by manifest.
514 silly tarball no local data for is-binary-path@https://registry.npmjs.org/is-binary-path/-/is-binary-path-2.1.0.tgz. Extracting by manifest.
515 silly tarball no local data for is-boolean-object@https://registry.npmjs.org/is-boolean-object/-/is-boolean-object-1.1.2.tgz. Extracting by manifest.
516 silly tarball no local data for is-bigint@https://registry.npmjs.org/is-bigint/-/is-bigint-1.0.4.tgz. Extracting by manifest.
517 silly tarball no local data for is-arrayish@https://registry.npmjs.org/is-arrayish/-/is-arrayish-0.2.1.tgz. Extracting by manifest.
518 silly tarball no local data for is-array-buffer@https://registry.npmjs.org/is-array-buffer/-/is-array-buffer-3.0.4.tgz. Extracting by manifest.
519 silly tarball no local data for is-installed-globally@https://registry.npmjs.org/is-installed-globally/-/is-installed-globally-0.4.0.tgz. Extracting by manifest.
520 silly tarball no local data for inflection@https://registry.npmjs.org/inflection/-/inflection-1.13.4.tgz. Extracting by manifest.
521 silly tarball no local data for ipaddr.js@https://registry.npmjs.org/ipaddr.js/-/ipaddr.js-1.9.1.tgz. Extracting by manifest.
522 silly tarball no local data for interpret@https://registry.npmjs.org/interpret/-/interpret-2.2.0.tgz. Extracting by manifest.
523 silly tarball no local data for inflight@https://registry.npmjs.org/inflight/-/inflight-1.0.6.tgz. Extracting by manifest.
524 silly tarball no local data for inherits@https://registry.npmjs.org/inherits/-/inherits-2.0.4.tgz. Extracting by manifest.
525 silly tarball no local data for internal-slot@https://registry.npmjs.org/internal-slot/-/internal-slot-1.0.7.tgz. Extracting by manifest.
526 silly tarball no local data for import-lazy@https://registry.npmjs.org/import-lazy/-/import-lazy-4.0.0.tgz. Extracting by manifest.
527 silly tarball no local data for ini@https://registry.npmjs.org/ini/-/ini-2.0.0.tgz. Extracting by manifest.
528 silly tarball no local data for import-local@https://registry.npmjs.org/import-local/-/import-local-3.1.0.tgz. Extracting by manifest.
529 silly tarball no local data for infer-owner@https://registry.npmjs.org/infer-owner/-/infer-owner-1.0.4.tgz. Extracting by manifest.
530 silly tarball no local data for ip@https://registry.npmjs.org/ip/-/ip-2.0.0.tgz. Extracting by manifest.
531 silly tarball no local data for icss-utils@https://registry.npmjs.org/icss-utils/-/icss-utils-5.1.0.tgz. Extracting by manifest.
532 silly tarball no local data for ieee754@https://registry.npmjs.org/ieee754/-/ieee754-1.2.1.tgz. Extracting by manifest.
533 silly tarball no local data for ignore-walk@https://registry.npmjs.org/ignore-walk/-/ignore-walk-6.0.4.tgz. Extracting by manifest.
534 silly tarball no local data for iconv-lite@https://registry.npmjs.org/iconv-lite/-/iconv-lite-0.6.3.tgz. Extracting by manifest.
535 silly tarball no local data for i18next@https://registry.npmjs.org/i18next/-/i18next-23.11.2.tgz. Extracting by manifest.
536 silly tarball no local data for humanize-ms@https://registry.npmjs.org/humanize-ms/-/humanize-ms-1.2.1.tgz. Extracting by manifest.
537 silly tarball no local data for indent-string@https://registry.npmjs.org/indent-string/-/indent-string-4.0.0.tgz. Extracting by manifest.
538 silly tarball no local data for https-proxy-agent@https://registry.npmjs.org/https-proxy-agent/-/https-proxy-agent-5.0.1.tgz. Extracting by manifest.
539 silly tarball no local data for imurmurhash@https://registry.npmjs.org/imurmurhash/-/imurmurhash-0.1.4.tgz. Extracting by manifest.
540 silly tarball no local data for http-proxy-agent@https://registry.npmjs.org/http-proxy-agent/-/http-proxy-agent-5.0.0.tgz. Extracting by manifest.
541 silly tarball no local data for import-fresh@https://registry.npmjs.org/import-fresh/-/import-fresh-3.3.0.tgz. Extracting by manifest.
542 silly tarball no local data for human-signals@https://registry.npmjs.org/human-signals/-/human-signals-2.1.0.tgz. Extracting by manifest.
543 silly tarball no local data for http-cache-semantics@https://registry.npmjs.org/http-cache-semantics/-/http-cache-semantics-4.1.1.tgz. Extracting by manifest.
544 silly tarball no local data for hosted-git-info@https://registry.npmjs.org/hosted-git-info/-/hosted-git-info-5.2.1.tgz. Extracting by manifest.
545 silly tarball no local data for help-me@https://registry.npmjs.org/help-me/-/help-me-4.2.0.tgz. Extracting by manifest.
546 silly tarball no local data for hasown@https://registry.npmjs.org/hasown/-/hasown-2.0.2.tgz. Extracting by manifest.
547 silly tarball no local data for hashlru@https://registry.npmjs.org/hashlru/-/hashlru-2.3.0.tgz. Extracting by manifest.
548 silly tarball no local data for http2-wrapper@https://registry.npmjs.org/http2-wrapper/-/http2-wrapper-2.1.11.tgz. Extracting by manifest.
549 silly tarball no local data for http-errors@https://registry.npmjs.org/http-errors/-/http-errors-2.0.0.tgz. Extracting by manifest.
550 silly tarball no local data for has-unicode@https://registry.npmjs.org/has-unicode/-/has-unicode-2.0.1.tgz. Extracting by manifest.
551 silly tarball no local data for html-escaper@https://registry.npmjs.org/html-escaper/-/html-escaper-2.0.2.tgz. Extracting by manifest.
552 silly tarball no local data for has-yarn@https://registry.npmjs.org/has-yarn/-/has-yarn-3.0.0.tgz. Extracting by manifest.
553 silly tarball no local data for ignore@https://registry.npmjs.org/ignore/-/ignore-5.2.0.tgz. Extracting by manifest.
554 silly tarball no local data for has-flag@https://registry.npmjs.org/has-flag/-/has-flag-4.0.0.tgz. Extracting by manifest.
555 silly tarball no local data for has-tostringtag@https://registry.npmjs.org/has-tostringtag/-/has-tostringtag-1.0.2.tgz. Extracting by manifest.
556 silly tarball no local data for gopd@https://registry.npmjs.org/gopd/-/gopd-1.0.1.tgz. Extracting by manifest.
557 silly tarball no local data for has-property-descriptors@https://registry.npmjs.org/has-property-descriptors/-/has-property-descriptors-1.0.2.tgz. Extracting by manifest.
558 silly tarball no local data for has-proto@https://registry.npmjs.org/has-proto/-/has-proto-1.0.3.tgz. Extracting by manifest.
559 silly tarball no local data for has-bigints@https://registry.npmjs.org/has-bigints/-/has-bigints-1.0.2.tgz. Extracting by manifest.
560 silly tarball no local data for has-symbols@https://registry.npmjs.org/has-symbols/-/has-symbols-1.0.3.tgz. Extracting by manifest.
561 silly tarball no local data for graceful-fs@https://registry.npmjs.org/graceful-fs/-/graceful-fs-4.2.10.tgz. Extracting by manifest.
562 silly tarball no local data for globby@https://registry.npmjs.org/globby/-/globby-11.1.0.tgz. Extracting by manifest.
563 silly tarball no local data for graphemer@https://registry.npmjs.org/graphemer/-/graphemer-1.4.0.tgz. Extracting by manifest.
564 silly tarball no local data for globalthis@https://registry.npmjs.org/globalthis/-/globalthis-1.0.3.tgz. Extracting by manifest.
565 silly tarball no local data for glob-to-regexp@https://registry.npmjs.org/glob-to-regexp/-/glob-to-regexp-0.4.1.tgz. Extracting by manifest.
566 silly tarball no local data for github-from-package@https://registry.npmjs.org/github-from-package/-/github-from-package-0.0.0.tgz. Extracting by manifest.
567 silly tarball no local data for global-dirs@https://registry.npmjs.org/global-dirs/-/global-dirs-3.0.0.tgz. Extracting by manifest.
568 silly tarball no local data for globals@https://registry.npmjs.org/globals/-/globals-15.0.0.tgz. Extracting by manifest.
569 silly tarball no local data for get-symbol-description@https://registry.npmjs.org/get-symbol-description/-/get-symbol-description-1.0.2.tgz. Extracting by manifest.
570 silly tarball no local data for glob-parent@https://registry.npmjs.org/glob-parent/-/glob-parent-6.0.2.tgz. Extracting by manifest.
571 silly tarball no local data for get-stream@https://registry.npmjs.org/get-stream/-/get-stream-6.0.1.tgz. Extracting by manifest.
572 silly tarball no local data for glob@https://registry.npmjs.org/glob/-/glob-10.3.12.tgz. Extracting by manifest.
573 silly tarball no local data for getopts@https://registry.npmjs.org/getopts/-/getopts-2.3.0.tgz. Extracting by manifest.
574 silly tarball no local data for get-caller-file@https://registry.npmjs.org/get-caller-file/-/get-caller-file-2.0.5.tgz. Extracting by manifest.
575 silly tarball no local data for get-stdin@https://registry.npmjs.org/get-stdin/-/get-stdin-8.0.0.tgz. Extracting by manifest.
576 silly tarball no local data for gauge@https://registry.npmjs.org/gauge/-/gauge-4.0.4.tgz. Extracting by manifest.
577 silly tarball no local data for generify@https://registry.npmjs.org/generify/-/generify-4.2.0.tgz. Extracting by manifest.
578 silly tarball no local data for function.prototype.name@https://registry.npmjs.org/function.prototype.name/-/function.prototype.name-1.1.6.tgz. Extracting by manifest.
579 silly tarball no local data for functions-have-names@https://registry.npmjs.org/functions-have-names/-/functions-have-names-1.2.3.tgz. Extracting by manifest.
580 silly tarball no local data for function-bind@https://registry.npmjs.org/function-bind/-/function-bind-1.1.2.tgz. Extracting by manifest.
581 silly tarball no local data for got@https://registry.npmjs.org/got/-/got-12.3.1.tgz. Extracting by manifest.
582 silly tarball no local data for fs-minipass@https://registry.npmjs.org/fs-minipass/-/fs-minipass-2.1.0.tgz. Extracting by manifest.
583 silly tarball no local data for get-intrinsic@https://registry.npmjs.org/get-intrinsic/-/get-intrinsic-1.2.4.tgz. Extracting by manifest.
584 silly tarball no local data for fs-constants@https://registry.npmjs.org/fs-constants/-/fs-constants-1.0.0.tgz. Extracting by manifest.
585 silly tarball no local data for fp-and-or@https://registry.npmjs.org/fp-and-or/-/fp-and-or-0.1.4.tgz. Extracting by manifest.
586 silly tarball no local data for form-data-encoder@https://registry.npmjs.org/form-data-encoder/-/form-data-encoder-2.1.0.tgz. Extracting by manifest.
587 silly tarball no local data for forwarded@https://registry.npmjs.org/forwarded/-/forwarded-0.2.0.tgz. Extracting by manifest.
588 silly tarball no local data for get-package-type@https://registry.npmjs.org/get-package-type/-/get-package-type-0.1.0.tgz. Extracting by manifest.
589 silly tarball no local data for flat-cache@https://registry.npmjs.org/flat-cache/-/flat-cache-3.2.0.tgz. Extracting by manifest.
590 silly tarball no local data for gensync@https://registry.npmjs.org/gensync/-/gensync-1.0.0-beta.2.tgz. Extracting by manifest.
591 silly tarball no local data for flatted@https://registry.npmjs.org/flatted/-/flatted-3.3.1.tgz. Extracting by manifest.
592 silly tarball no local data for find-up@https://registry.npmjs.org/find-up/-/find-up-5.0.0.tgz. Extracting by manifest.
593 silly tarball no local data for find-my-way@https://registry.npmjs.org/find-my-way/-/find-my-way-8.1.0.tgz. Extracting by manifest.
594 silly tarball no local data for fs-extra@https://registry.npmjs.org/fs-extra/-/fs-extra-9.1.0.tgz. Extracting by manifest.
595 silly tarball no local data for foreground-child@https://registry.npmjs.org/foreground-child/-/foreground-child-3.1.1.tgz. Extracting by manifest.
596 silly tarball no local data for for-each@https://registry.npmjs.org/for-each/-/for-each-0.3.3.tgz. Extracting by manifest.
597 silly tarball no local data for fill-range@https://registry.npmjs.org/fill-range/-/fill-range-7.0.1.tgz. Extracting by manifest.
598 silly tarball no local data for file-uri-to-path@https://registry.npmjs.org/file-uri-to-path/-/file-uri-to-path-1.0.0.tgz. Extracting by manifest.
599 silly tarball no local data for file-entry-cache@https://registry.npmjs.org/file-entry-cache/-/file-entry-cache-6.0.1.tgz. Extracting by manifest.
600 silly tarball no local data for fastify-plugin@https://registry.npmjs.org/fastify-plugin/-/fastify-plugin-3.0.1.tgz. Extracting by manifest.
601 silly tarball no local data for fb-watchman@https://registry.npmjs.org/fb-watchman/-/fb-watchman-2.0.2.tgz. Extracting by manifest.
602 silly tarball no local data for fastq@https://registry.npmjs.org/fastq/-/fastq-1.17.1.tgz. Extracting by manifest.
603 silly tarball no local data for fastify-cli@https://registry.npmjs.org/fastify-cli/-/fastify-cli-6.1.1.tgz. Extracting by manifest.
604 silly tarball no local data for fastify-error-page@https://registry.npmjs.org/fastify-error-page/-/fastify-error-page-4.0.0.tgz. Extracting by manifest.
605 silly tarball no local data for fastify@https://registry.npmjs.org/fastify/-/fastify-4.26.2.tgz. Extracting by manifest.
606 silly tarball no local data for fast-uri@https://registry.npmjs.org/fast-uri/-/fast-uri-2.3.0.tgz. Extracting by manifest.
607 silly tarball no local data for fastest-levenshtein@https://registry.npmjs.org/fastest-levenshtein/-/fastest-levenshtein-1.0.16.tgz. Extracting by manifest.
608 silly tarball no local data for fast-safe-stringify@https://registry.npmjs.org/fast-safe-stringify/-/fast-safe-stringify-2.1.1.tgz. Extracting by manifest.
609 silly tarball no local data for fast-redact@https://registry.npmjs.org/fast-redact/-/fast-redact-3.5.0.tgz. Extracting by manifest.
610 silly tarball no local data for fast-querystring@https://registry.npmjs.org/fast-querystring/-/fast-querystring-1.0.0.tgz. Extracting by manifest.
611 silly tarball no local data for fastify-reverse-routes@https://registry.npmjs.org/fastify-reverse-routes/-/fastify-reverse-routes-3.0.0.tgz. Extracting by manifest.
612 silly tarball no local data for fast-levenshtein@https://registry.npmjs.org/fast-levenshtein/-/fast-levenshtein-2.0.6.tgz. Extracting by manifest.
613 silly tarball no local data for fastify-objectionjs@https://registry.npmjs.org/fastify-objectionjs/-/fastify-objectionjs-2.0.1.tgz. Extracting by manifest.
614 silly tarball no local data for fs.realpath@https://registry.npmjs.org/fs.realpath/-/fs.realpath-1.0.0.tgz. Extracting by manifest.
615 silly tarball no local data for fast-memoize@https://registry.npmjs.org/fast-memoize/-/fast-memoize-2.5.2.tgz. Extracting by manifest.
616 silly tarball no local data for fast-json-stringify@https://registry.npmjs.org/fast-json-stringify/-/fast-json-stringify-5.14.1.tgz. Extracting by manifest.
617 silly tarball no local data for fastify-method-override@https://registry.npmjs.org/fastify-method-override/-/fastify-method-override-1.5.10.tgz. Extracting by manifest.
618 silly tarball no local data for fast-glob@https://registry.npmjs.org/fast-glob/-/fast-glob-3.2.11.tgz. Extracting by manifest.
619 silly tarball no local data for fast-decode-uri-component@https://registry.npmjs.org/fast-decode-uri-component/-/fast-decode-uri-component-1.0.1.tgz. Extracting by manifest.
620 silly tarball no local data for fast-deep-equal@https://registry.npmjs.org/fast-deep-equal/-/fast-deep-equal-3.1.3.tgz. Extracting by manifest.
621 silly tarball no local data for ext@https://registry.npmjs.org/ext/-/ext-1.7.0.tgz. Extracting by manifest.
622 silly tarball no local data for expand-template@https://registry.npmjs.org/expand-template/-/expand-template-2.0.3.tgz. Extracting by manifest.
623 silly tarball no local data for exit@https://registry.npmjs.org/exit/-/exit-0.1.2.tgz. Extracting by manifest.
624 silly tarball no local data for expect@https://registry.npmjs.org/expect/-/expect-29.7.0.tgz. Extracting by manifest.
625 silly tarball no local data for execa@https://registry.npmjs.org/execa/-/execa-5.1.1.tgz. Extracting by manifest.
626 silly tarball no local data for events@https://registry.npmjs.org/events/-/events-3.3.0.tgz. Extracting by manifest.
627 silly tarball no local data for event-target-shim@https://registry.npmjs.org/event-target-shim/-/event-target-shim-5.0.1.tgz. Extracting by manifest.
628 silly tarball no local data for event-emitter@https://registry.npmjs.org/event-emitter/-/event-emitter-0.3.5.tgz. Extracting by manifest.
629 silly tarball no local data for fast-copy@https://registry.npmjs.org/fast-copy/-/fast-copy-3.0.2.tgz. Extracting by manifest.
630 silly tarball no local data for fast-content-type-parse@https://registry.npmjs.org/fast-content-type-parse/-/fast-content-type-parse-1.1.0.tgz. Extracting by manifest.
631 silly tarball no local data for exponential-backoff@https://registry.npmjs.org/exponential-backoff/-/exponential-backoff-3.1.1.tgz. Extracting by manifest.
632 silly tarball no local data for esutils@https://registry.npmjs.org/esutils/-/esutils-2.0.3.tgz. Extracting by manifest.
633 silly tarball no local data for esniff@https://registry.npmjs.org/esniff/-/esniff-2.0.1.tgz. Extracting by manifest.
634 silly tarball no local data for esprima@https://registry.npmjs.org/esprima/-/esprima-4.0.1.tgz. Extracting by manifest.
635 silly tarball no local data for esrecurse@https://registry.npmjs.org/esrecurse/-/esrecurse-4.3.0.tgz. Extracting by manifest.
636 silly tarball no local data for esm@https://registry.npmjs.org/esm/-/esm-3.2.25.tgz. Extracting by manifest.
637 silly tarball no local data for eslint-visitor-keys@https://registry.npmjs.org/eslint-visitor-keys/-/eslint-visitor-keys-3.4.3.tgz. Extracting by manifest.
638 silly tarball no local data for eslint-scope@https://registry.npmjs.org/eslint-scope/-/eslint-scope-7.2.2.tgz. Extracting by manifest.
639 silly tarball no local data for esquery@https://registry.npmjs.org/esquery/-/esquery-1.5.0.tgz. Extracting by manifest.
640 silly tarball no local data for eslint-module-utils@https://registry.npmjs.org/eslint-module-utils/-/eslint-module-utils-2.8.1.tgz. Extracting by manifest.
641 silly tarball no local data for eslint-import-resolver-node@https://registry.npmjs.org/eslint-import-resolver-node/-/eslint-import-resolver-node-0.3.9.tgz. Extracting by manifest.
642 silly tarball no local data for estraverse@https://registry.npmjs.org/estraverse/-/estraverse-5.3.0.tgz. Extracting by manifest.
643 silly tarball no local data for eslint-plugin-import@https://registry.npmjs.org/eslint-plugin-import/-/eslint-plugin-import-2.29.1.tgz. Extracting by manifest.
644 silly tarball no local data for fast-json-stable-stringify@https://registry.npmjs.org/fast-json-stable-stringify/-/fast-json-stable-stringify-2.1.0.tgz. Extracting by manifest.
645 silly tarball no local data for escalade@https://registry.npmjs.org/escalade/-/escalade-3.1.1.tgz. Extracting by manifest.
646 silly tarball no local data for espree@https://registry.npmjs.org/espree/-/espree-10.0.1.tgz. Extracting by manifest.
647 silly tarball no local data for escape-goat@https://registry.npmjs.org/escape-goat/-/escape-goat-4.0.0.tgz. Extracting by manifest.
648 silly tarball no local data for es6-weak-map@https://registry.npmjs.org/es6-weak-map/-/es6-weak-map-2.0.3.tgz. Extracting by manifest.
649 silly tarball no local data for es6-symbol@https://registry.npmjs.org/es6-symbol/-/es6-symbol-3.1.4.tgz. Extracting by manifest.
650 silly tarball no local data for eslint@https://registry.npmjs.org/eslint/-/eslint-8.57.0.tgz. Extracting by manifest.
651 silly tarball no local data for es5-ext@https://registry.npmjs.org/es5-ext/-/es5-ext-0.10.64.tgz. Extracting by manifest.
652 silly tarball no local data for es6-iterator@https://registry.npmjs.org/es6-iterator/-/es6-iterator-2.0.3.tgz. Extracting by manifest.
653 silly tarball no local data for eslint-config-airbnb-base@https://registry.npmjs.org/eslint-config-airbnb-base/-/eslint-config-airbnb-base-15.0.0.tgz. Extracting by manifest.
654 silly tarball no local data for es-set-tostringtag@https://registry.npmjs.org/es-set-tostringtag/-/es-set-tostringtag-2.0.3.tgz. Extracting by manifest.
655 silly tarball no local data for escape-string-regexp@https://registry.npmjs.org/escape-string-regexp/-/escape-string-regexp-1.0.5.tgz. Extracting by manifest.
656 silly tarball no local data for es-object-atoms@https://registry.npmjs.org/es-object-atoms/-/es-object-atoms-1.0.0.tgz. Extracting by manifest.
657 silly tarball no local data for es-to-primitive@https://registry.npmjs.org/es-to-primitive/-/es-to-primitive-1.2.1.tgz. Extracting by manifest.
658 silly tarball no local data for es-abstract@https://registry.npmjs.org/es-abstract/-/es-abstract-1.23.3.tgz. Extracting by manifest.
659 silly tarball no local data for es-define-property@https://registry.npmjs.org/es-define-property/-/es-define-property-1.0.0.tgz. Extracting by manifest.
660 silly tarball no local data for es-shim-unscopables@https://registry.npmjs.org/es-shim-unscopables/-/es-shim-unscopables-1.0.2.tgz. Extracting by manifest.
661 silly tarball no local data for escape-html@https://registry.npmjs.org/escape-html/-/escape-html-1.0.3.tgz. Extracting by manifest.
662 silly tarball no local data for es-errors@https://registry.npmjs.org/es-errors/-/es-errors-1.3.0.tgz. Extracting by manifest.
663 silly tarball no local data for entities@https://registry.npmjs.org/entities/-/entities-3.0.1.tgz. Extracting by manifest.
664 silly tarball no local data for error-ex@https://registry.npmjs.org/error-ex/-/error-ex-1.3.2.tgz. Extracting by manifest.
665 silly tarball no local data for err-code@https://registry.npmjs.org/err-code/-/err-code-2.0.3.tgz. Extracting by manifest.
666 silly tarball no local data for enhanced-resolve@https://registry.npmjs.org/enhanced-resolve/-/enhanced-resolve-5.16.0.tgz. Extracting by manifest.
667 silly tarball no local data for env-paths@https://registry.npmjs.org/env-paths/-/env-paths-2.2.1.tgz. Extracting by manifest.
668 silly tarball no local data for emittery@https://registry.npmjs.org/emittery/-/emittery-0.13.1.tgz. Extracting by manifest.
669 silly tarball no local data for end-of-stream@https://registry.npmjs.org/end-of-stream/-/end-of-stream-1.4.4.tgz. Extracting by manifest.
670 silly tarball no local data for eastasianwidth@https://registry.npmjs.org/eastasianwidth/-/eastasianwidth-0.2.0.tgz. Extracting by manifest.
671 silly tarball no local data for encoding@https://registry.npmjs.org/encoding/-/encoding-0.1.13.tgz. Extracting by manifest.
672 silly tarball no local data for emoji-regex@https://registry.npmjs.org/emoji-regex/-/emoji-regex-8.0.0.tgz. Extracting by manifest.
673 silly tarball no local data for editorconfig@https://registry.npmjs.org/editorconfig/-/editorconfig-1.0.4.tgz. Extracting by manifest.
674 silly tarball no local data for dotenv@https://registry.npmjs.org/dotenv/-/dotenv-16.4.5.tgz. Extracting by manifest.
675 silly tarball no local data for electron-to-chromium@https://registry.npmjs.org/electron-to-chromium/-/electron-to-chromium-1.4.746.tgz. Extracting by manifest.
676 silly tarball no local data for dottie@https://registry.npmjs.org/dottie/-/dottie-2.0.6.tgz. Extracting by manifest.
677 silly tarball no local data for dot-prop@https://registry.npmjs.org/dot-prop/-/dot-prop-6.0.1.tgz. Extracting by manifest.
678 silly tarball no local data for doctypes@https://registry.npmjs.org/doctypes/-/doctypes-1.1.0.tgz. Extracting by manifest.
679 silly tarball no local data for envinfo@https://registry.npmjs.org/envinfo/-/envinfo-7.12.0.tgz. Extracting by manifest.
680 silly tarball no local data for doctrine@https://registry.npmjs.org/doctrine/-/doctrine-3.0.0.tgz. Extracting by manifest.
681 silly tarball no local data for es-module-lexer@https://registry.npmjs.org/es-module-lexer/-/es-module-lexer-1.5.0.tgz. Extracting by manifest.
682 silly tarball no local data for diff-sequences@https://registry.npmjs.org/diff-sequences/-/diff-sequences-29.6.3.tgz. Extracting by manifest.
683 silly tarball no local data for define-properties@https://registry.npmjs.org/define-properties/-/define-properties-1.2.1.tgz. Extracting by manifest.
684 silly tarball no local data for delegates@https://registry.npmjs.org/delegates/-/delegates-1.0.0.tgz. Extracting by manifest.
685 silly tarball no local data for dir-glob@https://registry.npmjs.org/dir-glob/-/dir-glob-3.0.1.tgz. Extracting by manifest.
686 silly tarball no local data for depd@https://registry.npmjs.org/depd/-/depd-2.0.0.tgz. Extracting by manifest.
687 silly tarball no local data for deep-is@https://registry.npmjs.org/deep-is/-/deep-is-0.1.4.tgz. Extracting by manifest.
688 silly tarball no local data for detect-libc@https://registry.npmjs.org/detect-libc/-/detect-libc-2.0.3.tgz. Extracting by manifest.
689 silly tarball no local data for debug@https://registry.npmjs.org/debug/-/debug-4.3.4.tgz. Extracting by manifest.
690 silly tarball no local data for deepmerge@https://registry.npmjs.org/deepmerge/-/deepmerge-4.3.1.tgz. Extracting by manifest.
691 silly tarball no local data for defer-to-connect@https://registry.npmjs.org/defer-to-connect/-/defer-to-connect-2.0.1.tgz. Extracting by manifest.
692 silly tarball no local data for db-errors@https://registry.npmjs.org/db-errors/-/db-errors-0.2.3.tgz. Extracting by manifest.
693 silly tarball no local data for date-fns@https://registry.npmjs.org/date-fns/-/date-fns-2.30.0.tgz. Extracting by manifest.
694 silly tarball no local data for dateformat@https://registry.npmjs.org/dateformat/-/dateformat-4.6.3.tgz. Extracting by manifest.
695 silly tarball no local data for detect-newline@https://registry.npmjs.org/detect-newline/-/detect-newline-3.1.0.tgz. Extracting by manifest.
696 silly tarball no local data for data-view-byte-offset@https://registry.npmjs.org/data-view-byte-offset/-/data-view-byte-offset-1.0.0.tgz. Extracting by manifest.
697 silly tarball no local data for data-view-byte-length@https://registry.npmjs.org/data-view-byte-length/-/data-view-byte-length-1.0.1.tgz. Extracting by manifest.
698 silly tarball no local data for cssesc@https://registry.npmjs.org/cssesc/-/cssesc-3.0.0.tgz. Extracting by manifest.
699 silly tarball no local data for data-view-buffer@https://registry.npmjs.org/data-view-buffer/-/data-view-buffer-1.0.1.tgz. Extracting by manifest.
700 silly tarball no local data for css-loader@https://registry.npmjs.org/css-loader/-/css-loader-7.1.1.tgz. Extracting by manifest.
701 silly tarball no local data for deep-extend@https://registry.npmjs.org/deep-extend/-/deep-extend-0.6.0.tgz. Extracting by manifest.
702 silly tarball no local data for d@https://registry.npmjs.org/d/-/d-1.0.2.tgz. Extracting by manifest.
703 silly tarball no local data for cross-spawn@https://registry.npmjs.org/cross-spawn/-/cross-spawn-7.0.3.tgz. Extracting by manifest.
704 silly tarball no local data for decompress-response@https://registry.npmjs.org/decompress-response/-/decompress-response-6.0.0.tgz. Extracting by manifest.
705 silly tarball no local data for cookie-signature@https://registry.npmjs.org/cookie-signature/-/cookie-signature-1.2.1.tgz. Extracting by manifest.
706 silly tarball no local data for convert-source-map@https://registry.npmjs.org/convert-source-map/-/convert-source-map-2.0.0.tgz. Extracting by manifest.
707 silly tarball no local data for dedent@https://registry.npmjs.org/dedent/-/dedent-1.5.3.tgz. Extracting by manifest.
708 silly tarball no local data for crypto-random-string@https://registry.npmjs.org/crypto-random-string/-/crypto-random-string-4.0.0.tgz. Extracting by manifest.
709 silly tarball no local data for create-jest@https://registry.npmjs.org/create-jest/-/create-jest-29.7.0.tgz. Extracting by manifest.
710 silly tarball no local data for cookie@https://registry.npmjs.org/cookie/-/cookie-0.6.0.tgz. Extracting by manifest.
711 silly tarball no local data for confusing-browser-globals@https://registry.npmjs.org/confusing-browser-globals/-/confusing-browser-globals-1.0.11.tgz. Extracting by manifest.
712 silly tarball no local data for content-disposition@https://registry.npmjs.org/content-disposition/-/content-disposition-0.5.4.tgz. Extracting by manifest.
713 silly tarball no local data for define-data-property@https://registry.npmjs.org/define-data-property/-/define-data-property-1.1.4.tgz. Extracting by manifest.
714 silly tarball no local data for constantinople@https://registry.npmjs.org/constantinople/-/constantinople-4.0.1.tgz. Extracting by manifest.
715 silly tarball no local data for commist@https://registry.npmjs.org/commist/-/commist-3.0.0.tgz. Extracting by manifest.
716 silly tarball no local data for concat-map@https://registry.npmjs.org/concat-map/-/concat-map-0.0.1.tgz. Extracting by manifest.
717 silly tarball no local data for console-control-strings@https://registry.npmjs.org/console-control-strings/-/console-control-strings-1.1.0.tgz. Extracting by manifest.
718 silly tarball no local data for concurrently@https://registry.npmjs.org/concurrently/-/concurrently-8.2.2.tgz. Extracting by manifest.
719 silly tarball no local data for color-name@https://registry.npmjs.org/color-name/-/color-name-1.1.4.tgz. Extracting by manifest.
720 silly tarball no local data for configstore@https://registry.npmjs.org/configstore/-/configstore-6.0.0.tgz. Extracting by manifest.
721 silly tarball no local data for color-convert@https://registry.npmjs.org/color-convert/-/color-convert-2.0.1.tgz. Extracting by manifest.
722 silly tarball no local data for commander@https://registry.npmjs.org/commander/-/commander-10.0.1.tgz. Extracting by manifest.
723 silly tarball no local data for close-with-grace@https://registry.npmjs.org/close-with-grace/-/close-with-grace-1.1.0.tgz. Extracting by manifest.
724 silly tarball no local data for config-chain@https://registry.npmjs.org/config-chain/-/config-chain-1.1.13.tgz. Extracting by manifest.
725 silly tarball no local data for collect-v8-coverage@https://registry.npmjs.org/collect-v8-coverage/-/collect-v8-coverage-1.0.2.tgz. Extracting by manifest.
726 silly tarball no local data for co@https://registry.npmjs.org/co/-/co-4.6.0.tgz. Extracting by manifest.
727 silly tarball no local data for colorette@https://registry.npmjs.org/colorette/-/colorette-2.0.19.tgz. Extracting by manifest.
728 silly tarball no local data for clone-response@https://registry.npmjs.org/clone-response/-/clone-response-1.0.3.tgz. Extracting by manifest.
729 silly tarball no local data for cli-boxes@https://registry.npmjs.org/cli-boxes/-/cli-boxes-3.0.0.tgz. Extracting by manifest.
730 silly tarball no local data for cli-color@https://registry.npmjs.org/cli-color/-/cli-color-2.0.4.tgz. Extracting by manifest.
731 silly tarball no local data for clean-stack@https://registry.npmjs.org/clean-stack/-/clean-stack-2.2.0.tgz. Extracting by manifest.
732 silly tarball no local data for cliui@https://registry.npmjs.org/cliui/-/cliui-8.0.1.tgz. Extracting by manifest.
733 silly tarball no local data for color-support@https://registry.npmjs.org/color-support/-/color-support-1.1.3.tgz. Extracting by manifest.
734 silly tarball no local data for chownr@https://registry.npmjs.org/chownr/-/chownr-2.0.0.tgz. Extracting by manifest.
735 silly tarball no local data for ci-info@https://registry.npmjs.org/ci-info/-/ci-info-3.3.2.tgz. Extracting by manifest.
736 silly tarball no local data for clone-deep@https://registry.npmjs.org/clone-deep/-/clone-deep-4.0.1.tgz. Extracting by manifest.
737 silly tarball no local data for character-parser@https://registry.npmjs.org/character-parser/-/character-parser-2.2.0.tgz. Extracting by manifest.
738 silly tarball no local data for chokidar@https://registry.npmjs.org/chokidar/-/chokidar-3.5.3.tgz. Extracting by manifest.
739 silly tarball no local data for cjs-module-lexer@https://registry.npmjs.org/cjs-module-lexer/-/cjs-module-lexer-1.2.3.tgz. Extracting by manifest.
740 silly tarball no local data for chrome-trace-event@https://registry.npmjs.org/chrome-trace-event/-/chrome-trace-event-1.0.3.tgz. Extracting by manifest.
741 silly tarball no local data for caniuse-lite@https://registry.npmjs.org/caniuse-lite/-/caniuse-lite-1.0.30001612.tgz. Extracting by manifest.
742 silly tarball no local data for cli-table3@https://registry.npmjs.org/cli-table3/-/cli-table3-0.6.4.tgz. Extracting by manifest.
743 silly tarball no local data for cacheable-request@https://registry.npmjs.org/cacheable-request/-/cacheable-request-7.0.2.tgz. Extracting by manifest.
744 silly tarball no local data for chalk@https://registry.npmjs.org/chalk/-/chalk-4.1.2.tgz. Extracting by manifest.
745 silly tarball no local data for callsites@https://registry.npmjs.org/callsites/-/callsites-3.1.0.tgz. Extracting by manifest.
746 silly tarball no local data for cacheable-lookup@https://registry.npmjs.org/cacheable-lookup/-/cacheable-lookup-6.1.0.tgz. Extracting by manifest.
747 silly tarball no local data for cacache@https://registry.npmjs.org/cacache/-/cacache-17.1.4.tgz. Extracting by manifest.
748 silly tarball no local data for call-bind@https://registry.npmjs.org/call-bind/-/call-bind-1.0.7.tgz. Extracting by manifest.
749 silly tarball no local data for builtins@https://registry.npmjs.org/builtins/-/builtins-5.1.0.tgz. Extracting by manifest.
750 silly tarball no local data for buffer-from@https://registry.npmjs.org/buffer-from/-/buffer-from-1.1.2.tgz. Extracting by manifest.
751 silly tarball no local data for braces@https://registry.npmjs.org/braces/-/braces-3.0.2.tgz. Extracting by manifest.
752 silly tarball no local data for camelcase@https://registry.npmjs.org/camelcase/-/camelcase-5.3.1.tgz. Extracting by manifest.
753 silly tarball no local data for boxen@https://registry.npmjs.org/boxen/-/boxen-7.0.0.tgz. Extracting by manifest.
754 silly tarball no local data for buffer@https://registry.npmjs.org/buffer/-/buffer-5.7.1.tgz. Extracting by manifest.
755 silly tarball no local data for bootstrap@https://registry.npmjs.org/bootstrap/-/bootstrap-5.3.3.tgz. Extracting by manifest.
756 silly tarball no local data for browserslist@https://registry.npmjs.org/browserslist/-/browserslist-4.23.0.tgz. Extracting by manifest.
757 silly tarball no local data for brace-expansion@https://registry.npmjs.org/brace-expansion/-/brace-expansion-1.1.11.tgz. Extracting by manifest.
758 silly tarball no local data for better-sqlite3@https://registry.npmjs.org/better-sqlite3/-/better-sqlite3-8.7.0.tgz. Extracting by manifest.
759 silly tarball no local data for bser@https://registry.npmjs.org/bser/-/bser-2.1.1.tgz. Extracting by manifest.
760 silly tarball no local data for bindings@https://registry.npmjs.org/bindings/-/bindings-1.5.0.tgz. Extracting by manifest.
761 silly tarball no local data for bluebird@https://registry.npmjs.org/bluebird/-/bluebird-3.7.2.tgz. Extracting by manifest.
762 silly tarball no local data for babel-preset-jest@https://registry.npmjs.org/babel-preset-jest/-/babel-preset-jest-29.6.3.tgz. Extracting by manifest.
763 silly tarball no local data for balanced-match@https://registry.npmjs.org/balanced-match/-/balanced-match-1.0.2.tgz. Extracting by manifest.
764 silly tarball no local data for babel-walk@https://registry.npmjs.org/babel-walk/-/babel-walk-3.0.0-canary-5.tgz. Extracting by manifest.
765 silly tarball no local data for babel-preset-current-node-syntax@https://registry.npmjs.org/babel-preset-current-node-syntax/-/babel-preset-current-node-syntax-1.0.1.tgz. Extracting by manifest.
766 silly tarball no local data for babel-plugin-istanbul@https://registry.npmjs.org/babel-plugin-istanbul/-/babel-plugin-istanbul-6.1.1.tgz. Extracting by manifest.
767 silly tarball no local data for babel-plugin-jest-hoist@https://registry.npmjs.org/babel-plugin-jest-hoist/-/babel-plugin-jest-hoist-29.6.3.tgz. Extracting by manifest.
768 silly tarball no local data for avvio@https://registry.npmjs.org/avvio/-/avvio-8.3.0.tgz. Extracting by manifest.
769 silly tarball no local data for bl@https://registry.npmjs.org/bl/-/bl-4.1.0.tgz. Extracting by manifest.
770 silly tarball no local data for binary-extensions@https://registry.npmjs.org/binary-extensions/-/binary-extensions-2.2.0.tgz. Extracting by manifest.
771 silly tarball no local data for atomic-sleep@https://registry.npmjs.org/atomic-sleep/-/atomic-sleep-1.0.0.tgz. Extracting by manifest.
772 silly tarball no local data for at-least-node@https://registry.npmjs.org/at-least-node/-/at-least-node-1.0.0.tgz. Extracting by manifest.
773 silly tarball no local data for assert-never@https://registry.npmjs.org/assert-never/-/assert-never-1.2.1.tgz. Extracting by manifest.
774 silly tarball no local data for asap@https://registry.npmjs.org/asap/-/asap-2.0.6.tgz. Extracting by manifest.
775 silly tarball no local data for babel-jest@https://registry.npmjs.org/babel-jest/-/babel-jest-29.7.0.tgz. Extracting by manifest.
776 silly tarball no local data for char-regex@https://registry.npmjs.org/char-regex/-/char-regex-1.0.2.tgz. Extracting by manifest.
777 silly tarball no local data for available-typed-arrays@https://registry.npmjs.org/available-typed-arrays/-/available-typed-arrays-1.0.7.tgz. Extracting by manifest.
778 silly tarball no local data for array.prototype.flatmap@https://registry.npmjs.org/array.prototype.flatmap/-/array.prototype.flatmap-1.3.2.tgz. Extracting by manifest.
779 silly tarball no local data for arraybuffer.prototype.slice@https://registry.npmjs.org/arraybuffer.prototype.slice/-/arraybuffer.prototype.slice-1.0.3.tgz. Extracting by manifest.
780 silly tarball no local data for array-includes@https://registry.npmjs.org/array-includes/-/array-includes-3.1.8.tgz. Extracting by manifest.
781 silly tarball no local data for array.prototype.flat@https://registry.npmjs.org/array.prototype.flat/-/array.prototype.flat-1.3.2.tgz. Extracting by manifest.
782 silly tarball no local data for array.prototype.findlastindex@https://registry.npmjs.org/array.prototype.findlastindex/-/array.prototype.findlastindex-1.2.5.tgz. Extracting by manifest.
783 silly tarball no local data for array-union@https://registry.npmjs.org/array-union/-/array-union-2.1.0.tgz. Extracting by manifest.
784 silly tarball no local data for archy@https://registry.npmjs.org/archy/-/archy-1.0.0.tgz. Extracting by manifest.
785 silly tarball no local data for aproba@https://registry.npmjs.org/aproba/-/aproba-2.0.0.tgz. Extracting by manifest.
786 silly tarball no local data for array-buffer-byte-length@https://registry.npmjs.org/array-buffer-byte-length/-/array-buffer-byte-length-1.0.1.tgz. Extracting by manifest.
787 silly tarball no local data for argparse@https://registry.npmjs.org/argparse/-/argparse-2.0.1.tgz. Extracting by manifest.
788 silly tarball no local data for base64-js@https://registry.npmjs.org/base64-js/-/base64-js-1.5.1.tgz. Extracting by manifest.
789 silly tarball no local data for are-we-there-yet@https://registry.npmjs.org/are-we-there-yet/-/are-we-there-yet-3.0.1.tgz. Extracting by manifest.
790 silly tarball no local data for ajv-keywords@https://registry.npmjs.org/ajv-keywords/-/ajv-keywords-3.5.2.tgz. Extracting by manifest.
791 silly tarball no local data for ansi-align@https://registry.npmjs.org/ansi-align/-/ansi-align-3.0.1.tgz. Extracting by manifest.
792 silly tarball no local data for ajv-formats@https://registry.npmjs.org/ajv-formats/-/ajv-formats-2.1.1.tgz. Extracting by manifest.
793 silly tarball no local data for ansi-regex@https://registry.npmjs.org/ansi-regex/-/ansi-regex-5.0.1.tgz. Extracting by manifest.
794 silly tarball no local data for aggregate-error@https://registry.npmjs.org/aggregate-error/-/aggregate-error-3.1.0.tgz. Extracting by manifest.
795 silly tarball no local data for ajv@https://registry.npmjs.org/ajv/-/ajv-6.12.6.tgz. Extracting by manifest.
796 silly tarball no local data for ansi-styles@https://registry.npmjs.org/ansi-styles/-/ansi-styles-4.3.0.tgz. Extracting by manifest.
797 silly tarball no local data for anymatch@https://registry.npmjs.org/anymatch/-/anymatch-3.1.2.tgz. Extracting by manifest.
798 silly tarball no local data for agentkeepalive@https://registry.npmjs.org/agentkeepalive/-/agentkeepalive-4.2.1.tgz. Extracting by manifest.
799 silly tarball no local data for acorn@https://registry.npmjs.org/acorn/-/acorn-8.11.3.tgz. Extracting by manifest.
800 silly tarball no local data for abstract-logging@https://registry.npmjs.org/abstract-logging/-/abstract-logging-2.0.1.tgz. Extracting by manifest.
801 silly tarball no local data for agent-base@https://registry.npmjs.org/agent-base/-/agent-base-6.0.2.tgz. Extracting by manifest.
802 silly tarball no local data for abort-controller@https://registry.npmjs.org/abort-controller/-/abort-controller-3.0.0.tgz. Extracting by manifest.
803 silly tarball no local data for abbrev@https://registry.npmjs.org/abbrev/-/abbrev-1.1.1.tgz. Extracting by manifest.
804 silly tarball no local data for acorn-import-assertions@https://registry.npmjs.org/acorn-import-assertions/-/acorn-import-assertions-1.9.0.tgz. Extracting by manifest.
805 silly tarball no local data for acorn-jsx@https://registry.npmjs.org/acorn-jsx/-/acorn-jsx-5.3.2.tgz. Extracting by manifest.
806 silly tarball no local data for @xtuc/ieee754@https://registry.npmjs.org/@xtuc/ieee754/-/ieee754-1.2.0.tgz. Extracting by manifest.
807 silly tarball no local data for @webpack-cli/serve@https://registry.npmjs.org/@webpack-cli/serve/-/serve-2.0.5.tgz. Extracting by manifest.
808 silly tarball no local data for @webpack-cli/configtest@https://registry.npmjs.org/@webpack-cli/configtest/-/configtest-2.1.1.tgz. Extracting by manifest.
809 silly tarball no local data for @xtuc/long@https://registry.npmjs.org/@xtuc/long/-/long-4.2.2.tgz. Extracting by manifest.
810 silly tarball no local data for @webpack-cli/info@https://registry.npmjs.org/@webpack-cli/info/-/info-2.0.2.tgz. Extracting by manifest.
811 silly tarball no local data for ansi-escapes@https://registry.npmjs.org/ansi-escapes/-/ansi-escapes-4.3.2.tgz. Extracting by manifest.
812 silly tarball no local data for @webassemblyjs/wast-printer@https://registry.npmjs.org/@webassemblyjs/wast-printer/-/wast-printer-1.12.1.tgz. Extracting by manifest.
813 silly tarball no local data for @webassemblyjs/leb128@https://registry.npmjs.org/@webassemblyjs/leb128/-/leb128-1.11.6.tgz. Extracting by manifest.
814 silly tarball no local data for @webassemblyjs/wasm-parser@https://registry.npmjs.org/@webassemblyjs/wasm-parser/-/wasm-parser-1.12.1.tgz. Extracting by manifest.
815 silly tarball no local data for @webassemblyjs/utf8@https://registry.npmjs.org/@webassemblyjs/utf8/-/utf8-1.11.6.tgz. Extracting by manifest.
816 silly tarball no local data for @webassemblyjs/wasm-edit@https://registry.npmjs.org/@webassemblyjs/wasm-edit/-/wasm-edit-1.12.1.tgz. Extracting by manifest.
817 silly tarball no local data for @webassemblyjs/helper-numbers@https://registry.npmjs.org/@webassemblyjs/helper-numbers/-/helper-numbers-1.11.6.tgz. Extracting by manifest.
818 silly tarball no local data for @webassemblyjs/wasm-gen@https://registry.npmjs.org/@webassemblyjs/wasm-gen/-/wasm-gen-1.12.1.tgz. Extracting by manifest.
819 silly tarball no local data for @webassemblyjs/ieee754@https://registry.npmjs.org/@webassemblyjs/ieee754/-/ieee754-1.11.6.tgz. Extracting by manifest.
820 silly tarball no local data for @webassemblyjs/helper-buffer@https://registry.npmjs.org/@webassemblyjs/helper-buffer/-/helper-buffer-1.12.1.tgz. Extracting by manifest.
821 silly tarball no local data for @webassemblyjs/helper-api-error@https://registry.npmjs.org/@webassemblyjs/helper-api-error/-/helper-api-error-1.11.6.tgz. Extracting by manifest.
822 silly tarball no local data for @webassemblyjs/ast@https://registry.npmjs.org/@webassemblyjs/ast/-/ast-1.12.1.tgz. Extracting by manifest.
823 silly tarball no local data for @webassemblyjs/helper-wasm-section@https://registry.npmjs.org/@webassemblyjs/helper-wasm-section/-/helper-wasm-section-1.12.1.tgz. Extracting by manifest.
824 silly tarball no local data for @webassemblyjs/helper-wasm-bytecode@https://registry.npmjs.org/@webassemblyjs/helper-wasm-bytecode/-/helper-wasm-bytecode-1.11.6.tgz. Extracting by manifest.
825 silly tarball no local data for @vscode/sqlite3@https://registry.npmjs.org/@vscode/sqlite3/-/sqlite3-5.1.2.tgz. Extracting by manifest.
826 silly tarball no local data for @webassemblyjs/wasm-opt@https://registry.npmjs.org/@webassemblyjs/wasm-opt/-/wasm-opt-1.12.1.tgz. Extracting by manifest.
827 silly tarball no local data for @ungap/structured-clone@https://registry.npmjs.org/@ungap/structured-clone/-/structured-clone-1.2.0.tgz. Extracting by manifest.
828 silly tarball no local data for @types/yargs@https://registry.npmjs.org/@types/yargs/-/yargs-17.0.32.tgz. Extracting by manifest.
829 silly tarball no local data for @webassemblyjs/floating-point-hex-parser@https://registry.npmjs.org/@webassemblyjs/floating-point-hex-parser/-/floating-point-hex-parser-1.11.6.tgz. Extracting by manifest.
830 silly tarball no local data for @types/yargs-parser@https://registry.npmjs.org/@types/yargs-parser/-/yargs-parser-21.0.3.tgz. Extracting by manifest.
831 silly tarball no local data for @types/stack-trace@https://registry.npmjs.org/@types/stack-trace/-/stack-trace-0.0.29.tgz. Extracting by manifest.
832 silly tarball no local data for @types/semver-utils@https://registry.npmjs.org/@types/semver-utils/-/semver-utils-1.1.3.tgz. Extracting by manifest.
833 silly tarball no local data for @types/stack-utils@https://registry.npmjs.org/@types/stack-utils/-/stack-utils-2.0.3.tgz. Extracting by manifest.
834 silly tarball no local data for @types/keyv@https://registry.npmjs.org/@types/keyv/-/keyv-3.1.4.tgz. Extracting by manifest.
835 silly tarball no local data for @types/json5@https://registry.npmjs.org/@types/json5/-/json5-0.0.29.tgz. Extracting by manifest.
836 silly tarball no local data for @types/responselike@https://registry.npmjs.org/@types/responselike/-/responselike-1.0.0.tgz. Extracting by manifest.
837 silly tarball no local data for @types/jest@https://registry.npmjs.org/@types/jest/-/jest-29.5.12.tgz. Extracting by manifest.
838 silly tarball no local data for @types/node@https://registry.npmjs.org/@types/node/-/node-20.12.7.tgz. Extracting by manifest.
839 silly tarball no local data for @types/ms@https://registry.npmjs.org/@types/ms/-/ms-0.7.34.tgz. Extracting by manifest.
840 silly tarball no local data for @types/istanbul-reports@https://registry.npmjs.org/@types/istanbul-reports/-/istanbul-reports-3.0.4.tgz. Extracting by manifest.
841 silly tarball no local data for @types/http-cache-semantics@https://registry.npmjs.org/@types/http-cache-semantics/-/http-cache-semantics-4.0.1.tgz. Extracting by manifest.
842 silly tarball no local data for @types/graceful-fs@https://registry.npmjs.org/@types/graceful-fs/-/graceful-fs-4.1.9.tgz. Extracting by manifest.
843 silly tarball no local data for @types/json-schema@https://registry.npmjs.org/@types/json-schema/-/json-schema-7.0.11.tgz. Extracting by manifest.
844 silly tarball no local data for @types/istanbul-lib-report@https://registry.npmjs.org/@types/istanbul-lib-report/-/istanbul-lib-report-3.0.3.tgz. Extracting by manifest.
845 silly tarball no local data for @types/istanbul-lib-coverage@https://registry.npmjs.org/@types/istanbul-lib-coverage/-/istanbul-lib-coverage-2.0.6.tgz. Extracting by manifest.
846 silly tarball no local data for @types/estree@https://registry.npmjs.org/@types/estree/-/estree-1.0.5.tgz. Extracting by manifest.
847 silly tarball no local data for @types/cacheable-request@https://registry.npmjs.org/@types/cacheable-request/-/cacheable-request-6.0.2.tgz. Extracting by manifest.
848 silly tarball no local data for @types/babel__traverse@https://registry.npmjs.org/@types/babel__traverse/-/babel__traverse-7.20.5.tgz. Extracting by manifest.
849 silly tarball no local data for @types/eslint@https://registry.npmjs.org/@types/eslint/-/eslint-8.4.6.tgz. Extracting by manifest.
850 silly tarball no local data for @types/debug@https://registry.npmjs.org/@types/debug/-/debug-4.1.12.tgz. Extracting by manifest.
851 silly tarball no local data for @types/eslint-scope@https://registry.npmjs.org/@types/eslint-scope/-/eslint-scope-3.7.4.tgz. Extracting by manifest.
852 silly tarball no local data for @types/babel__template@https://registry.npmjs.org/@types/babel__template/-/babel__template-7.4.4.tgz. Extracting by manifest.
853 silly tarball no local data for @types/babel__core@https://registry.npmjs.org/@types/babel__core/-/babel__core-7.20.5.tgz. Extracting by manifest.
854 silly tarball no local data for @tufjs/models@https://registry.npmjs.org/@tufjs/models/-/models-1.0.4.tgz. Extracting by manifest.
855 silly tarball no local data for @tufjs/canonical-json@https://registry.npmjs.org/@tufjs/canonical-json/-/canonical-json-1.0.0.tgz. Extracting by manifest.
856 silly tarball no local data for @tootallnate/once@https://registry.npmjs.org/@tootallnate/once/-/once-2.0.0.tgz. Extracting by manifest.
857 silly tarball no local data for @szmarczak/http-timer@https://registry.npmjs.org/@szmarczak/http-timer/-/http-timer-5.0.1.tgz. Extracting by manifest.
858 silly tarball no local data for @sinonjs/commons@https://registry.npmjs.org/@sinonjs/commons/-/commons-3.0.1.tgz. Extracting by manifest.
859 silly tarball no local data for @sindresorhus/is@https://registry.npmjs.org/@sindresorhus/is/-/is-5.3.0.tgz. Extracting by manifest.
860 silly tarball no local data for @sinonjs/fake-timers@https://registry.npmjs.org/@sinonjs/fake-timers/-/fake-timers-10.3.0.tgz. Extracting by manifest.
861 silly tarball no local data for @sinclair/typebox@https://registry.npmjs.org/@sinclair/typebox/-/typebox-0.27.8.tgz. Extracting by manifest.
862 silly tarball no local data for @types/validator@https://registry.npmjs.org/@types/validator/-/validator-13.11.9.tgz. Extracting by manifest.
863 silly tarball no local data for @sigstore/sign@https://registry.npmjs.org/@sigstore/sign/-/sign-1.0.0.tgz. Extracting by manifest.
864 silly tarball no local data for @rails/ujs@https://registry.npmjs.org/@rails/ujs/-/ujs-7.1.3-2.tgz. Extracting by manifest.
865 silly tarball no local data for @types/babel__generator@https://registry.npmjs.org/@types/babel__generator/-/babel__generator-7.6.8.tgz. Extracting by manifest.
866 silly tarball no local data for @sigstore/bundle@https://registry.npmjs.org/@sigstore/bundle/-/bundle-1.1.0.tgz. Extracting by manifest.
867 silly tarball no local data for @sigstore/protobuf-specs@https://registry.npmjs.org/@sigstore/protobuf-specs/-/protobuf-specs-0.2.1.tgz. Extracting by manifest.
868 silly tarball no local data for @popperjs/core@https://registry.npmjs.org/@popperjs/core/-/core-2.11.8.tgz. Extracting by manifest.
869 silly tarball no local data for @pnpm/npm-conf@https://registry.npmjs.org/@pnpm/npm-conf/-/npm-conf-1.0.5.tgz. Extracting by manifest.
870 silly tarball no local data for @pnpm/network.ca-file@https://registry.npmjs.org/@pnpm/network.ca-file/-/network.ca-file-1.0.1.tgz. Extracting by manifest.
871 silly tarball no local data for @one-ini/wasm@https://registry.npmjs.org/@one-ini/wasm/-/wasm-0.1.1.tgz. Extracting by manifest.
872 silly tarball no local data for @pkgjs/parseargs@https://registry.npmjs.org/@pkgjs/parseargs/-/parseargs-0.11.0.tgz. Extracting by manifest.
873 silly tarball no local data for @npmcli/installed-package-contents@https://registry.npmjs.org/@npmcli/installed-package-contents/-/installed-package-contents-2.0.2.tgz. Extracting by manifest.
874 silly tarball no local data for @npmcli/run-script@https://registry.npmjs.org/@npmcli/run-script/-/run-script-6.0.2.tgz. Extracting by manifest.
875 silly tarball no local data for @npmcli/promise-spawn@https://registry.npmjs.org/@npmcli/promise-spawn/-/promise-spawn-6.0.2.tgz. Extracting by manifest.
876 silly tarball no local data for @npmcli/node-gyp@https://registry.npmjs.org/@npmcli/node-gyp/-/node-gyp-3.0.0.tgz. Extracting by manifest.
877 silly tarball no local data for @npmcli/git@https://registry.npmjs.org/@npmcli/git/-/git-4.1.0.tgz. Extracting by manifest.
878 silly tarball no local data for @npmcli/move-file@https://registry.npmjs.org/@npmcli/move-file/-/move-file-2.0.1.tgz. Extracting by manifest.
879 silly tarball no local data for @nodelib/fs.walk@https://registry.npmjs.org/@nodelib/fs.walk/-/fs.walk-1.2.8.tgz. Extracting by manifest.
880 silly tarball no local data for @nodelib/fs.scandir@https://registry.npmjs.org/@nodelib/fs.scandir/-/fs.scandir-2.1.5.tgz. Extracting by manifest.
881 silly tarball no local data for @npmcli/fs@https://registry.npmjs.org/@npmcli/fs/-/fs-3.1.0.tgz. Extracting by manifest.
882 silly tarball no local data for @sigstore/tuf@https://registry.npmjs.org/@sigstore/tuf/-/tuf-1.0.3.tgz. Extracting by manifest.
883 silly tarball no local data for @nodelib/fs.stat@https://registry.npmjs.org/@nodelib/fs.stat/-/fs.stat-2.0.5.tgz. Extracting by manifest.
884 silly tarball no local data for @lukeed/ms@https://registry.npmjs.org/@lukeed/ms/-/ms-2.0.2.tgz. Extracting by manifest.
885 silly tarball no local data for @jridgewell/trace-mapping@https://registry.npmjs.org/@jridgewell/trace-mapping/-/trace-mapping-0.3.25.tgz. Extracting by manifest.
886 silly tarball no local data for @jridgewell/gen-mapping@https://registry.npmjs.org/@jridgewell/gen-mapping/-/gen-mapping-0.3.5.tgz. Extracting by manifest.
887 silly tarball no local data for @jridgewell/source-map@https://registry.npmjs.org/@jridgewell/source-map/-/source-map-0.3.6.tgz. Extracting by manifest.
888 silly tarball no local data for @jest/types@https://registry.npmjs.org/@jest/types/-/types-29.6.3.tgz. Extracting by manifest.
889 silly tarball no local data for @jest/transform@https://registry.npmjs.org/@jest/transform/-/transform-29.7.0.tgz. Extracting by manifest.
890 silly tarball no local data for @jest/test-sequencer@https://registry.npmjs.org/@jest/test-sequencer/-/test-sequencer-29.7.0.tgz. Extracting by manifest.
891 silly tarball no local data for @jridgewell/sourcemap-codec@https://registry.npmjs.org/@jridgewell/sourcemap-codec/-/sourcemap-codec-1.4.15.tgz. Extracting by manifest.
892 silly tarball no local data for @jest/globals@https://registry.npmjs.org/@jest/globals/-/globals-29.7.0.tgz. Extracting by manifest.
893 silly tarball no local data for @jridgewell/resolve-uri@https://registry.npmjs.org/@jridgewell/resolve-uri/-/resolve-uri-3.1.2.tgz. Extracting by manifest.
894 silly tarball no local data for @jridgewell/set-array@https://registry.npmjs.org/@jridgewell/set-array/-/set-array-1.2.1.tgz. Extracting by manifest.
895 silly tarball no local data for @jest/source-map@https://registry.npmjs.org/@jest/source-map/-/source-map-29.6.3.tgz. Extracting by manifest.
896 silly tarball no local data for @jest/reporters@https://registry.npmjs.org/@jest/reporters/-/reporters-29.7.0.tgz. Extracting by manifest.
897 silly tarball no local data for @jest/environment@https://registry.npmjs.org/@jest/environment/-/environment-29.7.0.tgz. Extracting by manifest.
898 silly tarball no local data for @jest/schemas@https://registry.npmjs.org/@jest/schemas/-/schemas-29.6.3.tgz. Extracting by manifest.
899 silly tarball no local data for @jest/fake-timers@https://registry.npmjs.org/@jest/fake-timers/-/fake-timers-29.7.0.tgz. Extracting by manifest.
900 silly tarball no local data for @jest/expect-utils@https://registry.npmjs.org/@jest/expect-utils/-/expect-utils-29.7.0.tgz. Extracting by manifest.
901 silly tarball no local data for @jest/expect@https://registry.npmjs.org/@jest/expect/-/expect-29.7.0.tgz. Extracting by manifest.
902 silly tarball no local data for @jest/core@https://registry.npmjs.org/@jest/core/-/core-29.7.0.tgz. Extracting by manifest.
903 silly tarball no local data for @istanbuljs/schema@https://registry.npmjs.org/@istanbuljs/schema/-/schema-0.1.3.tgz. Extracting by manifest.
904 silly tarball no local data for @jest/test-result@https://registry.npmjs.org/@jest/test-result/-/test-result-29.7.0.tgz. Extracting by manifest.
905 silly tarball no local data for @jest/console@https://registry.npmjs.org/@jest/console/-/console-29.7.0.tgz. Extracting by manifest.
906 silly tarball no local data for @humanwhocodes/module-importer@https://registry.npmjs.org/@humanwhocodes/module-importer/-/module-importer-1.0.1.tgz. Extracting by manifest.
907 silly tarball no local data for @isaacs/cliui@https://registry.npmjs.org/@isaacs/cliui/-/cliui-8.0.2.tgz. Extracting by manifest.
908 silly tarball no local data for @fastify/view@https://registry.npmjs.org/@fastify/view/-/view-9.0.0.tgz. Extracting by manifest.
909 silly tarball no local data for @istanbuljs/load-nyc-config@https://registry.npmjs.org/@istanbuljs/load-nyc-config/-/load-nyc-config-1.1.0.tgz. Extracting by manifest.
910 silly tarball no local data for @humanwhocodes/object-schema@https://registry.npmjs.org/@humanwhocodes/object-schema/-/object-schema-2.0.3.tgz. Extracting by manifest.
911 silly tarball no local data for @gar/promisify@https://registry.npmjs.org/@gar/promisify/-/promisify-1.1.3.tgz. Extracting by manifest.
912 silly tarball no local data for @fastify/merge-json-schemas@https://registry.npmjs.org/@fastify/merge-json-schemas/-/merge-json-schemas-0.1.1.tgz. Extracting by manifest.
913 silly tarball no local data for @fastify/sensible@https://registry.npmjs.org/@fastify/sensible/-/sensible-5.5.0.tgz. Extracting by manifest.
914 silly tarball no local data for @humanwhocodes/config-array@https://registry.npmjs.org/@humanwhocodes/config-array/-/config-array-0.11.14.tgz. Extracting by manifest.
915 silly tarball no local data for @fastify/secure-session@https://registry.npmjs.org/@fastify/secure-session/-/secure-session-7.5.1.tgz. Extracting by manifest.
916 silly tarball no local data for @fastify/static@https://registry.npmjs.org/@fastify/static/-/static-7.0.3.tgz. Extracting by manifest.
917 silly tarball no local data for @fastify/error@https://registry.npmjs.org/@fastify/error/-/error-3.4.1.tgz. Extracting by manifest.
918 silly tarball no local data for @fastify/send@https://registry.npmjs.org/@fastify/send/-/send-2.1.0.tgz. Extracting by manifest.
919 silly tarball no local data for @fastify/accept-negotiator@https://registry.npmjs.org/@fastify/accept-negotiator/-/accept-negotiator-1.0.0.tgz. Extracting by manifest.
920 silly tarball no local data for @fastify/ajv-compiler@https://registry.npmjs.org/@fastify/ajv-compiler/-/ajv-compiler-3.5.0.tgz. Extracting by manifest.
921 silly tarball no local data for @fastify/flash@https://registry.npmjs.org/@fastify/flash/-/flash-5.1.0.tgz. Extracting by manifest.
922 silly tarball no local data for @fastify/deepmerge@https://registry.npmjs.org/@fastify/deepmerge/-/deepmerge-1.3.0.tgz. Extracting by manifest.
923 silly tarball no local data for @fastify/fast-json-stringify-compiler@https://registry.npmjs.org/@fastify/fast-json-stringify-compiler/-/fast-json-stringify-compiler-4.3.0.tgz. Extracting by manifest.
924 silly tarball no local data for @eslint/eslintrc@https://registry.npmjs.org/@eslint/eslintrc/-/eslintrc-3.0.2.tgz. Extracting by manifest.
925 silly tarball no local data for @eslint/js@https://registry.npmjs.org/@eslint/js/-/js-9.1.1.tgz. Extracting by manifest.
926 silly tarball no local data for @fastify/cookie@https://registry.npmjs.org/@fastify/cookie/-/cookie-9.3.1.tgz. Extracting by manifest.
927 silly tarball no local data for @eslint-community/regexpp@https://registry.npmjs.org/@eslint-community/regexpp/-/regexpp-4.10.0.tgz. Extracting by manifest.
928 silly tarball no local data for @eslint-community/eslint-utils@https://registry.npmjs.org/@eslint-community/eslint-utils/-/eslint-utils-4.4.0.tgz. Extracting by manifest.
929 silly tarball no local data for @discoveryjs/json-ext@https://registry.npmjs.org/@discoveryjs/json-ext/-/json-ext-0.5.7.tgz. Extracting by manifest.
930 silly tarball no local data for @colors/colors@https://registry.npmjs.org/@colors/colors/-/colors-1.5.0.tgz. Extracting by manifest.
931 silly tarball no local data for @fastify/formbody@https://registry.npmjs.org/@fastify/formbody/-/formbody-7.4.0.tgz. Extracting by manifest.
932 silly tarball no local data for @babel/plugin-syntax-top-level-await@https://registry.npmjs.org/@babel/plugin-syntax-top-level-await/-/plugin-syntax-top-level-await-7.14.5.tgz. Extracting by manifest.
933 silly tarball no local data for @bcoe/v8-coverage@https://registry.npmjs.org/@bcoe/v8-coverage/-/v8-coverage-0.2.3.tgz. Extracting by manifest.
934 silly tarball no local data for @babel/types@https://registry.npmjs.org/@babel/types/-/types-7.24.0.tgz. Extracting by manifest.
935 silly tarball no local data for @babel/traverse@https://registry.npmjs.org/@babel/traverse/-/traverse-7.24.1.tgz. Extracting by manifest.
936 silly tarball no local data for @babel/plugin-syntax-typescript@https://registry.npmjs.org/@babel/plugin-syntax-typescript/-/plugin-syntax-typescript-7.24.1.tgz. Extracting by manifest.
937 silly tarball no local data for @babel/plugin-syntax-optional-chaining@https://registry.npmjs.org/@babel/plugin-syntax-optional-chaining/-/plugin-syntax-optional-chaining-7.8.3.tgz. Extracting by manifest.
938 silly tarball no local data for @babel/plugin-syntax-numeric-separator@https://registry.npmjs.org/@babel/plugin-syntax-numeric-separator/-/plugin-syntax-numeric-separator-7.10.4.tgz. Extracting by manifest.
939 silly tarball no local data for @babel/runtime@https://registry.npmjs.org/@babel/runtime/-/runtime-7.24.4.tgz. Extracting by manifest.
940 silly tarball no local data for @babel/plugin-syntax-optional-catch-binding@https://registry.npmjs.org/@babel/plugin-syntax-optional-catch-binding/-/plugin-syntax-optional-catch-binding-7.8.3.tgz. Extracting by manifest.
941 silly tarball no local data for @babel/plugin-syntax-json-strings@https://registry.npmjs.org/@babel/plugin-syntax-json-strings/-/plugin-syntax-json-strings-7.8.3.tgz. Extracting by manifest.
942 silly tarball no local data for @babel/plugin-syntax-object-rest-spread@https://registry.npmjs.org/@babel/plugin-syntax-object-rest-spread/-/plugin-syntax-object-rest-spread-7.8.3.tgz. Extracting by manifest.
943 silly tarball no local data for @babel/plugin-syntax-import-meta@https://registry.npmjs.org/@babel/plugin-syntax-import-meta/-/plugin-syntax-import-meta-7.10.4.tgz. Extracting by manifest.
944 silly tarball no local data for @babel/plugin-syntax-nullish-coalescing-operator@https://registry.npmjs.org/@babel/plugin-syntax-nullish-coalescing-operator/-/plugin-syntax-nullish-coalescing-operator-7.8.3.tgz. Extracting by manifest.
945 silly tarball no local data for @babel/plugin-syntax-class-properties@https://registry.npmjs.org/@babel/plugin-syntax-class-properties/-/plugin-syntax-class-properties-7.12.13.tgz. Extracting by manifest.
946 silly tarball no local data for @babel/plugin-syntax-bigint@https://registry.npmjs.org/@babel/plugin-syntax-bigint/-/plugin-syntax-bigint-7.8.3.tgz. Extracting by manifest.
947 silly tarball no local data for @babel/plugin-syntax-logical-assignment-operators@https://registry.npmjs.org/@babel/plugin-syntax-logical-assignment-operators/-/plugin-syntax-logical-assignment-operators-7.10.4.tgz. Extracting by manifest.
948 silly tarball no local data for @babel/template@https://registry.npmjs.org/@babel/template/-/template-7.24.0.tgz. Extracting by manifest.
949 silly tarball no local data for @babel/plugin-syntax-jsx@https://registry.npmjs.org/@babel/plugin-syntax-jsx/-/plugin-syntax-jsx-7.24.1.tgz. Extracting by manifest.
950 silly tarball no local data for @babel/parser@https://registry.npmjs.org/@babel/parser/-/parser-7.24.4.tgz. Extracting by manifest.
951 silly tarball no local data for @babel/highlight@https://registry.npmjs.org/@babel/highlight/-/highlight-7.24.2.tgz. Extracting by manifest.
952 silly tarball no local data for @babel/helper-split-export-declaration@https://registry.npmjs.org/@babel/helper-split-export-declaration/-/helper-split-export-declaration-7.22.6.tgz. Extracting by manifest.
953 silly tarball no local data for @babel/helpers@https://registry.npmjs.org/@babel/helpers/-/helpers-7.24.4.tgz. Extracting by manifest.
954 silly tarball no local data for @babel/helper-validator-option@https://registry.npmjs.org/@babel/helper-validator-option/-/helper-validator-option-7.23.5.tgz. Extracting by manifest.
955 silly tarball no local data for @babel/helper-validator-identifier@https://registry.npmjs.org/@babel/helper-validator-identifier/-/helper-validator-identifier-7.22.20.tgz. Extracting by manifest.
956 silly tarball no local data for @babel/helper-string-parser@https://registry.npmjs.org/@babel/helper-string-parser/-/helper-string-parser-7.24.1.tgz. Extracting by manifest.
957 silly tarball no local data for @babel/helper-plugin-utils@https://registry.npmjs.org/@babel/helper-plugin-utils/-/helper-plugin-utils-7.24.0.tgz. Extracting by manifest.
958 silly tarball no local data for @babel/helper-simple-access@https://registry.npmjs.org/@babel/helper-simple-access/-/helper-simple-access-7.22.5.tgz. Extracting by manifest.
959 silly tarball no local data for @babel/helper-module-transforms@https://registry.npmjs.org/@babel/helper-module-transforms/-/helper-module-transforms-7.23.3.tgz. Extracting by manifest.
960 silly tarball no local data for @babel/helper-module-imports@https://registry.npmjs.org/@babel/helper-module-imports/-/helper-module-imports-7.24.3.tgz. Extracting by manifest.
961 silly tarball no local data for @babel/helper-hoist-variables@https://registry.npmjs.org/@babel/helper-hoist-variables/-/helper-hoist-variables-7.22.5.tgz. Extracting by manifest.
962 silly tarball no local data for @babel/helper-environment-visitor@https://registry.npmjs.org/@babel/helper-environment-visitor/-/helper-environment-visitor-7.22.20.tgz. Extracting by manifest.
963 silly tarball no local data for @babel/helper-function-name@https://registry.npmjs.org/@babel/helper-function-name/-/helper-function-name-7.23.0.tgz. Extracting by manifest.
964 silly tarball no local data for @babel/helper-compilation-targets@https://registry.npmjs.org/@babel/helper-compilation-targets/-/helper-compilation-targets-7.23.6.tgz. Extracting by manifest.
965 silly tarball no local data for @babel/plugin-syntax-async-generators@https://registry.npmjs.org/@babel/plugin-syntax-async-generators/-/plugin-syntax-async-generators-7.8.4.tgz. Extracting by manifest.
966 silly tarball no local data for @babel/compat-data@https://registry.npmjs.org/@babel/compat-data/-/compat-data-7.24.4.tgz. Extracting by manifest.
967 silly tarball no local data for @babel/generator@https://registry.npmjs.org/@babel/generator/-/generator-7.24.4.tgz. Extracting by manifest.
968 silly tarball no local data for @babel/core@https://registry.npmjs.org/@babel/core/-/core-7.24.4.tgz. Extracting by manifest.
969 silly tarball no local data for @ampproject/remapping@https://registry.npmjs.org/@ampproject/remapping/-/remapping-2.3.0.tgz. Extracting by manifest.
970 silly tarball no local data for ansi-regex@https://registry.npmjs.org/ansi-regex/-/ansi-regex-6.0.1.tgz. Extracting by manifest.
971 silly tarball no local data for strip-ansi@https://registry.npmjs.org/strip-ansi/-/strip-ansi-7.0.1.tgz. Extracting by manifest.
972 silly tarball no local data for @aashutoshrathi/word-wrap@https://registry.npmjs.org/@aashutoshrathi/word-wrap/-/word-wrap-1.2.6.tgz. Extracting by manifest.
973 silly tarball no local data for ansi-styles@https://registry.npmjs.org/ansi-styles/-/ansi-styles-6.1.0.tgz. Extracting by manifest.
974 silly tarball no local data for emoji-regex@https://registry.npmjs.org/emoji-regex/-/emoji-regex-9.2.2.tgz. Extracting by manifest.
975 silly tarball no local data for string-width@https://registry.npmjs.org/string-width/-/string-width-5.1.2.tgz. Extracting by manifest.
976 silly tarball no local data for ansi-regex@https://registry.npmjs.org/ansi-regex/-/ansi-regex-6.0.1.tgz. Extracting by manifest.
977 silly tarball no local data for string-width@https://registry.npmjs.org/string-width/-/string-width-5.1.2.tgz. Extracting by manifest.
978 silly tarball no local data for strip-ansi@https://registry.npmjs.org/strip-ansi/-/strip-ansi-7.0.1.tgz. Extracting by manifest.
979 silly tarball no local data for emoji-regex@https://registry.npmjs.org/emoji-regex/-/emoji-regex-9.2.2.tgz. Extracting by manifest.
980 silly tarball no local data for schema-utils@https://registry.npmjs.org/schema-utils/-/schema-utils-3.3.0.tgz. Extracting by manifest.
981 silly tarball no local data for graceful-fs@https://registry.npmjs.org/graceful-fs/-/graceful-fs-4.2.11.tgz. Extracting by manifest.
982 silly tarball no local data for @babel/code-frame@https://registry.npmjs.org/@babel/code-frame/-/code-frame-7.24.2.tgz. Extracting by manifest.
983 silly tarball no local data for strip-bom@https://registry.npmjs.org/strip-bom/-/strip-bom-3.0.0.tgz. Extracting by manifest.
984 silly tarball no local data for estraverse@https://registry.npmjs.org/estraverse/-/estraverse-4.3.0.tgz. Extracting by manifest.
985 silly tarball no local data for eslint-scope@https://registry.npmjs.org/eslint-scope/-/eslint-scope-5.1.1.tgz. Extracting by manifest.
986 silly tarball no local data for interpret@https://registry.npmjs.org/interpret/-/interpret-3.1.1.tgz. Extracting by manifest.
987 silly tarball no local data for json5@https://registry.npmjs.org/json5/-/json5-1.0.2.tgz. Extracting by manifest.
988 silly tarball no local data for chalk@https://registry.npmjs.org/chalk/-/chalk-5.0.1.tgz. Extracting by manifest.
989 silly tarball no local data for supports-color@https://registry.npmjs.org/supports-color/-/supports-color-8.1.1.tgz. Extracting by manifest.
990 silly tarball no local data for jest-worker@https://registry.npmjs.org/jest-worker/-/jest-worker-27.5.1.tgz. Extracting by manifest.
991 silly tarball no local data for glob@https://registry.npmjs.org/glob/-/glob-7.2.3.tgz. Extracting by manifest.
992 silly tarball no local data for schema-utils@https://registry.npmjs.org/schema-utils/-/schema-utils-3.3.0.tgz. Extracting by manifest.
993 silly tarball no local data for source-map-support@https://registry.npmjs.org/source-map-support/-/source-map-support-0.5.21.tgz. Extracting by manifest.
994 silly tarball no local data for commander@https://registry.npmjs.org/commander/-/commander-2.20.3.tgz. Extracting by manifest.
995 silly tarball no local data for chownr@https://registry.npmjs.org/chownr/-/chownr-1.1.4.tgz. Extracting by manifest.
996 silly tarball no local data for node-gyp@https://registry.npmjs.org/node-gyp/-/node-gyp-8.4.1.tgz. Extracting by manifest.
997 silly tarball no local data for ssri@https://registry.npmjs.org/ssri/-/ssri-8.0.1.tgz. Extracting by manifest.
998 silly tarball no local data for make-fetch-happen@https://registry.npmjs.org/make-fetch-happen/-/make-fetch-happen-9.1.0.tgz. Extracting by manifest.
999 silly tarball no local data for escape-string-regexp@https://registry.npmjs.org/escape-string-regexp/-/escape-string-regexp-2.0.0.tgz. Extracting by manifest.
1000 silly tarball no local data for socks-proxy-agent@https://registry.npmjs.org/socks-proxy-agent/-/socks-proxy-agent-6.2.1.tgz. Extracting by manifest.
1001 silly tarball no local data for cookie@https://registry.npmjs.org/cookie/-/cookie-0.4.2.tgz. Extracting by manifest.
1002 silly tarball no local data for minipass-fetch@https://registry.npmjs.org/minipass-fetch/-/minipass-fetch-1.4.1.tgz. Extracting by manifest.
1003 silly tarball no local data for cacache@https://registry.npmjs.org/cacache/-/cacache-15.3.0.tgz. Extracting by manifest.
1004 silly tarball no local data for lru-cache@https://registry.npmjs.org/lru-cache/-/lru-cache-6.0.0.tgz. Extracting by manifest.
1005 silly tarball no local data for minipass@https://registry.npmjs.org/minipass/-/minipass-7.0.4.tgz. Extracting by manifest.
1006 silly tarball no local data for glob@https://registry.npmjs.org/glob/-/glob-7.2.3.tgz. Extracting by manifest.
1007 silly tarball no local data for @npmcli/move-file@https://registry.npmjs.org/@npmcli/move-file/-/move-file-1.1.2.tgz. Extracting by manifest.
1008 silly tarball no local data for @npmcli/fs@https://registry.npmjs.org/@npmcli/fs/-/fs-1.1.1.tgz. Extracting by manifest.
1009 silly tarball no local data for cliui@https://registry.npmjs.org/cliui/-/cliui-7.0.4.tgz. Extracting by manifest.
1010 silly tarball no local data for http-proxy-agent@https://registry.npmjs.org/http-proxy-agent/-/http-proxy-agent-4.0.1.tgz. Extracting by manifest.
1011 silly tarball no local data for wrap-ansi@https://registry.npmjs.org/wrap-ansi/-/wrap-ansi-7.0.0.tgz. Extracting by manifest.
1012 silly tarball no local data for yargs@https://registry.npmjs.org/yargs/-/yargs-16.2.0.tgz. Extracting by manifest.
1013 silly tarball no local data for @tootallnate/once@https://registry.npmjs.org/@tootallnate/once/-/once-1.1.2.tgz. Extracting by manifest.
1014 silly tarball no local data for yargs-parser@https://registry.npmjs.org/yargs-parser/-/yargs-parser-20.2.9.tgz. Extracting by manifest.
1015 silly tarball no local data for ajv@https://registry.npmjs.org/ajv/-/ajv-8.11.0.tgz. Extracting by manifest.
1016 silly tarball no local data for json-schema-traverse@https://registry.npmjs.org/json-schema-traverse/-/json-schema-traverse-1.0.0.tgz. Extracting by manifest.
1017 silly tarball no local data for ajv-keywords@https://registry.npmjs.org/ajv-keywords/-/ajv-keywords-5.1.0.tgz. Extracting by manifest.
1018 silly tarball no local data for lru-cache@https://registry.npmjs.org/lru-cache/-/lru-cache-6.0.0.tgz. Extracting by manifest.
1019 silly tarball no local data for lowercase-keys@https://registry.npmjs.org/lowercase-keys/-/lowercase-keys-2.0.0.tgz. Extracting by manifest.
1020 silly tarball no local data for glob@https://registry.npmjs.org/glob/-/glob-7.2.3.tgz. Extracting by manifest.
1021 silly tarball no local data for ini@https://registry.npmjs.org/ini/-/ini-1.3.8.tgz. Extracting by manifest.
1022 silly tarball no local data for json-parse-even-better-errors@https://registry.npmjs.org/json-parse-even-better-errors/-/json-parse-even-better-errors-3.0.1.tgz. Extracting by manifest.
1023 silly tarball no local data for strip-json-comments@https://registry.npmjs.org/strip-json-comments/-/strip-json-comments-2.0.1.tgz. Extracting by manifest.
1024 silly tarball no local data for json-parse-even-better-errors@https://registry.npmjs.org/json-parse-even-better-errors/-/json-parse-even-better-errors-3.0.1.tgz. Extracting by manifest.
1025 silly tarball no local data for locate-path@https://registry.npmjs.org/locate-path/-/locate-path-3.0.0.tgz. Extracting by manifest.
1026 silly tarball no local data for kleur@https://registry.npmjs.org/kleur/-/kleur-4.1.5.tgz. Extracting by manifest.
1027 silly tarball no local data for ansi-styles@https://registry.npmjs.org/ansi-styles/-/ansi-styles-5.2.0.tgz. Extracting by manifest.
1028 silly tarball no local data for path-exists@https://registry.npmjs.org/path-exists/-/path-exists-3.0.0.tgz. Extracting by manifest.
1029 silly tarball no local data for p-limit@https://registry.npmjs.org/p-limit/-/p-limit-2.3.0.tgz. Extracting by manifest.
1030 silly tarball no local data for p-locate@https://registry.npmjs.org/p-locate/-/p-locate-3.0.0.tgz. Extracting by manifest.
1031 silly tarball no local data for find-up@https://registry.npmjs.org/find-up/-/find-up-3.0.0.tgz. Extracting by manifest.
1032 silly tarball no local data for p-limit@https://registry.npmjs.org/p-limit/-/p-limit-2.3.0.tgz. Extracting by manifest.
1033 silly tarball no local data for locate-path@https://registry.npmjs.org/locate-path/-/locate-path-5.0.0.tgz. Extracting by manifest.
1034 silly tarball no local data for find-up@https://registry.npmjs.org/find-up/-/find-up-4.1.0.tgz. Extracting by manifest.
1035 silly tarball no local data for p-locate@https://registry.npmjs.org/p-locate/-/p-locate-4.1.0.tgz. Extracting by manifest.
1036 silly tarball no local data for readable-stream@https://registry.npmjs.org/readable-stream/-/readable-stream-4.5.2.tgz. Extracting by manifest.
1037 silly tarball no local data for split2@https://registry.npmjs.org/split2/-/split2-4.2.0.tgz. Extracting by manifest.
1038 silly tarball no local data for help-me@https://registry.npmjs.org/help-me/-/help-me-5.0.0.tgz. Extracting by manifest.
1039 silly tarball no local data for readable-stream@https://registry.npmjs.org/readable-stream/-/readable-stream-4.5.2.tgz. Extracting by manifest.
1040 silly tarball no local data for buffer@https://registry.npmjs.org/buffer/-/buffer-6.0.3.tgz. Extracting by manifest.
1041 silly tarball no local data for minipass@https://registry.npmjs.org/minipass/-/minipass-7.0.4.tgz. Extracting by manifest.
1042 silly tarball no local data for buffer@https://registry.npmjs.org/buffer/-/buffer-6.0.3.tgz. Extracting by manifest.
1043 silly tarball no local data for split2@https://registry.npmjs.org/split2/-/split2-4.2.0.tgz. Extracting by manifest.
1044 silly tarball no local data for lru-cache@https://registry.npmjs.org/lru-cache/-/lru-cache-10.2.0.tgz. Extracting by manifest.
1045 silly tarball no local data for minipass@https://registry.npmjs.org/minipass/-/minipass-5.0.0.tgz. Extracting by manifest.
1046 silly tarball no local data for pg-connection-string@https://registry.npmjs.org/pg-connection-string/-/pg-connection-string-2.6.4.tgz. Extracting by manifest.
1047 silly tarball no local data for fs-minipass@https://registry.npmjs.org/fs-minipass/-/fs-minipass-3.0.3.tgz. Extracting by manifest.
1048 silly tarball no local data for json-schema-traverse@https://registry.npmjs.org/json-schema-traverse/-/json-schema-traverse-1.0.0.tgz. Extracting by manifest.
1049 silly tarball no local data for ajv@https://registry.npmjs.org/ajv/-/ajv-8.12.0.tgz. Extracting by manifest.
1050 silly tarball no local data for hosted-git-info@https://registry.npmjs.org/hosted-git-info/-/hosted-git-info-6.1.1.tgz. Extracting by manifest.
1051 silly tarball no local data for lru-cache@https://registry.npmjs.org/lru-cache/-/lru-cache-7.18.3.tgz. Extracting by manifest.
1052 silly tarball no local data for minipass@https://registry.npmjs.org/minipass/-/minipass-5.0.0.tgz. Extracting by manifest.
1053 silly tarball no local data for source-map-support@https://registry.npmjs.org/source-map-support/-/source-map-support-0.5.21.tgz. Extracting by manifest.
1054 silly tarball no local data for rimraf@https://registry.npmjs.org/rimraf/-/rimraf-5.0.5.tgz. Extracting by manifest.
1055 silly tarball no local data for strip-ansi@https://registry.npmjs.org/strip-ansi/-/strip-ansi-7.1.0.tgz. Extracting by manifest.
1056 silly tarball no local data for chalk@https://registry.npmjs.org/chalk/-/chalk-5.3.0.tgz. Extracting by manifest.
1057 silly tarball no local data for strip-json-comments@https://registry.npmjs.org/strip-json-comments/-/strip-json-comments-5.0.1.tgz. Extracting by manifest.
1058 silly tarball no local data for brace-expansion@https://registry.npmjs.org/brace-expansion/-/brace-expansion-2.0.1.tgz. Extracting by manifest.
1059 silly tarball no local data for ini@https://registry.npmjs.org/ini/-/ini-4.1.2.tgz. Extracting by manifest.
1060 silly tarball no local data for minimatch@https://registry.npmjs.org/minimatch/-/minimatch-9.0.4.tgz. Extracting by manifest.
1061 silly tarball no local data for unique-slug@https://registry.npmjs.org/unique-slug/-/unique-slug-3.0.0.tgz. Extracting by manifest.
1062 silly tarball no local data for node-addon-api@https://registry.npmjs.org/node-addon-api/-/node-addon-api-7.1.0.tgz. Extracting by manifest.
1063 silly tarball no local data for nopt@https://registry.npmjs.org/nopt/-/nopt-6.0.0.tgz. Extracting by manifest.
1064 silly tarball no local data for minipass@https://registry.npmjs.org/minipass/-/minipass-7.0.4.tgz. Extracting by manifest.
1065 silly tarball no local data for ssri@https://registry.npmjs.org/ssri/-/ssri-9.0.1.tgz. Extracting by manifest.
1066 silly tarball no local data for lru-cache@https://registry.npmjs.org/lru-cache/-/lru-cache-7.18.3.tgz. Extracting by manifest.
1067 silly tarball no local data for ansi-regex@https://registry.npmjs.org/ansi-regex/-/ansi-regex-6.0.1.tgz. Extracting by manifest.
1068 silly tarball no local data for make-fetch-happen@https://registry.npmjs.org/make-fetch-happen/-/make-fetch-happen-10.2.1.tgz. Extracting by manifest.
1069 silly tarball no local data for glob@https://registry.npmjs.org/glob/-/glob-7.2.3.tgz. Extracting by manifest.
1070 silly tarball no local data for lru-cache@https://registry.npmjs.org/lru-cache/-/lru-cache-7.18.3.tgz. Extracting by manifest.
1071 silly tarball no local data for cacache@https://registry.npmjs.org/cacache/-/cacache-16.1.3.tgz. Extracting by manifest.
1072 silly tarball no local data for brace-expansion@https://registry.npmjs.org/brace-expansion/-/brace-expansion-2.0.1.tgz. Extracting by manifest.
1073 silly tarball no local data for hosted-git-info@https://registry.npmjs.org/hosted-git-info/-/hosted-git-info-6.1.1.tgz. Extracting by manifest.
1074 silly tarball no local data for glob@https://registry.npmjs.org/glob/-/glob-8.1.0.tgz. Extracting by manifest.
1075 silly tarball no local data for minipass@https://registry.npmjs.org/minipass/-/minipass-5.0.0.tgz. Extracting by manifest.
1076 silly tarball no local data for minipass-fetch@https://registry.npmjs.org/minipass-fetch/-/minipass-fetch-2.1.2.tgz. Extracting by manifest.
1077 silly tarball no local data for minimatch@https://registry.npmjs.org/minimatch/-/minimatch-5.1.6.tgz. Extracting by manifest.
1078 silly tarball no local data for @npmcli/fs@https://registry.npmjs.org/@npmcli/fs/-/fs-2.1.2.tgz. Extracting by manifest.
1079 silly tarball no local data for unique-filename@https://registry.npmjs.org/unique-filename/-/unique-filename-2.0.1.tgz. Extracting by manifest.
1080 silly tarball no local data for lru-cache@https://registry.npmjs.org/lru-cache/-/lru-cache-7.18.3.tgz. Extracting by manifest.
1081 silly tarball no local data for nopt@https://registry.npmjs.org/nopt/-/nopt-7.2.0.tgz. Extracting by manifest.
1082 silly tarball no local data for yallist@https://registry.npmjs.org/yallist/-/yallist-3.1.1.tgz. Extracting by manifest.
1083 silly tarball no local data for camelcase@https://registry.npmjs.org/camelcase/-/camelcase-6.3.0.tgz. Extracting by manifest.
1084 silly tarball no local data for supports-color@https://registry.npmjs.org/supports-color/-/supports-color-8.1.1.tgz. Extracting by manifest.
1085 silly tarball no local data for glob@https://registry.npmjs.org/glob/-/glob-7.2.3.tgz. Extracting by manifest.
1086 silly tarball no local data for glob@https://registry.npmjs.org/glob/-/glob-7.2.3.tgz. Extracting by manifest.
1087 silly tarball no local data for minimatch@https://registry.npmjs.org/minimatch/-/minimatch-9.0.4.tgz. Extracting by manifest.
1088 silly tarball no local data for brace-expansion@https://registry.npmjs.org/brace-expansion/-/brace-expansion-2.0.1.tgz. Extracting by manifest.
1089 silly tarball no local data for acorn@https://registry.npmjs.org/acorn/-/acorn-7.4.1.tgz. Extracting by manifest.
1090 silly tarball no local data for minipass@https://registry.npmjs.org/minipass/-/minipass-7.0.4.tgz. Extracting by manifest.
1091 silly tarball no local data for resolve-from@https://registry.npmjs.org/resolve-from/-/resolve-from-4.0.0.tgz. Extracting by manifest.
1092 silly tarball no local data for brace-expansion@https://registry.npmjs.org/brace-expansion/-/brace-expansion-2.0.1.tgz. Extracting by manifest.
1093 silly tarball no local data for glob@https://registry.npmjs.org/glob/-/glob-8.1.0.tgz. Extracting by manifest.
1094 silly tarball no local data for lru-cache@https://registry.npmjs.org/lru-cache/-/lru-cache-7.18.3.tgz. Extracting by manifest.
1095 silly tarball no local data for brace-expansion@https://registry.npmjs.org/brace-expansion/-/brace-expansion-2.0.1.tgz. Extracting by manifest.
1096 silly tarball no local data for minipass@https://registry.npmjs.org/minipass/-/minipass-7.0.4.tgz. Extracting by manifest.
1097 silly tarball no local data for abbrev@https://registry.npmjs.org/abbrev/-/abbrev-2.0.0.tgz. Extracting by manifest.
1098 silly tarball no local data for minimatch@https://registry.npmjs.org/minimatch/-/minimatch-9.0.4.tgz. Extracting by manifest.
1099 silly tarball no local data for minimatch@https://registry.npmjs.org/minimatch/-/minimatch-5.1.6.tgz. Extracting by manifest.
1100 silly tarball no local data for pg-connection-string@https://registry.npmjs.org/pg-connection-string/-/pg-connection-string-2.6.1.tgz. Extracting by manifest.
1101 silly tarball no local data for pino-pretty@https://registry.npmjs.org/pino-pretty/-/pino-pretty-10.3.1.tgz. Extracting by manifest.
1102 silly tarball no local data for knex@https://registry.npmjs.org/knex/-/knex-2.5.1.tgz. Extracting by manifest.
1103 silly tarball no local data for readable-stream@https://registry.npmjs.org/readable-stream/-/readable-stream-4.5.2.tgz. Extracting by manifest.
1104 silly tarball no local data for buffer@https://registry.npmjs.org/buffer/-/buffer-6.0.3.tgz. Extracting by manifest.
1105 silly tarball no local data for json-schema-traverse@https://registry.npmjs.org/json-schema-traverse/-/json-schema-traverse-1.0.0.tgz. Extracting by manifest.
1106 silly tarball no local data for fastify-plugin@https://registry.npmjs.org/fastify-plugin/-/fastify-plugin-4.5.1.tgz. Extracting by manifest.
1107 silly tarball no local data for signal-exit@https://registry.npmjs.org/signal-exit/-/signal-exit-4.1.0.tgz. Extracting by manifest.
1108 silly tarball no local data for fastify-plugin@https://registry.npmjs.org/fastify-plugin/-/fastify-plugin-2.3.4.tgz. Extracting by manifest.
1109 silly tarball no local data for ajv-formats@https://registry.npmjs.org/ajv-formats/-/ajv-formats-3.0.1.tgz. Extracting by manifest.
1110 silly tarball no local data for ajv@https://registry.npmjs.org/ajv/-/ajv-8.12.0.tgz. Extracting by manifest.
1111 silly tarball no local data for fastify-plugin@https://registry.npmjs.org/fastify-plugin/-/fastify-plugin-4.5.1.tgz. Extracting by manifest.
1112 silly tarball no local data for doctrine@https://registry.npmjs.org/doctrine/-/doctrine-2.1.0.tgz. Extracting by manifest.
1113 silly tarball no local data for semver@https://registry.npmjs.org/semver/-/semver-6.3.1.tgz. Extracting by manifest.
1114 silly tarball no local data for eslint-visitor-keys@https://registry.npmjs.org/eslint-visitor-keys/-/eslint-visitor-keys-4.0.0.tgz. Extracting by manifest.
1115 silly tarball no local data for debug@https://registry.npmjs.org/debug/-/debug-3.2.7.tgz. Extracting by manifest.
1116 silly tarball no local data for glob-parent@https://registry.npmjs.org/glob-parent/-/glob-parent-5.1.2.tgz. Extracting by manifest.
1117 silly tarball no local data for debug@https://registry.npmjs.org/debug/-/debug-3.2.7.tgz. Extracting by manifest.
1118 silly tarball no local data for help-me@https://registry.npmjs.org/help-me/-/help-me-5.0.0.tgz. Extracting by manifest.
1119 silly tarball no local data for espree@https://registry.npmjs.org/espree/-/espree-9.6.1.tgz. Extracting by manifest.
1120 silly tarball no local data for globals@https://registry.npmjs.org/globals/-/globals-13.24.0.tgz. Extracting by manifest.
1121 silly tarball no local data for fastify-plugin@https://registry.npmjs.org/fastify-plugin/-/fastify-plugin-4.5.1.tgz. Extracting by manifest.
1122 silly tarball no local data for debug@https://registry.npmjs.org/debug/-/debug-3.2.7.tgz. Extracting by manifest.
1123 silly tarball no local data for escape-string-regexp@https://registry.npmjs.org/escape-string-regexp/-/escape-string-regexp-4.0.0.tgz. Extracting by manifest.
1124 silly tarball no local data for minimatch@https://registry.npmjs.org/minimatch/-/minimatch-9.0.1.tgz. Extracting by manifest.
1125 silly tarball no local data for brace-expansion@https://registry.npmjs.org/brace-expansion/-/brace-expansion-2.0.1.tgz. Extracting by manifest.
1126 silly tarball no local data for semver@https://registry.npmjs.org/semver/-/semver-6.3.1.tgz. Extracting by manifest.
1127 silly tarball no local data for @eslint/eslintrc@https://registry.npmjs.org/@eslint/eslintrc/-/eslintrc-2.1.4.tgz. Extracting by manifest.
1128 silly tarball no local data for mimic-response@https://registry.npmjs.org/mimic-response/-/mimic-response-3.1.0.tgz. Extracting by manifest.
1129 silly tarball no local data for ms@https://registry.npmjs.org/ms/-/ms-2.1.2.tgz. Extracting by manifest.
1130 silly tarball no local data for type-fest@https://registry.npmjs.org/type-fest/-/type-fest-1.4.0.tgz. Extracting by manifest.
1131 silly tarball no local data for ini@https://registry.npmjs.org/ini/-/ini-1.3.8.tgz. Extracting by manifest.
1132 silly tarball no local data for write-file-atomic@https://registry.npmjs.org/write-file-atomic/-/write-file-atomic-3.0.3.tgz. Extracting by manifest.
1133 silly tarball no local data for lowercase-keys@https://registry.npmjs.org/lowercase-keys/-/lowercase-keys-2.0.0.tgz. Extracting by manifest.
1134 silly tarball no local data for supports-color@https://registry.npmjs.org/supports-color/-/supports-color-8.1.1.tgz. Extracting by manifest.
1135 silly tarball no local data for wrap-ansi@https://registry.npmjs.org/wrap-ansi/-/wrap-ansi-7.0.0.tgz. Extracting by manifest.
1136 silly tarball no local data for get-stream@https://registry.npmjs.org/get-stream/-/get-stream-5.2.0.tgz. Extracting by manifest.
1137 silly tarball no local data for unique-slug@https://registry.npmjs.org/unique-slug/-/unique-slug-4.0.0.tgz. Extracting by manifest.
1138 silly tarball no local data for unique-filename@https://registry.npmjs.org/unique-filename/-/unique-filename-3.0.0.tgz. Extracting by manifest.
1139 silly tarball no local data for minipass@https://registry.npmjs.org/minipass/-/minipass-7.0.4.tgz. Extracting by manifest.
1140 silly tarball no local data for glob-parent@https://registry.npmjs.org/glob-parent/-/glob-parent-5.1.2.tgz. Extracting by manifest.
1141 silly tarball no local data for lru-cache@https://registry.npmjs.org/lru-cache/-/lru-cache-7.18.3.tgz. Extracting by manifest.
1142 silly tarball no local data for fs-minipass@https://registry.npmjs.org/fs-minipass/-/fs-minipass-3.0.3.tgz. Extracting by manifest.
1143 silly tarball no local data for chalk@https://registry.npmjs.org/chalk/-/chalk-5.0.1.tgz. Extracting by manifest.
1144 silly tarball no local data for emoji-regex@https://registry.npmjs.org/emoji-regex/-/emoji-regex-9.2.2.tgz. Extracting by manifest.
1145 silly tarball no local data for string-width@https://registry.npmjs.org/string-width/-/string-width-5.1.2.tgz. Extracting by manifest.
1146 silly tarball no local data for ansi-regex@https://registry.npmjs.org/ansi-regex/-/ansi-regex-6.0.1.tgz. Extracting by manifest.
1147 silly tarball no local data for strip-ansi@https://registry.npmjs.org/strip-ansi/-/strip-ansi-7.0.1.tgz. Extracting by manifest.
1148 silly tarball no local data for type-fest@https://registry.npmjs.org/type-fest/-/type-fest-2.19.0.tgz. Extracting by manifest.
1149 silly tarball no local data for camelcase@https://registry.npmjs.org/camelcase/-/camelcase-7.0.0.tgz. Extracting by manifest.
1150 silly tarball no local data for semver@https://registry.npmjs.org/semver/-/semver-6.3.1.tgz. Extracting by manifest.
1151 silly tarball no local data for istanbul-lib-instrument@https://registry.npmjs.org/istanbul-lib-instrument/-/istanbul-lib-instrument-5.2.1.tgz. Extracting by manifest.
1152 silly tarball no local data for ajv@https://registry.npmjs.org/ajv/-/ajv-8.11.0.tgz. Extracting by manifest.
1153 silly tarball no local data for json-schema-traverse@https://registry.npmjs.org/json-schema-traverse/-/json-schema-traverse-1.0.0.tgz. Extracting by manifest.
1154 silly tarball no local data for type-fest@https://registry.npmjs.org/type-fest/-/type-fest-0.21.3.tgz. Extracting by manifest.
1155 silly tarball no local data for depd@https://registry.npmjs.org/depd/-/depd-1.1.2.tgz. Extracting by manifest.
1156 silly tarball no local data for minimatch@https://registry.npmjs.org/minimatch/-/minimatch-9.0.4.tgz. Extracting by manifest.
1157 silly tarball no local data for brace-expansion@https://registry.npmjs.org/brace-expansion/-/brace-expansion-2.0.1.tgz. Extracting by manifest.
1158 silly tarball no local data for lru-cache@https://registry.npmjs.org/lru-cache/-/lru-cache-7.18.3.tgz. Extracting by manifest.
1159 silly tarball no local data for which@https://registry.npmjs.org/which/-/which-3.0.1.tgz. Extracting by manifest.
1160 silly tarball no local data for which@https://registry.npmjs.org/which/-/which-3.0.1.tgz. Extracting by manifest.
1161 silly tarball no local data for which@https://registry.npmjs.org/which/-/which-3.0.1.tgz. Extracting by manifest.
1162 silly tarball no local data for find-up@https://registry.npmjs.org/find-up/-/find-up-4.1.0.tgz. Extracting by manifest.
1163 silly tarball no local data for argparse@https://registry.npmjs.org/argparse/-/argparse-1.0.10.tgz. Extracting by manifest.
1164 silly tarball no local data for js-yaml@https://registry.npmjs.org/js-yaml/-/js-yaml-3.14.1.tgz. Extracting by manifest.
1165 silly tarball no local data for glob@https://registry.npmjs.org/glob/-/glob-7.2.3.tgz. Extracting by manifest.
1166 silly tarball no local data for locate-path@https://registry.npmjs.org/locate-path/-/locate-path-5.0.0.tgz. Extracting by manifest.
1167 silly tarball no local data for p-limit@https://registry.npmjs.org/p-limit/-/p-limit-2.3.0.tgz. Extracting by manifest.
1168 silly tarball no local data for p-locate@https://registry.npmjs.org/p-locate/-/p-locate-4.1.0.tgz. Extracting by manifest.
1169 silly tarball no local data for ansi-regex@https://registry.npmjs.org/ansi-regex/-/ansi-regex-6.0.1.tgz. Extracting by manifest.
1170 silly tarball no local data for emoji-regex@https://registry.npmjs.org/emoji-regex/-/emoji-regex-9.2.2.tgz. Extracting by manifest.
1171 silly tarball no local data for strip-ansi@https://registry.npmjs.org/strip-ansi/-/strip-ansi-7.1.0.tgz. Extracting by manifest.
1172 silly tarball no local data for string-width@https://registry.npmjs.org/string-width/-/string-width-5.1.2.tgz. Extracting by manifest.
1173 silly tarball no local data for fastify-plugin@https://registry.npmjs.org/fastify-plugin/-/fastify-plugin-4.2.0.tgz. Extracting by manifest.
1174 silly tarball no local data for fastify-plugin@https://registry.npmjs.org/fastify-plugin/-/fastify-plugin-4.5.1.tgz. Extracting by manifest.
1175 silly tarball no local data for fastify-plugin@https://registry.npmjs.org/fastify-plugin/-/fastify-plugin-4.5.1.tgz. Extracting by manifest.
1176 silly tarball no local data for fastify-plugin@https://registry.npmjs.org/fastify-plugin/-/fastify-plugin-4.2.0.tgz. Extracting by manifest.
1177 silly tarball no local data for json-schema-traverse@https://registry.npmjs.org/json-schema-traverse/-/json-schema-traverse-1.0.0.tgz. Extracting by manifest.
1178 silly tarball no local data for fastify-plugin@https://registry.npmjs.org/fastify-plugin/-/fastify-plugin-4.5.1.tgz. Extracting by manifest.
1179 silly tarball no local data for fastify-plugin@https://registry.npmjs.org/fastify-plugin/-/fastify-plugin-4.5.1.tgz. Extracting by manifest.
1180 silly tarball no local data for fastify-plugin@https://registry.npmjs.org/fastify-plugin/-/fastify-plugin-4.5.1.tgz. Extracting by manifest.
1181 silly tarball no local data for supports-color@https://registry.npmjs.org/supports-color/-/supports-color-5.5.0.tgz. Extracting by manifest.
1182 silly tarball no local data for ajv@https://registry.npmjs.org/ajv/-/ajv-8.12.0.tgz. Extracting by manifest.
1183 silly tarball no local data for @eslint/js@https://registry.npmjs.org/@eslint/js/-/js-8.57.0.tgz. Extracting by manifest.
1184 silly tarball no local data for has-flag@https://registry.npmjs.org/has-flag/-/has-flag-3.0.0.tgz. Extracting by manifest.
1185 silly tarball no local data for color-name@https://registry.npmjs.org/color-name/-/color-name-1.1.3.tgz. Extracting by manifest.
1186 silly tarball no local data for chalk@https://registry.npmjs.org/chalk/-/chalk-2.4.2.tgz. Extracting by manifest.
1187 silly tarball no local data for ansi-styles@https://registry.npmjs.org/ansi-styles/-/ansi-styles-3.2.1.tgz. Extracting by manifest.
1188 silly tarball no local data for color-convert@https://registry.npmjs.org/color-convert/-/color-convert-1.9.3.tgz. Extracting by manifest.
1189 silly tarball no local data for globals@https://registry.npmjs.org/globals/-/globals-11.12.0.tgz. Extracting by manifest.
1190 silly tarball no local data for globals@https://registry.npmjs.org/globals/-/globals-14.0.0.tgz. Extracting by manifest.
1191 silly tarball no local data for semver@https://registry.npmjs.org/semver/-/semver-6.3.1.tgz. Extracting by manifest.
1192 silly tarball no local data for semver@https://registry.npmjs.org/semver/-/semver-6.3.1.tgz. Extracting by manifest.
1193 http fetch GET 200 https://registry.npmjs.org/p-locate/-/p-locate-5.0.0.tgz 27268ms (cache miss)
1194 timing reifyNode:node_modules/p-locate Completed in 29838ms
1195 http fetch GET 200 https://registry.npmjs.org/is-generator-fn/-/is-generator-fn-2.1.0.tgz 27267ms (cache miss)
1196 timing reifyNode:node_modules/is-generator-fn Completed in 30017ms
1197 http fetch GET 200 https://registry.npmjs.org/color-name/-/color-name-1.1.3.tgz 26379ms (cache miss)
1198 timing reifyNode:node_modules/@babel/highlight/node_modules/color-name Completed in 30025ms
1199 http fetch GET 200 https://registry.npmjs.org/fast-decode-uri-component/-/fast-decode-uri-component-1.0.1.tgz 27225ms (cache miss)
1200 timing reifyNode:node_modules/fast-decode-uri-component Completed in 30100ms
1201 http fetch GET 200 https://registry.npmjs.org/@types/stack-trace/-/stack-trace-0.0.29.tgz 26945ms (cache miss)
1202 timing reifyNode:node_modules/@types/stack-trace Completed in 30096ms
1203 http fetch GET 200 https://registry.npmjs.org/typedarray-to-buffer/-/typedarray-to-buffer-3.1.5.tgz 27964ms (cache miss)
1204 timing reifyNode:node_modules/typedarray-to-buffer Completed in 30233ms
1205 http fetch GET 200 https://registry.npmjs.org/slash/-/slash-3.0.0.tgz 27893ms (cache miss)
1206 timing reifyNode:node_modules/slash Completed in 30303ms
1207 http fetch GET 200 https://registry.npmjs.org/acorn-import-assertions/-/acorn-import-assertions-1.9.0.tgz 27093ms (cache miss)
1208 timing reifyNode:node_modules/acorn-import-assertions Completed in 30209ms
1209 http fetch GET 200 https://registry.npmjs.org/proto-list/-/proto-list-1.2.4.tgz 27823ms (cache miss)
1210 timing reifyNode:node_modules/proto-list Completed in 30326ms
1211 http fetch GET 200 https://registry.npmjs.org/lodash.compact/-/lodash.compact-3.0.1.tgz 27626ms (cache miss)
1212 timing reifyNode:node_modules/lodash.compact Completed in 30304ms
1213 http fetch GET 200 https://registry.npmjs.org/p-cancelable/-/p-cancelable-3.0.0.tgz 27872ms (cache miss)
1214 timing reifyNode:node_modules/p-cancelable Completed in 30452ms
1215 http fetch GET 200 https://registry.npmjs.org/env-paths/-/env-paths-2.2.1.tgz 27547ms (cache miss)
1216 timing reifyNode:node_modules/env-paths Completed in 30481ms
1217 http fetch GET 200 https://registry.npmjs.org/eastasianwidth/-/eastasianwidth-0.2.0.tgz 27545ms (cache miss)
1218 timing reifyNode:node_modules/eastasianwidth Completed in 30483ms
1219 http fetch GET 200 https://registry.npmjs.org/encoding/-/encoding-0.1.13.tgz 27545ms (cache miss)
1220 timing reifyNode:node_modules/encoding Completed in 30486ms
1221 http fetch GET 200 https://registry.npmjs.org/brace-expansion/-/brace-expansion-1.1.11.tgz 27453ms (cache miss)
1222 timing reifyNode:node_modules/brace-expansion Completed in 30498ms
1223 http fetch GET 200 https://registry.npmjs.org/xtend/-/xtend-4.0.2.tgz 28448ms (cache miss)
1224 timing reifyNode:node_modules/xtend Completed in 30676ms
1225 http fetch GET 200 https://registry.npmjs.org/reusify/-/reusify-1.0.4.tgz 28214ms (cache miss)
1226 timing reifyNode:node_modules/reusify Completed in 30662ms
1227 http fetch GET 200 https://registry.npmjs.org/readdirp/-/readdirp-3.6.0.tgz 28194ms (cache miss)
1228 timing reifyNode:node_modules/readdirp Completed in 30668ms
1229 http fetch GET 200 https://registry.npmjs.org/resolve-cwd/-/resolve-cwd-3.0.0.tgz 28199ms (cache miss)
1230 timing reifyNode:node_modules/resolve-cwd Completed in 30672ms
1231 http fetch GET 200 https://registry.npmjs.org/read-package-json/-/read-package-json-6.0.4.tgz 28187ms (cache miss)
1232 timing reifyNode:node_modules/read-package-json Completed in 30671ms
1233 http fetch GET 200 https://registry.npmjs.org/registry-url/-/registry-url-6.0.1.tgz 28204ms (cache miss)
1234 timing reifyNode:node_modules/registry-url Completed in 30675ms
1235 http fetch GET 200 https://registry.npmjs.org/read-package-json-fast/-/read-package-json-fast-3.0.2.tgz 28194ms (cache miss)
1236 timing reifyNode:node_modules/read-package-json-fast Completed in 30678ms
1237 http fetch GET 200 https://registry.npmjs.org/promise-inflight/-/promise-inflight-1.0.1.tgz 28166ms (cache miss)
1238 timing reifyNode:node_modules/promise-inflight Completed in 30682ms
1239 http fetch GET 200 https://registry.npmjs.org/postgres-bytea/-/postgres-bytea-1.0.0.tgz 28165ms (cache miss)
1240 timing reifyNode:node_modules/postgres-bytea Completed in 30683ms
1241 http fetch GET 200 https://registry.npmjs.org/postgres-date/-/postgres-date-1.0.7.tgz 28163ms (cache miss)
1242 timing reifyNode:node_modules/postgres-date Completed in 30685ms
1243 http fetch GET 200 https://registry.npmjs.org/postcss-modules-extract-imports/-/postcss-modules-extract-imports-3.1.0.tgz 28150ms (cache miss)
1244 timing reifyNode:node_modules/postcss-modules-extract-imports Completed in 30687ms
1245 http fetch GET 200 https://registry.npmjs.org/pgpass/-/pgpass-1.0.5.tgz 28147ms (cache miss)
1246 timing reifyNode:node_modules/pgpass Completed in 30688ms
1247 http fetch GET 200 https://registry.npmjs.org/pkg-up/-/pkg-up-3.1.0.tgz 28152ms (cache miss)
1248 timing reifyNode:node_modules/pkg-up Completed in 30693ms
1249 http fetch GET 200 https://registry.npmjs.org/pkg-dir/-/pkg-dir-4.2.0.tgz 28154ms (cache miss)
1250 timing reifyNode:node_modules/pkg-dir Completed in 30696ms
1251 http fetch GET 200 https://registry.npmjs.org/pg-int8/-/pg-int8-1.0.1.tgz 28148ms (cache miss)
1252 timing reifyNode:node_modules/pg-int8 Completed in 30699ms
1253 http fetch GET 200 https://registry.npmjs.org/path-type/-/path-type-4.0.0.tgz 28153ms (cache miss)
1254 timing reifyNode:node_modules/path-type Completed in 30705ms
1255 http fetch GET 200 https://registry.npmjs.org/pg-connection-string/-/pg-connection-string-2.6.2.tgz 28156ms (cache miss)
1256 timing reifyNode:node_modules/pg-connection-string Completed in 30708ms
1257 http fetch GET 200 https://registry.npmjs.org/path-exists/-/path-exists-4.0.0.tgz 28156ms (cache miss)
1258 timing reifyNode:node_modules/path-exists Completed in 30708ms
1259 http fetch GET 200 https://registry.npmjs.org/parent-module/-/parent-module-1.0.1.tgz 28153ms (cache miss)
1260 timing reifyNode:node_modules/parent-module Completed in 30710ms
1261 http fetch GET 200 https://registry.npmjs.org/path-is-absolute/-/path-is-absolute-1.0.1.tgz 28159ms (cache miss)
1262 timing reifyNode:node_modules/path-is-absolute Completed in 30712ms
1263 http fetch GET 200 https://registry.npmjs.org/path-parse/-/path-parse-1.0.7.tgz 28150ms (cache miss)
1264 timing reifyNode:node_modules/path-parse Completed in 30715ms
1265 http fetch GET 200 https://registry.npmjs.org/once/-/once-1.4.0.tgz 28133ms (cache miss)
1266 timing reifyNode:node_modules/once Completed in 30715ms
1267 http fetch GET 200 https://registry.npmjs.org/npm-run-path/-/npm-run-path-4.0.1.tgz 28116ms (cache miss)
1268 timing reifyNode:node_modules/npm-run-path Completed in 30718ms
1269 http fetch GET 200 https://registry.npmjs.org/npm-bundled/-/npm-bundled-3.0.0.tgz 28115ms (cache miss)
1270 timing reifyNode:node_modules/npm-bundled Completed in 30720ms
1271 http fetch GET 200 https://registry.npmjs.org/normalize-path/-/normalize-path-3.0.0.tgz 28112ms (cache miss)
1272 timing reifyNode:node_modules/normalize-path Completed in 30721ms
1273 http fetch GET 200 https://registry.npmjs.org/napi-build-utils/-/napi-build-utils-1.0.2.tgz 28107ms (cache miss)
1274 timing reifyNode:node_modules/napi-build-utils Completed in 30723ms
1275 http fetch GET 200 https://registry.npmjs.org/node-releases/-/node-releases-2.0.14.tgz 28115ms (cache miss)
1276 timing reifyNode:node_modules/node-releases Completed in 30727ms
1277 http fetch GET 200 https://registry.npmjs.org/npm-normalize-package-bin/-/npm-normalize-package-bin-3.0.1.tgz 28122ms (cache miss)
1278 timing reifyNode:node_modules/npm-normalize-package-bin Completed in 30731ms
1279 http fetch GET 200 https://registry.npmjs.org/minipass-collect/-/minipass-collect-1.0.2.tgz 28096ms (cache miss)
1280 timing reifyNode:node_modules/minipass-collect Completed in 30727ms
1281 http fetch GET 200 https://registry.npmjs.org/node-abi/-/node-abi-3.60.0.tgz 28114ms (cache miss)
1282 timing reifyNode:node_modules/node-abi Completed in 30731ms
1283 http fetch GET 200 https://registry.npmjs.org/mimic-response/-/mimic-response-1.0.1.tgz 28096ms (cache miss)
1284 timing reifyNode:node_modules/mimic-response Completed in 30732ms
1285 http fetch GET 200 https://registry.npmjs.org/merge2/-/merge2-1.4.1.tgz 28087ms (cache miss)
1286 timing reifyNode:node_modules/merge2 Completed in 30733ms
1287 http fetch GET 200 https://registry.npmjs.org/minipass-flush/-/minipass-flush-1.0.5.tgz 28092ms (cache miss)
1288 timing reifyNode:node_modules/minipass-flush Completed in 30738ms
1289 http fetch GET 200 https://registry.npmjs.org/media-typer/-/media-typer-0.3.0.tgz 28074ms (cache miss)
1290 timing reifyNode:node_modules/media-typer Completed in 30736ms
1291 http fetch GET 200 https://registry.npmjs.org/lodash.castarray/-/lodash.castarray-4.4.0.tgz 28072ms (cache miss)
1292 timing reifyNode:node_modules/lodash.castarray Completed in 30735ms
1293 http fetch GET 200 https://registry.npmjs.org/kleur/-/kleur-3.0.3.tgz 28061ms (cache miss)
1294 timing reifyNode:node_modules/kleur Completed in 30734ms
1295 http fetch GET 200 https://registry.npmjs.org/jstransformer/-/jstransformer-1.0.0.tgz 28055ms (cache miss)
1296 timing reifyNode:node_modules/jstransformer Completed in 30735ms
1297 http fetch GET 200 https://registry.npmjs.org/latest-version/-/latest-version-7.0.0.tgz 28053ms (cache miss)
1298 timing reifyNode:node_modules/latest-version Completed in 30739ms
1299 http fetch GET 200 https://registry.npmjs.org/json-parse-even-better-errors/-/json-parse-even-better-errors-2.3.1.tgz 28052ms (cache miss)
1300 timing reifyNode:node_modules/json-parse-even-better-errors Completed in 30738ms
1301 http fetch GET 200 https://registry.npmjs.org/js-stringify/-/js-stringify-1.0.2.tgz 28062ms (cache miss)
1302 timing reifyNode:node_modules/js-stringify Completed in 30755ms
1303 http fetch GET 200 https://registry.npmjs.org/end-of-stream/-/end-of-stream-1.4.4.tgz 27786ms (cache miss)
1304 timing reifyNode:node_modules/end-of-stream Completed in 30724ms
1305 http fetch GET 200 https://registry.npmjs.org/isarray/-/isarray-2.0.5.tgz 28077ms (cache miss)
1306 timing reifyNode:node_modules/isarray Completed in 30811ms
1307 http fetch GET 200 https://registry.npmjs.org/is-npm/-/is-npm-6.0.0.tgz 28052ms (cache miss)
1308 timing reifyNode:node_modules/is-npm Completed in 30811ms
1309 http fetch GET 200 https://registry.npmjs.org/is-number/-/is-number-7.0.0.tgz 28059ms (cache miss)
1310 timing reifyNode:node_modules/is-number Completed in 30813ms
1311 http fetch GET 200 https://registry.npmjs.org/is-lambda/-/is-lambda-1.0.1.tgz 28067ms (cache miss)
1312 timing reifyNode:node_modules/is-lambda Completed in 30817ms
1313 http fetch GET 200 https://registry.npmjs.org/is-plain-object/-/is-plain-object-2.0.4.tgz 28074ms (cache miss)
1314 timing reifyNode:node_modules/is-plain-object Completed in 30820ms
1315 http fetch GET 200 https://registry.npmjs.org/is-path-inside/-/is-path-inside-3.0.3.tgz 28062ms (cache miss)
1316 timing reifyNode:node_modules/is-path-inside Completed in 30823ms
1317 http fetch GET 200 https://registry.npmjs.org/is-docker/-/is-docker-2.2.1.tgz 28063ms (cache miss)
1318 timing reifyNode:node_modules/is-docker Completed in 30823ms
1319 http fetch GET 200 https://registry.npmjs.org/ini/-/ini-2.0.0.tgz 28043ms (cache miss)
1320 timing reifyNode:node_modules/ini Completed in 30823ms
1321 http fetch GET 200 https://registry.npmjs.org/inherits/-/inherits-2.0.4.tgz 28049ms (cache miss)
1322 timing reifyNode:node_modules/inherits Completed in 30824ms
1323 http fetch GET 200 https://registry.npmjs.org/is-installed-globally/-/is-installed-globally-0.4.0.tgz 28057ms (cache miss)
1324 timing reifyNode:node_modules/is-installed-globally Completed in 30829ms
1325 http fetch GET 200 https://registry.npmjs.org/icss-utils/-/icss-utils-5.1.0.tgz 28045ms (cache miss)
1326 timing reifyNode:node_modules/icss-utils Completed in 30829ms
1327 http fetch GET 200 https://registry.npmjs.org/infer-owner/-/infer-owner-1.0.4.tgz 28051ms (cache miss)
1328 timing reifyNode:node_modules/infer-owner Completed in 30834ms
1329 http fetch GET 200 https://registry.npmjs.org/hosted-git-info/-/hosted-git-info-5.2.1.tgz 28036ms (cache miss)
1330 timing reifyNode:node_modules/hosted-git-info Completed in 30834ms
1331 http fetch GET 200 https://registry.npmjs.org/http-errors/-/http-errors-2.0.0.tgz 28033ms (cache miss)
1332 timing reifyNode:node_modules/http-errors Completed in 30836ms
1333 http fetch GET 200 https://registry.npmjs.org/humanize-ms/-/humanize-ms-1.2.1.tgz 28048ms (cache miss)
1334 timing reifyNode:node_modules/humanize-ms Completed in 30840ms
1335 http fetch GET 200 https://registry.npmjs.org/indent-string/-/indent-string-4.0.0.tgz 28049ms (cache miss)
1336 timing reifyNode:node_modules/indent-string Completed in 30844ms
1337 http fetch GET 200 https://registry.npmjs.org/hashlru/-/hashlru-2.3.0.tgz 28042ms (cache miss)
1338 timing reifyNode:node_modules/hashlru Completed in 30842ms
1339 http fetch GET 200 https://registry.npmjs.org/has-property-descriptors/-/has-property-descriptors-1.0.2.tgz 28033ms (cache miss)
1340 http fetch GET 200 https://registry.npmjs.org/has-yarn/-/has-yarn-3.0.0.tgz 28039ms (cache miss)
1341 timing reifyNode:node_modules/has-yarn Completed in 30844ms
1342 http fetch GET 200 https://registry.npmjs.org/has-unicode/-/has-unicode-2.0.1.tgz 28043ms (cache miss)
1343 timing reifyNode:node_modules/has-unicode Completed in 30846ms
1344 http fetch GET 200 https://registry.npmjs.org/has-flag/-/has-flag-4.0.0.tgz 28041ms (cache miss)
1345 timing reifyNode:node_modules/has-flag Completed in 30846ms
1346 http fetch GET 200 https://registry.npmjs.org/github-from-package/-/github-from-package-0.0.0.tgz 28025ms (cache miss)
1347 http fetch GET 200 https://registry.npmjs.org/get-stream/-/get-stream-6.0.1.tgz 28021ms (cache miss)
1348 timing reifyNode:node_modules/get-stream Completed in 30845ms
1349 http fetch GET 200 https://registry.npmjs.org/for-each/-/for-each-0.3.3.tgz 27991ms (cache miss)
1350 timing reifyNode:node_modules/for-each Completed in 30845ms
1351 http fetch GET 200 https://registry.npmjs.org/fs-constants/-/fs-constants-1.0.0.tgz 28009ms (cache miss)
1352 timing reifyNode:node_modules/fs-constants Completed in 30848ms
1353 http fetch GET 200 https://registry.npmjs.org/mimic-response/-/mimic-response-3.1.0.tgz 27244ms (cache miss)
1354 timing reifyNode:node_modules/decompress-response/node_modules/mimic-response Completed in 30836ms
1355 http fetch GET 200 https://registry.npmjs.org/lowercase-keys/-/lowercase-keys-2.0.0.tgz 27240ms (cache miss)
1356 timing reifyNode:node_modules/cacheable-request/node_modules/lowercase-keys Completed in 30831ms
1357 http fetch GET 200 https://registry.npmjs.org/ms/-/ms-2.1.2.tgz 27248ms (cache miss)
1358 timing reifyNode:node_modules/debug/node_modules/ms Completed in 30841ms
1359 http fetch GET 200 https://registry.npmjs.org/unique-slug/-/unique-slug-4.0.0.tgz 27239ms (cache miss)
1360 timing reifyNode:node_modules/cacache/node_modules/unique-slug Completed in 30833ms
1361 http fetch GET 200 https://registry.npmjs.org/strip-ansi/-/strip-ansi-7.0.1.tgz 27475ms (cache miss)
1362 timing reifyNode:node_modules/wrap-ansi/node_modules/strip-ansi Completed in 30953ms
1363 http fetch GET 200 https://registry.npmjs.org/p-locate/-/p-locate-4.1.0.tgz 27210ms (cache miss)
1364 timing reifyNode:node_modules/@istanbuljs/load-nyc-config/node_modules/p-locate Completed in 30828ms
1365 http fetch GET 200 https://registry.npmjs.org/has-flag/-/has-flag-3.0.0.tgz 27210ms (cache miss)
1366 timing reifyNode:node_modules/@babel/highlight/node_modules/has-flag Completed in 30849ms
1367 http fetch GET 200 https://registry.npmjs.org/get-package-type/-/get-package-type-0.1.0.tgz 28064ms (cache miss)
1368 timing reifyNode:node_modules/get-package-type Completed in 30910ms
1369 http fetch GET 200 https://registry.npmjs.org/forwarded/-/forwarded-0.2.0.tgz 28078ms (cache miss)
1370 timing reifyNode:node_modules/forwarded Completed in 30922ms
1371 http fetch GET 200 https://registry.npmjs.org/expand-template/-/expand-template-2.0.3.tgz 28052ms (cache miss)
1372 timing reifyNode:node_modules/expand-template Completed in 30929ms
1373 http fetch GET 200 https://registry.npmjs.org/get-stdin/-/get-stdin-8.0.0.tgz 28112ms (cache miss)
1374 timing reifyNode:node_modules/get-stdin Completed in 30942ms
1375 http fetch GET 200 https://registry.npmjs.org/is-expression/-/is-expression-4.0.0.tgz 28204ms (cache miss)
1376 timing reifyNode:node_modules/is-expression Completed in 30964ms
1377 http fetch GET 200 https://registry.npmjs.org/shebang-command/-/shebang-command-2.0.0.tgz 28611ms (cache miss)
1378 timing reifyNode:node_modules/shebang-command Completed in 31033ms
1379 http fetch GET 200 https://registry.npmjs.org/@types/babel__generator/-/babel__generator-7.6.8.tgz 27743ms (cache miss)
1380 timing reifyNode:node_modules/@types/babel__generator Completed in 30939ms
1381 http fetch GET 200 https://registry.npmjs.org/proxy-addr/-/proxy-addr-2.0.7.tgz 28532ms (cache miss)
1382 timing reifyNode:node_modules/proxy-addr Completed in 31034ms
1383 http fetch GET 200 https://registry.npmjs.org/type-is/-/type-is-1.6.18.tgz 28787ms (cache miss)
1384 timing reifyNode:node_modules/type-is Completed in 31062ms
1385 http fetch GET 200 https://registry.npmjs.org/y18n/-/y18n-5.0.8.tgz 28849ms (cache miss)
1386 http fetch GET 200 https://registry.npmjs.org/validate-npm-package-name/-/validate-npm-package-name-5.0.0.tgz 28822ms (cache miss)
1387 timing reifyNode:node_modules/validate-npm-package-name Completed in 31074ms
1388 http fetch GET 200 https://registry.npmjs.org/yocto-queue/-/yocto-queue-0.1.0.tgz 28865ms (cache miss)
1389 timing reifyNode:node_modules/yocto-queue Completed in 31089ms
1390 http fetch GET 200 https://registry.npmjs.org/token-stream/-/token-stream-1.0.0.tgz 28755ms (cache miss)
1391 timing reifyNode:node_modules/token-stream Completed in 31083ms
1392 http fetch GET 200 https://registry.npmjs.org/npm-pick-manifest/-/npm-pick-manifest-8.0.2.tgz 28451ms (cache miss)
1393 timing reifyNode:node_modules/npm-pick-manifest Completed in 31051ms
1394 http fetch GET 200 https://registry.npmjs.org/simple-get/-/simple-get-4.0.1.tgz 28664ms (cache miss)
1395 http fetch GET 200 https://registry.npmjs.org/spawn-command/-/spawn-command-0.0.2.tgz 28681ms (cache miss)
1396 timing reifyNode:node_modules/spawn-command Completed in 31083ms
1397 http fetch GET 200 https://registry.npmjs.org/fp-and-or/-/fp-and-or-0.1.4.tgz 28173ms (cache miss)
1398 http fetch GET 200 https://registry.npmjs.org/fb-watchman/-/fb-watchman-2.0.2.tgz 28161ms (cache miss)
1399 timing reifyNode:node_modules/fb-watchman Completed in 31021ms
1400 http fetch GET 200 https://registry.npmjs.org/randombytes/-/randombytes-2.1.0.tgz 28632ms (cache miss)
1401 timing reifyNode:node_modules/randombytes Completed in 31111ms
1402 timing reifyNode:node_modules/fp-and-or Completed in 31059ms
1403 http fetch GET 200 https://registry.npmjs.org/responselike/-/responselike-2.0.1.tgz 28673ms (cache miss)
1404 timing reifyNode:node_modules/responselike Completed in 31127ms
1405 http fetch GET 200 https://registry.npmjs.org/supports-color/-/supports-color-7.2.0.tgz 28777ms (cache miss)
1406 timing reifyNode:node_modules/supports-color Completed in 31144ms
1407 http fetch GET 200 https://registry.npmjs.org/util-deprecate/-/util-deprecate-1.0.2.tgz 28901ms (cache miss)
1408 timing reifyNode:node_modules/util-deprecate Completed in 31156ms
1409 http fetch GET 200 https://registry.npmjs.org/@types/debug/-/debug-4.1.12.tgz 27861ms (cache miss)
1410 timing reifyNode:node_modules/@types/debug Completed in 31038ms
1411 http fetch GET 200 https://registry.npmjs.org/run-parallel/-/run-parallel-1.2.0.tgz 28698ms (cache miss)
1412 timing reifyNode:node_modules/run-parallel Completed in 31153ms
1413 http fetch GET 200 https://registry.npmjs.org/setprototypeof/-/setprototypeof-1.2.0.tgz 28723ms (cache miss)
1414 timing reifyNode:node_modules/setprototypeof Completed in 31159ms
1415 http fetch GET 200 https://registry.npmjs.org/lru-cache/-/lru-cache-5.1.1.tgz 28453ms (cache miss)
1416 timing reifyNode:node_modules/lru-cache Completed in 31124ms
1417 http fetch GET 200 https://registry.npmjs.org/shallow-clone/-/shallow-clone-3.0.1.tgz 28741ms (cache miss)
1418 timing reifyNode:node_modules/shallow-clone Completed in 31174ms
1419 http fetch GET 200 https://registry.npmjs.org/@npmcli/move-file/-/move-file-2.0.1.tgz 27852ms (cache miss)
1420 warn deprecated @npmcli/move-file@2.0.1: This functionality has been moved to @npmcli/fs
1421 timing reifyNode:node_modules/@npmcli/move-file Completed in 31070ms
1422 http fetch GET 200 https://registry.npmjs.org/make-promises-safe/-/make-promises-safe-5.1.0.tgz 28495ms (cache miss)
1423 timing reifyNode:node_modules/make-promises-safe Completed in 31146ms
1424 http fetch GET 200 https://registry.npmjs.org/lines-and-columns/-/lines-and-columns-1.2.4.tgz 28477ms (cache miss)
1425 timing reifyNode:node_modules/lines-and-columns Completed in 31146ms
1426 http fetch GET 200 https://registry.npmjs.org/import-fresh/-/import-fresh-3.3.0.tgz 28337ms (cache miss)
1427 timing reifyNode:node_modules/import-fresh Completed in 31134ms
1428 http fetch GET 200 https://registry.npmjs.org/mime-types/-/mime-types-2.1.35.tgz 28522ms (cache miss)
1429 timing reifyNode:node_modules/mime-types Completed in 31164ms
1430 http fetch GET 200 https://registry.npmjs.org/jest-environment-node/-/jest-environment-node-29.7.0.tgz 28485ms (cache miss)
1431 timing reifyNode:node_modules/jest-environment-node Completed in 31213ms
1432 http fetch GET 200 https://registry.npmjs.org/is-arrayish/-/is-arrayish-0.2.1.tgz 28440ms (cache miss)
1433 timing reifyNode:node_modules/is-arrayish Completed in 31208ms
1434 http fetch GET 200 https://registry.npmjs.org/jest-pnp-resolver/-/jest-pnp-resolver-1.2.3.tgz 28518ms (cache miss)
1435 timing reifyNode:node_modules/jest-pnp-resolver Completed in 31219ms
1436 http fetch GET 200 https://registry.npmjs.org/jest/-/jest-29.7.0.tgz 28503ms (cache miss)
1437 timing reifyNode:node_modules/jest Completed in 31222ms
1438 http fetch GET 200 https://registry.npmjs.org/isobject/-/isobject-3.0.1.tgz 28497ms (cache miss)
1439 timing reifyNode:node_modules/isobject Completed in 31227ms
1440 http fetch GET 200 https://registry.npmjs.org/npm-install-checks/-/npm-install-checks-6.3.0.tgz 28650ms (cache miss)
1441 timing reifyNode:node_modules/npm-install-checks Completed in 31261ms
1442 http fetch GET 200 https://registry.npmjs.org/jest-leak-detector/-/jest-leak-detector-29.7.0.tgz 28537ms (cache miss)
1443 timing reifyNode:node_modules/jest-leak-detector Completed in 31240ms
1444 http fetch GET 200 https://registry.npmjs.org/@jest/globals/-/globals-29.7.0.tgz 27957ms (cache miss)
1445 timing reifyNode:node_modules/@jest/globals Completed in 31187ms
1446 http fetch GET 200 https://registry.npmjs.org/file-uri-to-path/-/file-uri-to-path-1.0.0.tgz 28377ms (cache miss)
1447 timing reifyNode:node_modules/file-uri-to-path Completed in 31237ms
1448 http fetch GET 200 https://registry.npmjs.org/@babel/plugin-syntax-async-generators/-/plugin-syntax-async-generators-7.8.4.tgz 27869ms (cache miss)
1449 timing reifyNode:node_modules/@babel/plugin-syntax-async-generators Completed in 31201ms
1450 http fetch GET 200 https://registry.npmjs.org/@babel/plugin-syntax-object-rest-spread/-/plugin-syntax-object-rest-spread-7.8.3.tgz 27904ms (cache miss)
1451 timing reifyNode:node_modules/@babel/plugin-syntax-object-rest-spread Completed in 31204ms
1452 http fetch GET 200 https://registry.npmjs.org/@babel/plugin-syntax-optional-catch-binding/-/plugin-syntax-optional-catch-binding-7.8.3.tgz 27909ms (cache miss)
1453 timing reifyNode:node_modules/@babel/plugin-syntax-optional-catch-binding Completed in 31207ms
1454 http fetch GET 200 https://registry.npmjs.org/@gar/promisify/-/promisify-1.1.3.tgz 27952ms (cache miss)
1455 timing reifyNode:node_modules/@gar/promisify Completed in 31220ms
1456 http fetch GET 200 https://registry.npmjs.org/@babel/plugin-syntax-numeric-separator/-/plugin-syntax-numeric-separator-7.10.4.tgz 27925ms (cache miss)
1457 timing reifyNode:node_modules/@babel/plugin-syntax-numeric-separator Completed in 31221ms
1458 http fetch GET 200 https://registry.npmjs.org/escape-string-regexp/-/escape-string-regexp-1.0.5.tgz 28351ms (cache miss)
1459 timing reifyNode:node_modules/escape-string-regexp Completed in 31273ms
1460 http fetch GET 200 https://registry.npmjs.org/doctypes/-/doctypes-1.1.0.tgz 28338ms (cache miss)
1461 timing reifyNode:node_modules/doctypes Completed in 31286ms
1462 http fetch GET 200 https://registry.npmjs.org/crypto-random-string/-/crypto-random-string-4.0.0.tgz 28303ms (cache miss)
1463 timing reifyNode:node_modules/crypto-random-string Completed in 31291ms
1464 http fetch GET 200 https://registry.npmjs.org/promise-retry/-/promise-retry-2.0.1.tgz 28850ms (cache miss)
1465 timing reifyNode:node_modules/promise-retry Completed in 31363ms
1466 http fetch GET 200 https://registry.npmjs.org/wrap-ansi/-/wrap-ansi-8.1.0.tgz 29163ms (cache miss)
1467 timing reifyNode:node_modules/wrap-ansi Completed in 31401ms
1468 http fetch GET 200 https://registry.npmjs.org/callsites/-/callsites-3.1.0.tgz 28266ms (cache miss)
1469 timing reifyNode:node_modules/callsites Completed in 31293ms
1470 http fetch GET 200 https://registry.npmjs.org/camelcase/-/camelcase-5.3.1.tgz 28266ms (cache miss)
1471 timing reifyNode:node_modules/camelcase Completed in 31307ms
1472 http fetch GET 200 https://registry.npmjs.org/binary-extensions/-/binary-extensions-2.2.0.tgz 28244ms (cache miss)
1473 timing reifyNode:node_modules/binary-extensions Completed in 31310ms
1474 http fetch GET 200 https://registry.npmjs.org/atomic-sleep/-/atomic-sleep-1.0.0.tgz 28245ms (cache miss)
1475 timing reifyNode:node_modules/atomic-sleep Completed in 31312ms
1476 http fetch GET 200 https://registry.npmjs.org/char-regex/-/char-regex-1.0.2.tgz 28240ms (cache miss)
1477 timing reifyNode:node_modules/char-regex Completed in 31320ms
1478 http fetch GET 200 https://registry.npmjs.org/archy/-/archy-1.0.0.tgz 28223ms (cache miss)
1479 timing reifyNode:node_modules/archy Completed in 31316ms
1480 http fetch GET 200 https://registry.npmjs.org/abbrev/-/abbrev-1.1.1.tgz 28204ms (cache miss)
1481 timing reifyNode:node_modules/abbrev Completed in 31318ms
1482 http fetch GET 200 https://registry.npmjs.org/ansi-regex/-/ansi-regex-5.0.1.tgz 28224ms (cache miss)
1483 timing reifyNode:node_modules/ansi-regex Completed in 31328ms
1484 http fetch GET 200 https://registry.npmjs.org/@webassemblyjs/helper-wasm-bytecode/-/helper-wasm-bytecode-1.11.6.tgz 28184ms (cache miss)
1485 timing reifyNode:node_modules/@webassemblyjs/helper-wasm-bytecode Completed in 31328ms
1486 http fetch GET 200 https://registry.npmjs.org/@types/istanbul-reports/-/istanbul-reports-3.0.4.tgz 28160ms (cache miss)
1487 timing reifyNode:node_modules/@types/istanbul-reports Completed in 31327ms
1488 http fetch GET 200 https://registry.npmjs.org/@tootallnate/once/-/once-2.0.0.tgz 28144ms (cache miss)
1489 timing reifyNode:node_modules/@tootallnate/once Completed in 31329ms
1490 http fetch GET 200 https://registry.npmjs.org/@jest/expect/-/expect-29.7.0.tgz 28094ms (cache miss)
1491 timing reifyNode:node_modules/@jest/expect Completed in 31341ms
1492 http fetch GET 200 https://registry.npmjs.org/yallist/-/yallist-4.0.0.tgz 29249ms (cache miss)
1493 timing reifyNode:node_modules/yallist Completed in 31475ms
1494 http fetch GET 200 https://registry.npmjs.org/decompress-response/-/decompress-response-6.0.0.tgz 28394ms (cache miss)
1495 timing reifyNode:node_modules/decompress-response Completed in 31378ms
1496 http fetch GET 200 https://registry.npmjs.org/xdg-basedir/-/xdg-basedir-5.1.0.tgz 29255ms (cache miss)
1497 timing reifyNode:node_modules/xdg-basedir Completed in 31484ms
1498 http fetch GET 200 https://registry.npmjs.org/walker/-/walker-1.0.8.tgz 29236ms (cache miss)
1499 timing reifyNode:node_modules/walker Completed in 31483ms
1500 http fetch GET 200 https://registry.npmjs.org/tunnel-agent/-/tunnel-agent-0.6.0.tgz 29159ms (cache miss)
1501 timing reifyNode:node_modules/tunnel-agent Completed in 31482ms
1502 http fetch GET 200 https://registry.npmjs.org/strip-ansi/-/strip-ansi-6.0.1.tgz 29105ms (cache miss)
1503 timing reifyNode:node_modules/strip-ansi-cjs Completed in 31484ms
1504 http fetch GET 200 https://registry.npmjs.org/sisteransi/-/sisteransi-1.0.5.tgz 29067ms (cache miss)
1505 timing reifyNode:node_modules/sisteransi Completed in 31481ms
1506 http fetch GET 200 https://registry.npmjs.org/safe-regex-test/-/safe-regex-test-1.0.3.tgz 29036ms (cache miss)
1507 timing reifyNode:node_modules/safe-regex-test Completed in 31484ms
1508 http fetch GET 200 https://registry.npmjs.org/registry-auth-token/-/registry-auth-token-5.0.1.tgz 29012ms (cache miss)
1509 timing reifyNode:node_modules/registry-auth-token Completed in 31486ms
1510 http fetch GET 200 https://registry.npmjs.org/semver-diff/-/semver-diff-4.0.0.tgz 29043ms (cache miss)
1511 timing reifyNode:node_modules/semver-diff Completed in 31493ms
1512 http fetch GET 200 https://registry.npmjs.org/real-require/-/real-require-0.2.0.tgz 29008ms (cache miss)
1513 timing reifyNode:node_modules/real-require Completed in 31490ms
1514 http fetch GET 200 https://registry.npmjs.org/quick-lru/-/quick-lru-5.1.1.tgz 29013ms (cache miss)
1515 timing reifyNode:node_modules/quick-lru Completed in 31489ms
1516 http fetch GET 200 https://registry.npmjs.org/pug-filters/-/pug-filters-4.0.0.tgz 28993ms (cache miss)
1517 timing reifyNode:node_modules/pug-filters Completed in 31490ms
1518 http fetch GET 200 https://registry.npmjs.org/pupa/-/pupa-3.1.0.tgz 29011ms (cache miss)
1519 timing reifyNode:node_modules/pupa Completed in 31495ms
1520 http fetch GET 200 https://registry.npmjs.org/pug-error/-/pug-error-2.0.0.tgz 28997ms (cache miss)
1521 timing reifyNode:node_modules/pug-error Completed in 31497ms
1522 http fetch GET 200 https://registry.npmjs.org/pug-load/-/pug-load-3.0.0.tgz 29002ms (cache miss)
1523 timing reifyNode:node_modules/pug-load Completed in 31502ms
1524 http fetch GET 200 https://registry.npmjs.org/process/-/process-0.11.10.tgz 28986ms (cache miss)
1525 timing reifyNode:node_modules/process Completed in 31503ms
1526 http fetch GET 200 https://registry.npmjs.org/postcss-modules-scope/-/postcss-modules-scope-3.2.0.tgz 28970ms (cache miss)
1527 timing reifyNode:node_modules/postcss-modules-scope Completed in 31504ms
1528 http fetch GET 200 https://registry.npmjs.org/postcss-modules-values/-/postcss-modules-values-4.0.0.tgz 28983ms (cache miss)
1529 timing reifyNode:node_modules/postcss-modules-values Completed in 31507ms
1530 http fetch GET 200 https://registry.npmjs.org/pirates/-/pirates-4.0.6.tgz 28976ms (cache miss)
1531 timing reifyNode:node_modules/pirates Completed in 31511ms
1532 http fetch GET 200 https://registry.npmjs.org/picocolors/-/picocolors-1.0.0.tgz 28974ms (cache miss)
1533 timing reifyNode:node_modules/picocolors Completed in 31514ms
1534 http fetch GET 200 https://registry.npmjs.org/proc-log/-/proc-log-3.0.0.tgz 28940ms (cache miss)
1535 timing reifyNode:node_modules/proc-log Completed in 31523ms
1536 http fetch GET 200 https://registry.npmjs.org/p-try/-/p-try-2.2.0.tgz 28942ms (cache miss)
1537 timing reifyNode:node_modules/p-try Completed in 31519ms
1538 http fetch GET 200 https://registry.npmjs.org/p-map/-/p-map-4.0.0.tgz 28926ms (cache miss)
1539 timing reifyNode:node_modules/p-map Completed in 31521ms
1540 http fetch GET 200 https://registry.npmjs.org/object-assign/-/object-assign-4.1.1.tgz 28922ms (cache miss)
1541 timing reifyNode:node_modules/object-assign Completed in 31524ms
1542 http fetch GET 200 https://registry.npmjs.org/normalize-url/-/normalize-url-6.1.0.tgz 28919ms (cache miss)
1543 timing reifyNode:node_modules/normalize-url Completed in 31523ms
1544 http fetch GET 200 https://registry.npmjs.org/npm-packlist/-/npm-packlist-7.0.4.tgz 28930ms (cache miss)
1545 timing reifyNode:node_modules/npm-packlist Completed in 31534ms
1546 http fetch GET 200 https://registry.npmjs.org/minizlib/-/minizlib-2.1.2.tgz 28902ms (cache miss)
1547 timing reifyNode:node_modules/minizlib Completed in 31532ms
1548 http fetch GET 200 https://registry.npmjs.org/ms/-/ms-2.1.3.tgz 28915ms (cache miss)
1549 timing reifyNode:node_modules/ms Completed in 31535ms
1550 http fetch GET 200 https://registry.npmjs.org/natural-compare/-/natural-compare-1.4.0.tgz 28917ms (cache miss)
1551 timing reifyNode:node_modules/natural-compare Completed in 31540ms
1552 http fetch GET 200 https://registry.npmjs.org/make-dir/-/make-dir-4.0.0.tgz 28884ms (cache miss)
1553 timing reifyNode:node_modules/make-dir Completed in 31537ms
1554 http fetch GET 200 https://registry.npmjs.org/lowercase-keys/-/lowercase-keys-3.0.0.tgz 28871ms (cache miss)
1555 timing reifyNode:node_modules/lowercase-keys Completed in 31540ms
1556 http fetch GET 200 https://registry.npmjs.org/loader-runner/-/loader-runner-4.3.0.tgz 28865ms (cache miss)
1557 timing reifyNode:node_modules/loader-runner Completed in 31540ms
1558 http fetch GET 200 https://registry.npmjs.org/lodash.isempty/-/lodash.isempty-4.4.0.tgz 28859ms (cache miss)
1559 timing reifyNode:node_modules/lodash.isempty Completed in 31545ms
1560 http fetch GET 200 https://registry.npmjs.org/jest-resolve-dependencies/-/jest-resolve-dependencies-29.7.0.tgz 28837ms (cache miss)
1561 timing reifyNode:node_modules/jest-resolve-dependencies Completed in 31537ms
1562 http fetch GET 200 https://registry.npmjs.org/isexe/-/isexe-2.0.0.tgz 28818ms (cache miss)
1563 timing reifyNode:node_modules/isexe Completed in 31545ms
1564 http fetch GET 200 https://registry.npmjs.org/commist/-/commist-3.0.0.tgz 28530ms (cache miss)
1565 http fetch GET 200 https://registry.npmjs.org/is-typedarray/-/is-typedarray-1.0.0.tgz 28844ms (cache miss)
1566 timing reifyNode:node_modules/is-typedarray Completed in 31581ms
1567 http fetch GET 200 https://registry.npmjs.org/confusing-browser-globals/-/confusing-browser-globals-1.0.11.tgz 28561ms (cache miss)
1568 timing reifyNode:node_modules/confusing-browser-globals Completed in 31551ms
1569 http fetch GET 200 https://registry.npmjs.org/is-stream/-/is-stream-2.0.1.tgz 28843ms (cache miss)
1570 timing reifyNode:node_modules/is-stream Completed in 31584ms
1571 http fetch GET 200 https://registry.npmjs.org/jest-get-type/-/jest-get-type-29.6.3.tgz 28841ms (cache miss)
1572 timing reifyNode:node_modules/jest-get-type Completed in 31589ms
1573 http fetch GET 200 https://registry.npmjs.org/is-promise/-/is-promise-2.2.2.tgz 28846ms (cache miss)
1574 timing reifyNode:node_modules/is-promise Completed in 31588ms
1575 http fetch GET 200 https://registry.npmjs.org/is-ci/-/is-ci-3.0.1.tgz 28827ms (cache miss)
1576 timing reifyNode:node_modules/is-ci Completed in 31587ms
1577 http fetch GET 200 https://registry.npmjs.org/is-binary-path/-/is-binary-path-2.1.0.tgz 28826ms (cache miss)
1578 timing reifyNode:node_modules/is-binary-path Completed in 31592ms
1579 http fetch GET 200 https://registry.npmjs.org/import-local/-/import-local-3.1.0.tgz 28812ms (cache miss)
1580 timing reifyNode:node_modules/import-local Completed in 31592ms
1581 http fetch GET 200 https://registry.npmjs.org/ieee754/-/ieee754-1.2.1.tgz 28807ms (cache miss)
1582 timing reifyNode:node_modules/ieee754 Completed in 31593ms
1583 http fetch GET 200 https://registry.npmjs.org/ignore-walk/-/ignore-walk-6.0.4.tgz 28809ms (cache miss)
1584 timing reifyNode:node_modules/ignore-walk Completed in 31597ms
1585 timing reifyNode:node_modules/has-property-descriptors Completed in 31595ms
1586 timing reifyNode:node_modules/github-from-package Completed in 31595ms
1587 http fetch GET 200 https://registry.npmjs.org/global-dirs/-/global-dirs-3.0.0.tgz 28775ms (cache miss)
1588 timing reifyNode:node_modules/global-dirs Completed in 31600ms
1589 http fetch GET 200 https://registry.npmjs.org/glob-to-regexp/-/glob-to-regexp-0.4.1.tgz 28781ms (cache miss)
1590 timing reifyNode:node_modules/glob-to-regexp Completed in 31603ms
1591 http fetch GET 200 https://registry.npmjs.org/write-file-atomic/-/write-file-atomic-3.0.3.tgz 27989ms (cache miss)
1592 timing reifyNode:node_modules/configstore/node_modules/write-file-atomic Completed in 31584ms
1593 http fetch GET 200 https://registry.npmjs.org/brace-expansion/-/brace-expansion-2.0.1.tgz 28007ms (cache miss)
1594 timing reifyNode:node_modules/editorconfig/node_modules/brace-expansion Completed in 31598ms
1595 http fetch GET 200 https://registry.npmjs.org/get-caller-file/-/get-caller-file-2.0.5.tgz 28785ms (cache miss)
1596 timing reifyNode:node_modules/get-caller-file Completed in 31612ms
1597 http fetch GET 200 https://registry.npmjs.org/glob-parent/-/glob-parent-5.1.2.tgz 27991ms (cache miss)
1598 timing reifyNode:node_modules/chokidar/node_modules/glob-parent Completed in 31591ms
1599 http fetch GET 200 https://registry.npmjs.org/wrap-ansi/-/wrap-ansi-7.0.0.tgz 27999ms (cache miss)
1600 timing reifyNode:node_modules/cliui/node_modules/wrap-ansi Completed in 31596ms
1601 http fetch GET 200 https://registry.npmjs.org/get-stream/-/get-stream-5.2.0.tgz 27999ms (cache miss)
1602 timing reifyNode:node_modules/cacheable-request/node_modules/get-stream Completed in 31593ms
1603 http fetch GET 200 https://registry.npmjs.org/strip-ansi/-/strip-ansi-7.0.1.tgz 28232ms (cache miss)
1604 timing reifyNode:node_modules/widest-line/node_modules/strip-ansi Completed in 31716ms
1605 http fetch GET 200 https://registry.npmjs.org/which/-/which-3.0.1.tgz 27979ms (cache miss)
1606 timing reifyNode:node_modules/@npmcli/run-script/node_modules/which Completed in 31594ms
1607 http fetch GET 200 https://registry.npmjs.org/p-limit/-/p-limit-2.3.0.tgz 27973ms (cache miss)
1608 timing reifyNode:node_modules/@istanbuljs/load-nyc-config/node_modules/p-limit Completed in 31589ms
1609 http fetch GET 200 https://registry.npmjs.org/locate-path/-/locate-path-5.0.0.tgz 27982ms (cache miss)
1610 timing reifyNode:node_modules/@istanbuljs/load-nyc-config/node_modules/locate-path Completed in 31597ms
1611 http fetch GET 200 https://registry.npmjs.org/esrecurse/-/esrecurse-4.3.0.tgz 28770ms (cache miss)
1612 timing reifyNode:node_modules/esrecurse Completed in 31663ms
1613 http fetch GET 200 https://registry.npmjs.org/@webassemblyjs/wast-printer/-/wast-printer-1.12.1.tgz 28519ms (cache miss)
1614 timing reifyNode:node_modules/@webassemblyjs/wast-printer Completed in 31652ms
1615 http fetch GET 200 https://registry.npmjs.org/supports-preserve-symlinks-flag/-/supports-preserve-symlinks-flag-1.0.0.tgz 29394ms (cache miss)
1616 http fetch GET 200 https://registry.npmjs.org/abstract-logging/-/abstract-logging-2.0.1.tgz 28545ms (cache miss)
1617 timing reifyNode:node_modules/abstract-logging Completed in 31655ms
1618 http fetch GET 200 https://registry.npmjs.org/to-regex-range/-/to-regex-range-5.0.1.tgz 29402ms (cache miss)
1619 timing reifyNode:node_modules/to-regex-range Completed in 31766ms
1620 http fetch GET 200 https://registry.npmjs.org/serialize-javascript/-/serialize-javascript-6.0.2.tgz 29323ms (cache miss)
1621 timing reifyNode:node_modules/serialize-javascript Completed in 31760ms
1622 http fetch GET 200 https://registry.npmjs.org/@webpack-cli/info/-/info-2.0.2.tgz 28533ms (cache miss)
1623 timing reifyNode:node_modules/@webpack-cli/info Completed in 31663ms
1624 http fetch GET 200 https://registry.npmjs.org/void-elements/-/void-elements-3.1.0.tgz 29534ms (cache miss)
1625 timing reifyNode:node_modules/void-elements Completed in 31782ms
1626 http fetch GET 200 https://registry.npmjs.org/@types/responselike/-/responselike-1.0.0.tgz 28512ms (cache miss)
1627 timing reifyNode:node_modules/@types/responselike Completed in 31669ms
1628 http fetch GET 200 https://registry.npmjs.org/@webassemblyjs/helper-numbers/-/helper-numbers-1.11.6.tgz 28544ms (cache miss)
1629 timing reifyNode:node_modules/@webassemblyjs/helper-numbers Completed in 31681ms
1630 timing reifyNode:node_modules/y18n Completed in 31814ms
1631 http fetch GET 200 https://registry.npmjs.org/which/-/which-2.0.2.tgz 29570ms (cache miss)
1632 timing reifyNode:node_modules/which Completed in 31813ms
1633 http fetch GET 200 https://registry.npmjs.org/toidentifier/-/toidentifier-1.0.1.tgz 29456ms (cache miss)
1634 timing reifyNode:node_modules/toidentifier Completed in 31807ms
1635 http fetch GET 200 https://registry.npmjs.org/@types/json-schema/-/json-schema-7.0.11.tgz 28526ms (cache miss)
1636 timing reifyNode:node_modules/@types/json-schema Completed in 31697ms
1637 http fetch GET 200 https://registry.npmjs.org/tildify/-/tildify-2.0.0.tgz 29475ms (cache miss)
1638 timing reifyNode:node_modules/tildify Completed in 31828ms
1639 http fetch GET 200 https://registry.npmjs.org/stack-trace/-/stack-trace-0.0.10.tgz 29437ms (cache miss)
1640 timing reifyNode:node_modules/stack-trace Completed in 31826ms
1641 timing reifyNode:node_modules/simple-get Completed in 31824ms
1642 http fetch GET 200 https://registry.npmjs.org/to-fast-properties/-/to-fast-properties-2.0.0.tgz 29481ms (cache miss)
1643 timing reifyNode:node_modules/to-fast-properties Completed in 31834ms
1644 http fetch GET 200 https://registry.npmjs.org/shebang-regex/-/shebang-regex-3.0.0.tgz 29410ms (cache miss)
1645 timing reifyNode:node_modules/shebang-regex Completed in 31832ms
1646 http fetch GET 200 https://registry.npmjs.org/@npmcli/installed-package-contents/-/installed-package-contents-2.0.2.tgz 28541ms (cache miss)
1647 timing reifyNode:node_modules/@npmcli/installed-package-contents Completed in 31752ms
1648 http fetch GET 200 https://registry.npmjs.org/@lukeed/ms/-/ms-2.0.2.tgz 28535ms (cache miss)
1649 timing reifyNode:node_modules/@lukeed/ms Completed in 31759ms
1650 http fetch GET 200 https://registry.npmjs.org/quick-format-unescaped/-/quick-format-unescaped-4.0.4.tgz 29380ms (cache miss)
1651 timing reifyNode:node_modules/quick-format-unescaped Completed in 31862ms
1652 http fetch GET 200 https://registry.npmjs.org/ip/-/ip-2.0.0.tgz 29035ms (cache miss)
1653 timing reifyNode:node_modules/ip Completed in 31819ms
1654 http fetch GET 200 https://registry.npmjs.org/set-blocking/-/set-blocking-2.0.0.tgz 29460ms (cache miss)
1655 timing reifyNode:node_modules/set-blocking Completed in 31892ms
1656 http fetch GET 200 https://registry.npmjs.org/pump/-/pump-3.0.0.tgz 29400ms (cache miss)
1657 timing reifyNode:node_modules/pump Completed in 31887ms
1658 http fetch GET 200 https://registry.npmjs.org/@webassemblyjs/utf8/-/utf8-1.11.6.tgz 28666ms (cache miss)
1659 timing reifyNode:node_modules/@webassemblyjs/utf8 Completed in 31801ms
1660 http fetch GET 200 https://registry.npmjs.org/locate-path/-/locate-path-6.0.0.tgz 29199ms (cache miss)
1661 timing reifyNode:node_modules/locate-path Completed in 31865ms
1662 http fetch GET 200 https://registry.npmjs.org/spdx-correct/-/spdx-correct-3.2.0.tgz 29508ms (cache miss)
1663 timing reifyNode:node_modules/spdx-correct Completed in 31910ms
1664 http fetch GET 200 https://registry.npmjs.org/@jest/schemas/-/schemas-29.6.3.tgz 28566ms (cache miss)
1665 timing reifyNode:node_modules/@jest/schemas Completed in 31804ms
1666 http fetch GET 200 https://registry.npmjs.org/spdx-license-ids/-/spdx-license-ids-3.0.17.tgz 29522ms (cache miss)
1667 timing reifyNode:node_modules/spdx-license-ids Completed in 31920ms
1668 http fetch GET 200 https://registry.npmjs.org/write-file-atomic/-/write-file-atomic-4.0.2.tgz 29710ms (cache miss)
1669 timing reifyNode:node_modules/write-file-atomic Completed in 31939ms
1670 http fetch GET 200 https://registry.npmjs.org/@webassemblyjs/helper-buffer/-/helper-buffer-1.12.1.tgz 28682ms (cache miss)
1671 timing reifyNode:node_modules/@webassemblyjs/helper-buffer Completed in 31823ms
1672 http fetch GET 200 https://registry.npmjs.org/imurmurhash/-/imurmurhash-0.1.4.tgz 29075ms (cache miss)
1673 timing reifyNode:node_modules/imurmurhash Completed in 31871ms
1674 http fetch GET 200 https://registry.npmjs.org/@babel/plugin-syntax-json-strings/-/plugin-syntax-json-strings-7.8.3.tgz 28518ms (cache miss)
1675 timing reifyNode:node_modules/@babel/plugin-syntax-json-strings Completed in 31818ms
1676 http fetch GET 200 https://registry.npmjs.org/strip-bom/-/strip-bom-3.0.0.tgz 28473ms (cache miss)
1677 timing reifyNode:node_modules/tsconfig-paths/node_modules/strip-bom Completed in 31953ms
1678 http fetch GET 200 https://registry.npmjs.org/@babel/plugin-syntax-nullish-coalescing-operator/-/plugin-syntax-nullish-coalescing-operator-7.8.3.tgz 28525ms (cache miss)
1679 timing reifyNode:node_modules/@babel/plugin-syntax-nullish-coalescing-operator Completed in 31827ms
1680 http fetch GET 200 https://registry.npmjs.org/@babel/plugin-syntax-logical-assignment-operators/-/plugin-syntax-logical-assignment-operators-7.10.4.tgz 28537ms (cache miss)
1681 timing reifyNode:node_modules/@babel/plugin-syntax-logical-assignment-operators Completed in 31843ms
1682 http fetch GET 200 https://registry.npmjs.org/@babel/plugin-syntax-import-meta/-/plugin-syntax-import-meta-7.10.4.tgz 28552ms (cache miss)
1683 timing reifyNode:node_modules/@babel/plugin-syntax-import-meta Completed in 31854ms
1684 http fetch GET 200 https://registry.npmjs.org/unique-filename/-/unique-filename-2.0.1.tgz 28382ms (cache miss)
1685 timing reifyNode:node_modules/node-gyp/node_modules/unique-filename Completed in 31962ms
1686 http fetch GET 200 https://registry.npmjs.org/path-exists/-/path-exists-3.0.0.tgz 28460ms (cache miss)
1687 timing reifyNode:node_modules/pkg-up/node_modules/path-exists Completed in 31975ms
1688 http fetch GET 200 https://registry.npmjs.org/p-locate/-/p-locate-3.0.0.tgz 28461ms (cache miss)
1689 timing reifyNode:node_modules/pkg-up/node_modules/p-locate Completed in 31980ms
1690 http fetch GET 200 https://registry.npmjs.org/pug-parser/-/pug-parser-6.0.0.tgz 29515ms (cache miss)
1691 timing reifyNode:node_modules/pug-parser Completed in 32016ms
1692 http fetch GET 200 https://registry.npmjs.org/is-glob/-/is-glob-4.0.3.tgz 29227ms (cache miss)
1693 timing reifyNode:node_modules/is-glob Completed in 31978ms
1694 http fetch GET 200 https://registry.npmjs.org/is-extglob/-/is-extglob-2.1.1.tgz 29227ms (cache miss)
1695 timing reifyNode:node_modules/is-extglob Completed in 31979ms
1696 http fetch GET 200 https://registry.npmjs.org/spdx-expression-parse/-/spdx-expression-parse-3.0.1.tgz 29641ms (cache miss)
1697 timing reifyNode:node_modules/spdx-expression-parse Completed in 32041ms
1698 http fetch GET 200 https://registry.npmjs.org/jsonlines/-/jsonlines-0.1.1.tgz 29328ms (cache miss)
1699 timing reifyNode:node_modules/jsonlines Completed in 32007ms
1700 http fetch GET 200 https://registry.npmjs.org/jest-changed-files/-/jest-changed-files-29.7.0.tgz 29290ms (cache miss)
1701 timing reifyNode:node_modules/jest-changed-files Completed in 32004ms
1702 http fetch GET 200 https://registry.npmjs.org/@babel/helper-hoist-variables/-/helper-hoist-variables-7.22.5.tgz 28625ms (cache miss)
1703 timing reifyNode:node_modules/@babel/helper-hoist-variables Completed in 31951ms
1704 http fetch GET 200 https://registry.npmjs.org/chownr/-/chownr-2.0.0.tgz 28970ms (cache miss)
1705 timing reifyNode:node_modules/chownr Completed in 31986ms
1706 http fetch GET 200 https://registry.npmjs.org/color-name/-/color-name-1.1.4.tgz 29004ms (cache miss)
1707 timing reifyNode:node_modules/color-name Completed in 32009ms
1708 http fetch GET 200 https://registry.npmjs.org/err-code/-/err-code-2.0.3.tgz 29096ms (cache miss)
1709 timing reifyNode:node_modules/err-code Completed in 32029ms
1710 http fetch GET 200 https://registry.npmjs.org/dot-prop/-/dot-prop-6.0.1.tgz 29083ms (cache miss)
1711 timing reifyNode:node_modules/dot-prop Completed in 32029ms
1712 http fetch GET 200 https://registry.npmjs.org/dir-glob/-/dir-glob-3.0.1.tgz 29076ms (cache miss)
1713 timing reifyNode:node_modules/dir-glob Completed in 32032ms
1714 http fetch GET 200 https://registry.npmjs.org/is-obj/-/is-obj-2.0.0.tgz 29326ms (cache miss)
1715 timing reifyNode:node_modules/is-obj Completed in 32072ms
1716 http fetch GET 200 https://registry.npmjs.org/@jest/console/-/console-29.7.0.tgz 28760ms (cache miss)
1717 timing reifyNode:node_modules/@jest/console Completed in 32017ms
1718 http fetch GET 200 https://registry.npmjs.org/buffer-from/-/buffer-from-1.1.2.tgz 29004ms (cache miss)
1719 timing reifyNode:node_modules/buffer-from Completed in 32041ms
1720 http fetch GET 200 https://registry.npmjs.org/balanced-match/-/balanced-match-1.0.2.tgz 28989ms (cache miss)
1721 timing reifyNode:node_modules/balanced-match Completed in 32043ms
1722 http fetch GET 200 https://registry.npmjs.org/babel-preset-current-node-syntax/-/babel-preset-current-node-syntax-1.0.1.tgz 28988ms (cache miss)
1723 timing reifyNode:node_modules/babel-preset-current-node-syntax Completed in 32045ms
1724 http fetch GET 200 https://registry.npmjs.org/babel-plugin-jest-hoist/-/babel-plugin-jest-hoist-29.6.3.tgz 28987ms (cache miss)
1725 timing reifyNode:node_modules/babel-plugin-jest-hoist Completed in 32048ms
1726 http fetch GET 200 https://registry.npmjs.org/aproba/-/aproba-2.0.0.tgz 28967ms (cache miss)
1727 timing reifyNode:node_modules/aproba Completed in 32061ms
1728 http fetch GET 200 https://registry.npmjs.org/@webpack-cli/serve/-/serve-2.0.5.tgz 28946ms (cache miss)
1729 timing reifyNode:node_modules/@webpack-cli/serve Completed in 32065ms
1730 http fetch GET 200 https://registry.npmjs.org/@webassemblyjs/helper-wasm-section/-/helper-wasm-section-1.12.1.tgz 28921ms (cache miss)
1731 timing reifyNode:node_modules/@webassemblyjs/helper-wasm-section Completed in 32065ms
1732 http fetch GET 200 https://registry.npmjs.org/@types/istanbul-lib-report/-/istanbul-lib-report-3.0.3.tgz 28897ms (cache miss)
1733 timing reifyNode:node_modules/@types/istanbul-lib-report Completed in 32068ms
1734 http fetch GET 200 https://registry.npmjs.org/@webassemblyjs/wasm-opt/-/wasm-opt-1.12.1.tgz 28925ms (cache miss)
1735 timing reifyNode:node_modules/@webassemblyjs/wasm-opt Completed in 32072ms
1736 http fetch GET 200 https://registry.npmjs.org/@types/babel__template/-/babel__template-7.4.4.tgz 28893ms (cache miss)
1737 timing reifyNode:node_modules/@types/babel__template Completed in 32072ms
1738 http fetch GET 200 https://registry.npmjs.org/deep-extend/-/deep-extend-0.6.0.tgz 29119ms (cache miss)
1739 timing reifyNode:node_modules/deep-extend Completed in 32101ms
1740 http fetch GET 200 https://registry.npmjs.org/@jest/source-map/-/source-map-29.6.3.tgz 28842ms (cache miss)
1741 timing reifyNode:node_modules/@jest/source-map Completed in 32076ms
1742 http fetch GET 200 https://registry.npmjs.org/color-support/-/color-support-1.1.3.tgz 29091ms (cache miss)
1743 timing reifyNode:node_modules/color-support Completed in 32110ms
1744 http fetch GET 200 https://registry.npmjs.org/strip-json-comments/-/strip-json-comments-3.1.1.tgz 29842ms (cache miss)
1745 timing reifyNode:node_modules/strip-json-comments Completed in 32213ms
1746 http fetch GET 200 https://registry.npmjs.org/string_decoder/-/string_decoder-1.3.0.tgz 29831ms (cache miss)
1747 timing reifyNode:node_modules/string_decoder Completed in 32214ms
1748 http fetch GET 200 https://registry.npmjs.org/semver-utils/-/semver-utils-1.1.4.tgz 29770ms (cache miss)
1749 timing reifyNode:node_modules/semver-utils Completed in 32208ms
1750 http fetch GET 200 https://registry.npmjs.org/safe-stable-stringify/-/safe-stable-stringify-2.4.3.tgz 29768ms (cache miss)
1751 timing reifyNode:node_modules/safe-stable-stringify Completed in 32209ms
1752 http fetch GET 200 https://registry.npmjs.org/safe-regex2/-/safe-regex2-2.0.0.tgz 29769ms (cache miss)
1753 timing reifyNode:node_modules/safe-regex2 Completed in 32211ms
1754 http fetch GET 200 https://registry.npmjs.org/resolve-alpn/-/resolve-alpn-1.2.1.tgz 29758ms (cache miss)
1755 timing reifyNode:node_modules/resolve-alpn Completed in 32213ms
1756 http fetch GET 200 https://registry.npmjs.org/rechoir/-/rechoir-0.8.0.tgz 29740ms (cache miss)
1757 timing reifyNode:node_modules/rechoir Completed in 32214ms
1758 http fetch GET 200 https://registry.npmjs.org/queue-microtask/-/queue-microtask-1.2.3.tgz 29723ms (cache miss)
1759 timing reifyNode:node_modules/queue-microtask Completed in 32212ms
1760 http fetch GET 200 https://registry.npmjs.org/pug-linker/-/pug-linker-4.0.0.tgz 29717ms (cache miss)
1761 timing reifyNode:node_modules/pug-linker Completed in 32213ms
1762 http fetch GET 200 https://registry.npmjs.org/pug-strip-comments/-/pug-strip-comments-2.0.0.tgz 29707ms (cache miss)
1763 timing reifyNode:node_modules/pug-strip-comments Completed in 32217ms
1764 http fetch GET 200 https://registry.npmjs.org/pug-attrs/-/pug-attrs-3.0.0.tgz 29712ms (cache miss)
1765 timing reifyNode:node_modules/pug-attrs Completed in 32218ms
1766 http fetch GET 200 https://registry.npmjs.org/postgres-array/-/postgres-array-2.0.0.tgz 29698ms (cache miss)
1767 timing reifyNode:node_modules/postgres-array Completed in 32222ms
1768 http fetch GET 200 https://registry.npmjs.org/progress/-/progress-2.0.3.tgz 29714ms (cache miss)
1769 timing reifyNode:node_modules/progress Completed in 32225ms
1770 http fetch GET 200 https://registry.npmjs.org/postcss-modules-local-by-default/-/postcss-modules-local-by-default-4.0.5.tgz 29690ms (cache miss)
1771 timing reifyNode:node_modules/postcss-modules-local-by-default Completed in 32225ms
1772 http fetch GET 200 https://registry.npmjs.org/p-limit/-/p-limit-3.1.0.tgz 29647ms (cache miss)
1773 timing reifyNode:node_modules/p-limit Completed in 32225ms
1774 http fetch GET 200 https://registry.npmjs.org/parse-json/-/parse-json-5.2.0.tgz 29662ms (cache miss)
1775 timing reifyNode:node_modules/parse-json Completed in 32228ms
1776 http fetch GET 200 https://registry.npmjs.org/npmlog/-/npmlog-6.0.2.tgz 29629ms (cache miss)
1777 timing reifyNode:node_modules/npmlog Completed in 32231ms
1778 http fetch GET 200 https://registry.npmjs.org/onetime/-/onetime-5.1.2.tgz 29643ms (cache miss)
1779 timing reifyNode:node_modules/onetime Completed in 32235ms
1780 http fetch GET 200 https://registry.npmjs.org/node-gyp-build/-/node-gyp-build-4.8.0.tgz 29625ms (cache miss)
1781 timing reifyNode:node_modules/node-gyp-build Completed in 32238ms
1782 http fetch GET 200 https://registry.npmjs.org/mimic-fn/-/mimic-fn-2.1.0.tgz 29601ms (cache miss)
1783 timing reifyNode:node_modules/mimic-fn Completed in 32238ms
1784 http fetch GET 200 https://registry.npmjs.org/merge-stream/-/merge-stream-2.0.0.tgz 29588ms (cache miss)
1785 timing reifyNode:node_modules/merge-stream Completed in 32241ms
1786 http fetch GET 200 https://registry.npmjs.org/minipass-pipeline/-/minipass-pipeline-1.2.4.tgz 29617ms (cache miss)
1787 timing reifyNode:node_modules/minipass-pipeline Completed in 32248ms
1788 http fetch GET 200 https://registry.npmjs.org/makeerror/-/makeerror-1.0.12.tgz 29595ms (cache miss)
1789 timing reifyNode:node_modules/makeerror Completed in 32244ms
1790 http fetch GET 200 https://registry.npmjs.org/lru-queue/-/lru-queue-0.1.0.tgz 29580ms (cache miss)
1791 timing reifyNode:node_modules/lru-queue Completed in 32246ms
1792 http fetch GET 200 https://registry.npmjs.org/keyv/-/keyv-4.5.4.tgz 29567ms (cache miss)
1793 timing reifyNode:node_modules/keyv Completed in 32244ms
1794 http fetch GET 200 https://registry.npmjs.org/jsonfile/-/jsonfile-6.1.0.tgz 29565ms (cache miss)
1795 timing reifyNode:node_modules/jsonfile Completed in 32251ms
1796 http fetch GET 200 https://registry.npmjs.org/jstransformer-markdown-it/-/jstransformer-markdown-it-3.0.0.tgz 29579ms (cache miss)
1797 timing reifyNode:node_modules/jstransformer-markdown-it Completed in 32257ms
1798 http fetch GET 200 https://registry.npmjs.org/leven/-/leven-3.1.0.tgz 29589ms (cache miss)
1799 timing reifyNode:node_modules/leven Completed in 32261ms
1800 http fetch GET 200 https://registry.npmjs.org/kind-of/-/kind-of-6.0.3.tgz 29575ms (cache miss)
1801 timing reifyNode:node_modules/kind-of Completed in 32263ms
1802 http fetch GET 200 https://registry.npmjs.org/json-parse-helpfulerror/-/json-parse-helpfulerror-1.0.3.tgz 29569ms (cache miss)
1803 timing reifyNode:node_modules/json-parse-helpfulerror Completed in 32264ms
1804 http fetch GET 200 https://registry.npmjs.org/defer-to-connect/-/defer-to-connect-2.0.1.tgz 29264ms (cache miss)
1805 timing reifyNode:node_modules/defer-to-connect Completed in 32236ms
1806 http fetch GET 200 https://registry.npmjs.org/delegates/-/delegates-1.0.0.tgz 29286ms (cache miss)
1807 timing reifyNode:node_modules/delegates Completed in 32238ms
1808 http fetch GET 200 https://registry.npmjs.org/collect-v8-coverage/-/collect-v8-coverage-1.0.2.tgz 29226ms (cache miss)
1809 timing reifyNode:node_modules/collect-v8-coverage Completed in 32237ms
1810 http fetch GET 200 https://registry.npmjs.org/clone-deep/-/clone-deep-4.0.1.tgz 29220ms (cache miss)
1811 timing reifyNode:node_modules/clone-deep Completed in 32245ms
1812 http fetch GET 200 https://registry.npmjs.org/concat-map/-/concat-map-0.0.1.tgz 29249ms (cache miss)
1813 timing reifyNode:node_modules/concat-map Completed in 32250ms
1814 http fetch GET 200 https://registry.npmjs.org/co/-/co-4.6.0.tgz 29240ms (cache miss)
1815 timing reifyNode:node_modules/co Completed in 32254ms
1816 http fetch GET 200 https://registry.npmjs.org/config-chain/-/config-chain-1.1.13.tgz 29247ms (cache miss)
1817 timing reifyNode:node_modules/config-chain Completed in 32258ms
1818 http fetch GET 200 https://registry.npmjs.org/@babel/plugin-syntax-optional-chaining/-/plugin-syntax-optional-chaining-7.8.3.tgz 28933ms (cache miss)
1819 timing reifyNode:node_modules/@babel/plugin-syntax-optional-chaining Completed in 32228ms
1820 http fetch GET 200 https://registry.npmjs.org/@babel/plugin-syntax-top-level-await/-/plugin-syntax-top-level-await-7.14.5.tgz 28942ms (cache miss)
1821 timing reifyNode:node_modules/@babel/plugin-syntax-top-level-await Completed in 32231ms
1822 http fetch GET 200 https://registry.npmjs.org/@istanbuljs/load-nyc-config/-/load-nyc-config-1.1.0.tgz 28987ms (cache miss)
1823 timing reifyNode:node_modules/@istanbuljs/load-nyc-config Completed in 32250ms
1824 http fetch GET 200 https://registry.npmjs.org/import-lazy/-/import-lazy-4.0.0.tgz 29533ms (cache miss)
1825 timing reifyNode:node_modules/import-lazy Completed in 32311ms
1826 http fetch GET 200 https://registry.npmjs.org/graceful-fs/-/graceful-fs-4.2.10.tgz 29510ms (cache miss)
1827 timing reifyNode:node_modules/graceful-fs Completed in 32324ms
1828 http fetch GET 200 https://registry.npmjs.org/ansi-regex/-/ansi-regex-6.0.1.tgz 28704ms (cache miss)
1829 timing reifyNode:node_modules/boxen/node_modules/ansi-regex Completed in 32319ms
1830 http fetch GET 200 https://registry.npmjs.org/fs-minipass/-/fs-minipass-3.0.3.tgz 28719ms (cache miss)
1831 timing reifyNode:node_modules/cacache/node_modules/fs-minipass Completed in 32321ms
1832 http fetch GET 200 https://registry.npmjs.org/which/-/which-3.0.1.tgz 28694ms (cache miss)
1833 timing reifyNode:node_modules/@npmcli/git/node_modules/which Completed in 32309ms
1834 http fetch GET 200 https://registry.npmjs.org/which/-/which-3.0.1.tgz 28694ms (cache miss)
1835 timing reifyNode:node_modules/@npmcli/promise-spawn/node_modules/which Completed in 32311ms
1836 http fetch GET 200 https://registry.npmjs.org/find-up/-/find-up-4.1.0.tgz 28695ms (cache miss)
1837 timing reifyNode:node_modules/@istanbuljs/load-nyc-config/node_modules/find-up Completed in 32305ms
1838 http fetch GET 200 https://registry.npmjs.org/camelcase/-/camelcase-7.0.0.tgz 28709ms (cache miss)
1839 timing reifyNode:node_modules/boxen/node_modules/camelcase Completed in 32327ms
1840 http fetch GET 200 https://registry.npmjs.org/p-limit/-/p-limit-2.3.0.tgz 28889ms (cache miss)
1841 timing reifyNode:node_modules/pkg-up/node_modules/p-limit Completed in 32404ms
1842 http fetch GET 200 https://registry.npmjs.org/strip-ansi/-/strip-ansi-7.1.0.tgz 28691ms (cache miss)
1843 timing reifyNode:node_modules/@isaacs/cliui/node_modules/strip-ansi Completed in 32311ms
1844 http fetch GET 200 https://registry.npmjs.org/@eslint/js/-/js-8.57.0.tgz 28670ms (cache miss)
1845 timing reifyNode:node_modules/eslint/node_modules/@eslint/js Completed in 32349ms
1846 http fetch GET 200 https://registry.npmjs.org/ansi-styles/-/ansi-styles-3.2.1.tgz 28650ms (cache miss)
1847 timing reifyNode:node_modules/@babel/highlight/node_modules/ansi-styles Completed in 32309ms
1848 http fetch GET 200 https://registry.npmjs.org/p-locate/-/p-locate-4.1.0.tgz 28888ms (cache miss)
1849 timing reifyNode:node_modules/pkg-dir/node_modules/p-locate Completed in 32413ms
1850 http fetch GET 200 https://registry.npmjs.org/p-limit/-/p-limit-2.3.0.tgz 28892ms (cache miss)
1851 timing reifyNode:node_modules/pkg-dir/node_modules/p-limit Completed in 32414ms
1852 http fetch GET 200 https://registry.npmjs.org/supports-color/-/supports-color-5.5.0.tgz 28681ms (cache miss)
1853 timing reifyNode:node_modules/@babel/highlight/node_modules/supports-color Completed in 32315ms
1854 http fetch GET 200 https://registry.npmjs.org/find-up/-/find-up-5.0.0.tgz 29526ms (cache miss)
1855 timing reifyNode:node_modules/find-up Completed in 32373ms
1856 http fetch GET 200 https://registry.npmjs.org/fill-range/-/fill-range-7.0.1.tgz 29539ms (cache miss)
1857 timing reifyNode:node_modules/fill-range Completed in 32394ms
1858 http fetch GET 200 https://registry.npmjs.org/glob-parent/-/glob-parent-6.0.2.tgz 29575ms (cache miss)
1859 timing reifyNode:node_modules/glob-parent Completed in 32403ms
1860 http fetch GET 200 https://registry.npmjs.org/aggregate-error/-/aggregate-error-3.1.0.tgz 29275ms (cache miss)
1861 timing reifyNode:node_modules/aggregate-error Completed in 32380ms
1862 http fetch GET 200 https://registry.npmjs.org/validate-npm-package-license/-/validate-npm-package-license-3.0.4.tgz 30232ms (cache miss)
1863 timing reifyNode:node_modules/validate-npm-package-license Completed in 32499ms
1864 http fetch GET 200 https://registry.npmjs.org/@npmcli/node-gyp/-/node-gyp-3.0.0.tgz 29162ms (cache miss)
1865 timing reifyNode:node_modules/@npmcli/node-gyp Completed in 32377ms
1866 http fetch GET 200 https://registry.npmjs.org/set-function-length/-/set-function-length-1.2.2.tgz 30063ms (cache miss)
1867 timing reifyNode:node_modules/set-function-length Completed in 32492ms
1868 http fetch GET 200 https://registry.npmjs.org/@fastify/accept-negotiator/-/accept-negotiator-1.0.0.tgz 29109ms (cache miss)
1869 timing reifyNode:node_modules/@fastify/accept-negotiator Completed in 32378ms
1870 http fetch GET 200 https://registry.npmjs.org/@types/yargs-parser/-/yargs-parser-21.0.3.tgz 29246ms (cache miss)
1871 timing reifyNode:node_modules/@types/yargs-parser Completed in 32399ms
1872 http fetch GET 200 https://registry.npmjs.org/@webassemblyjs/floating-point-hex-parser/-/floating-point-hex-parser-1.11.6.tgz 29253ms (cache miss)
1873 timing reifyNode:node_modules/@webassemblyjs/floating-point-hex-parser Completed in 32403ms
1874 http fetch GET 200 https://registry.npmjs.org/@types/cacheable-request/-/cacheable-request-6.0.2.tgz 29233ms (cache miss)
1875 timing reifyNode:node_modules/@types/cacheable-request Completed in 32407ms
1876 http fetch GET 200 https://registry.npmjs.org/@types/semver-utils/-/semver-utils-1.1.3.tgz 29258ms (cache miss)
1877 timing reifyNode:node_modules/@types/semver-utils Completed in 32411ms
1878 http fetch GET 200 https://registry.npmjs.org/@istanbuljs/schema/-/schema-0.1.3.tgz 29156ms (cache miss)
1879 timing reifyNode:node_modules/@istanbuljs/schema Completed in 32403ms
1880 http fetch GET 200 https://registry.npmjs.org/universalify/-/universalify-2.0.1.tgz 30274ms (cache miss)
1881 timing reifyNode:node_modules/universalify Completed in 32533ms
1882 http fetch GET 200 https://registry.npmjs.org/@types/eslint-scope/-/eslint-scope-3.7.4.tgz 29238ms (cache miss)
1883 timing reifyNode:node_modules/@types/eslint-scope Completed in 32417ms
1884 http fetch GET 200 https://registry.npmjs.org/next-tick/-/next-tick-1.1.0.tgz 29889ms (cache miss)
1885 timing reifyNode:node_modules/next-tick Completed in 32507ms
1886 http fetch GET 200 https://registry.npmjs.org/fs-minipass/-/fs-minipass-2.1.0.tgz 29630ms (cache miss)
1887 timing reifyNode:node_modules/fs-minipass Completed in 32467ms
1888 http fetch GET 200 https://registry.npmjs.org/escape-string-regexp/-/escape-string-regexp-4.0.0.tgz 28904ms (cache miss)
1889 timing reifyNode:node_modules/eslint/node_modules/escape-string-regexp Completed in 32496ms
1890 http fetch GET 200 https://registry.npmjs.org/package-json/-/package-json-8.1.0.tgz 29982ms (cache miss)
1891 timing reifyNode:node_modules/package-json Completed in 32555ms
1892 http fetch GET 200 https://registry.npmjs.org/strip-bom/-/strip-bom-4.0.0.tgz 30140ms (cache miss)
1893 timing reifyNode:node_modules/strip-bom Completed in 32587ms
1894 http fetch GET 200 https://registry.npmjs.org/@npmcli/promise-spawn/-/promise-spawn-6.0.2.tgz 29266ms (cache miss)
1895 timing reifyNode:node_modules/@npmcli/promise-spawn Completed in 32482ms
1896 http fetch GET 200 https://registry.npmjs.org/interpret/-/interpret-2.2.0.tgz 29758ms (cache miss)
1897 timing reifyNode:node_modules/interpret Completed in 32533ms
1898 http fetch GET 200 https://registry.npmjs.org/@webassemblyjs/wasm-gen/-/wasm-gen-1.12.1.tgz 29355ms (cache miss)
1899 http fetch GET 200 https://registry.npmjs.org/spdx-exceptions/-/spdx-exceptions-2.5.0.tgz 30194ms (cache miss)
1900 timing reifyNode:node_modules/spdx-exceptions Completed in 32598ms
1901 http fetch GET 200 https://registry.npmjs.org/resolve-from/-/resolve-from-5.0.0.tgz 30128ms (cache miss)
1902 timing reifyNode:node_modules/resolve-from Completed in 32599ms
1903 http fetch GET 200 https://registry.npmjs.org/split2/-/split2-3.2.2.tgz 30222ms (cache miss)
1904 timing reifyNode:node_modules/split2 Completed in 32611ms
1905 http fetch GET 200 https://registry.npmjs.org/tmpl/-/tmpl-1.0.5.tgz 30275ms (cache miss)
1906 timing reifyNode:node_modules/tmpl Completed in 32625ms
1907 http fetch GET 200 https://registry.npmjs.org/untildify/-/untildify-4.0.0.tgz 30382ms (cache miss)
1908 timing reifyNode:node_modules/untildify Completed in 32640ms
1909 http fetch GET 200 https://registry.npmjs.org/@types/istanbul-lib-coverage/-/istanbul-lib-coverage-2.0.6.tgz 29356ms (cache miss)
1910 timing reifyNode:node_modules/@types/istanbul-lib-coverage Completed in 32528ms
1911 http fetch GET 200 https://registry.npmjs.org/@tufjs/canonical-json/-/canonical-json-1.0.0.tgz 29345ms (cache miss)
1912 timing reifyNode:node_modules/@tufjs/canonical-json Completed in 32530ms
1913 http fetch GET 200 https://registry.npmjs.org/@babel/plugin-syntax-typescript/-/plugin-syntax-typescript-7.24.1.tgz 29228ms (cache miss)
1914 timing reifyNode:node_modules/@babel/plugin-syntax-typescript Completed in 32522ms
1915 http fetch GET 200 https://registry.npmjs.org/@babel/helper-environment-visitor/-/helper-environment-visitor-7.22.20.tgz 29206ms (cache miss)
1916 timing reifyNode:node_modules/@babel/helper-environment-visitor Completed in 32533ms
1917 http fetch GET 200 https://registry.npmjs.org/@npmcli/move-file/-/move-file-1.1.2.tgz 29184ms (cache miss)
1918 timing reifyNode:node_modules/sqlite3/node_modules/@npmcli/move-file Completed in 32687ms
1919 http fetch GET 200 https://registry.npmjs.org/strip-json-comments/-/strip-json-comments-5.0.1.tgz 29113ms (cache miss)
1920 timing reifyNode:node_modules/npm-check-updates/node_modules/strip-json-comments Completed in 32670ms
1921 http fetch GET 200 https://registry.npmjs.org/isbinaryfile/-/isbinaryfile-4.0.10.tgz 29914ms (cache miss)
1922 timing reifyNode:node_modules/isbinaryfile Completed in 32647ms
1923 http fetch GET 200 https://registry.npmjs.org/pug-code-gen/-/pug-code-gen-3.0.2.tgz 30192ms (cache miss)
1924 timing reifyNode:node_modules/pug-code-gen Completed in 32699ms
1925 http fetch GET 200 https://registry.npmjs.org/vary/-/vary-1.1.2.tgz 30483ms (cache miss)
1926 timing reifyNode:node_modules/vary Completed in 32732ms
1927 http fetch GET 200 https://registry.npmjs.org/node-int64/-/node-int64-0.4.0.tgz 30085ms (cache miss)
1928 timing reifyNode:node_modules/node-int64 Completed in 32697ms
1929 http fetch GET 200 https://registry.npmjs.org/locate-path/-/locate-path-3.0.0.tgz 29202ms (cache miss)
1930 timing reifyNode:node_modules/pkg-up/node_modules/locate-path Completed in 32711ms
1931 http fetch GET 200 https://registry.npmjs.org/fs.realpath/-/fs.realpath-1.0.0.tgz 29788ms (cache miss)
1932 timing reifyNode:node_modules/fs.realpath Completed in 32662ms
1933 http fetch GET 200 https://registry.npmjs.org/fast-deep-equal/-/fast-deep-equal-3.1.3.tgz 29784ms (cache miss)
1934 timing reifyNode:node_modules/fast-deep-equal Completed in 32659ms
1935 http fetch GET 200 https://registry.npmjs.org/json-buffer/-/json-buffer-3.0.1.tgz 30002ms (cache miss)
1936 timing reifyNode:node_modules/json-buffer Completed in 32698ms
1937 http fetch GET 200 https://registry.npmjs.org/escape-goat/-/escape-goat-4.0.0.tgz 29763ms (cache miss)
1938 timing reifyNode:node_modules/escape-goat Completed in 32667ms
1939 http fetch GET 200 https://registry.npmjs.org/eslint-import-resolver-node/-/eslint-import-resolver-node-0.3.9.tgz 29772ms (cache miss)
1940 timing reifyNode:node_modules/eslint-import-resolver-node Completed in 32671ms
1941 http fetch GET 200 https://registry.npmjs.org/@babel/plugin-syntax-bigint/-/plugin-syntax-bigint-7.8.3.tgz 29331ms (cache miss)
1942 timing reifyNode:node_modules/@babel/plugin-syntax-bigint Completed in 32637ms
1943 http fetch GET 200 https://registry.npmjs.org/es-shim-unscopables/-/es-shim-unscopables-1.0.2.tgz 29778ms (cache miss)
1944 timing reifyNode:node_modules/es-shim-unscopables Completed in 32705ms
1945 http fetch GET 200 https://registry.npmjs.org/error-ex/-/error-ex-1.3.2.tgz 29777ms (cache miss)
1946 timing reifyNode:node_modules/error-ex Completed in 32708ms
1947 http fetch GET 200 https://registry.npmjs.org/ansi-styles/-/ansi-styles-4.3.0.tgz 29593ms (cache miss)
1948 timing reifyNode:node_modules/ansi-styles Completed in 32700ms
1949 http fetch GET 200 https://registry.npmjs.org/boxen/-/boxen-7.0.0.tgz 29677ms (cache miss)
1950 timing reifyNode:node_modules/boxen Completed in 32717ms
1951 http fetch GET 200 https://registry.npmjs.org/bindings/-/bindings-1.5.0.tgz 29671ms (cache miss)
1952 timing reifyNode:node_modules/bindings Completed in 32720ms
1953 http fetch GET 200 https://registry.npmjs.org/bser/-/bser-2.1.1.tgz 29675ms (cache miss)
1954 timing reifyNode:node_modules/bser Completed in 32724ms
1955 http fetch GET 200 https://registry.npmjs.org/ansi-align/-/ansi-align-3.0.1.tgz 29637ms (cache miss)
1956 timing reifyNode:node_modules/ansi-align Completed in 32738ms
1957 http fetch GET 200 https://registry.npmjs.org/base64-js/-/base64-js-1.5.1.tgz 29643ms (cache miss)
1958 timing reifyNode:node_modules/base64-js Completed in 32744ms
1959 http fetch GET 200 https://registry.npmjs.org/acorn-jsx/-/acorn-jsx-5.3.2.tgz 29625ms (cache miss)
1960 timing reifyNode:node_modules/acorn-jsx Completed in 32742ms
1961 http fetch GET 200 https://registry.npmjs.org/cookie 30958ms (cache miss)
1962 timing metavuln:packument:cookie Completed in 30960ms
1963 timing metavuln:load:security-advisory:cookie:1103907 Completed in 3ms
1964 http fetch GET 200 https://registry.npmjs.org/@jridgewell/set-array/-/set-array-1.2.1.tgz 29537ms (cache miss)
1965 timing reifyNode:node_modules/@jridgewell/set-array Completed in 32773ms
1966 http fetch GET 200 https://registry.npmjs.org/brace-expansion 30976ms (cache miss)
1967 timing metavuln:packument:brace-expansion Completed in 30977ms
1968 timing metavuln:load:security-advisory:brace-expansion:1105443 Completed in 2ms
1969 timing metavuln:load:security-advisory:brace-expansion:1105444 Completed in 1ms
1970 http fetch GET 200 https://registry.npmjs.org/configstore/-/configstore-6.0.0.tgz 29798ms (cache miss)
1971 timing reifyNode:node_modules/configstore Completed in 32805ms
1972 http fetch GET 200 https://registry.npmjs.org/@jest/test-result/-/test-result-29.7.0.tgz 29533ms (cache miss)
1973 timing reifyNode:node_modules/@jest/test-result Completed in 32785ms
1974 http fetch GET 200 https://registry.npmjs.org/unique-slug/-/unique-slug-2.0.2.tgz 30653ms (cache miss)
1975 timing reifyNode:node_modules/unique-slug Completed in 32912ms
1976 http fetch GET 200 https://registry.npmjs.org/tree-kill/-/tree-kill-1.2.2.tgz 30583ms (cache miss)
1977 timing reifyNode:node_modules/tree-kill Completed in 32909ms
1978 http fetch GET 200 https://registry.npmjs.org/update-browserslist-db/-/update-browserslist-db-1.0.13.tgz 30658ms (cache miss)
1979 timing reifyNode:node_modules/update-browserslist-db Completed in 32917ms
1980 http fetch GET 200 https://registry.npmjs.org/strip-final-newline/-/strip-final-newline-2.0.0.tgz 30534ms (cache miss)
1981 timing reifyNode:node_modules/strip-final-newline Completed in 32910ms
1982 http fetch GET 200 https://registry.npmjs.org/ret/-/ret-0.2.2.tgz 30451ms (cache miss)
1983 timing reifyNode:node_modules/ret Completed in 32902ms
1984 http fetch GET 200 https://registry.npmjs.org/remote-git-tags/-/remote-git-tags-3.0.0.tgz 30433ms (cache miss)
1985 timing reifyNode:node_modules/remote-git-tags Completed in 32903ms
1986 http fetch GET 200 https://registry.npmjs.org/punycode/-/punycode-2.1.1.tgz 30413ms (cache miss)
1987 timing reifyNode:node_modules/punycode Completed in 32900ms
1988 http fetch GET 200 https://registry.npmjs.org/pug-walk/-/pug-walk-2.0.0.tgz 30414ms (cache miss)
1989 timing reifyNode:node_modules/pug-walk Completed in 32903ms
1990 http fetch GET 200 https://registry.npmjs.org/postgres-interval/-/postgres-interval-1.2.0.tgz 30383ms (cache miss)
1991 timing reifyNode:node_modules/postgres-interval Completed in 32902ms
1992 http fetch GET 200 https://registry.npmjs.org/path-key/-/path-key-3.1.1.tgz 30354ms (cache miss)
1993 timing reifyNode:node_modules/path-key Completed in 32906ms
1994 http fetch GET 200 https://registry.npmjs.org/json-schema-traverse/-/json-schema-traverse-0.4.1.tgz 30237ms (cache miss)
1995 timing reifyNode:node_modules/json-schema-traverse Completed in 32922ms
1996 http fetch GET 200 https://registry.npmjs.org/json-stable-stringify-without-jsonify/-/json-stable-stringify-without-jsonify-1.0.1.tgz 30244ms (cache miss)
1997 http fetch GET 200 https://registry.npmjs.org/jest-docblock/-/jest-docblock-29.7.0.tgz 30211ms (cache miss)
1998 timing reifyNode:node_modules/jest-docblock Completed in 32921ms
1999 http fetch GET 200 https://registry.npmjs.org/jest-matcher-utils/-/jest-matcher-utils-29.7.0.tgz 30218ms (cache miss)
2000 timing reifyNode:node_modules/jest-matcher-utils Completed in 32924ms
2001 http fetch GET 200 https://registry.npmjs.org/emoji-regex/-/emoji-regex-8.0.0.tgz 29962ms (cache miss)
2002 timing reifyNode:node_modules/emoji-regex Completed in 32905ms
2003 http fetch GET 200 https://registry.npmjs.org/dottie/-/dottie-2.0.6.tgz 29961ms (cache miss)
2004 timing reifyNode:node_modules/dottie Completed in 32907ms
2005 timing reifyNode:node_modules/commist Completed in 32906ms
2006 http fetch GET 200 https://registry.npmjs.org/clean-stack/-/clean-stack-2.2.0.tgz 29898ms (cache miss)
2007 timing reifyNode:node_modules/clean-stack Completed in 32911ms
2008 http fetch GET 200 https://registry.npmjs.org/cli-boxes/-/cli-boxes-3.0.0.tgz 29905ms (cache miss)
2009 timing reifyNode:node_modules/cli-boxes Completed in 32917ms
2010 http fetch GET 200 https://registry.npmjs.org/is-fullwidth-code-point/-/is-fullwidth-code-point-3.0.0.tgz 30217ms (cache miss)
2011 timing reifyNode:node_modules/is-fullwidth-code-point Completed in 32968ms
2012 http fetch GET 200 https://registry.npmjs.org/hasown/-/hasown-2.0.2.tgz 30169ms (cache miss)
2013 timing reifyNode:node_modules/hasown Completed in 32969ms
2014 http fetch GET 200 https://registry.npmjs.org/has-bigints/-/has-bigints-1.0.2.tgz 30162ms (cache miss)
2015 timing reifyNode:node_modules/has-bigints Completed in 32975ms
2016 http fetch GET 200 https://registry.npmjs.org/brace-expansion/-/brace-expansion-2.0.1.tgz 29456ms (cache miss)
2017 timing reifyNode:node_modules/npm-check-updates/node_modules/brace-expansion Completed in 33016ms
2018 http fetch GET 200 https://registry.npmjs.org/brace-expansion/-/brace-expansion-2.0.1.tgz 29325ms (cache miss)
2019 timing reifyNode:node_modules/@tufjs/models/node_modules/brace-expansion Completed in 32940ms
2020 http fetch GET 200 https://registry.npmjs.org/brace-expansion/-/brace-expansion-2.0.1.tgz 29417ms (cache miss)
2021 timing reifyNode:node_modules/help-me/node_modules/brace-expansion Completed in 32984ms
2022 http fetch GET 200 https://registry.npmjs.org/brace-expansion/-/brace-expansion-2.0.1.tgz 29415ms (cache miss)
2023 timing reifyNode:node_modules/glob/node_modules/brace-expansion Completed in 32983ms
2024 http fetch GET 200 https://registry.npmjs.org/brace-expansion/-/brace-expansion-2.0.1.tgz 29425ms (cache miss)
2025 timing reifyNode:node_modules/ignore-walk/node_modules/brace-expansion Completed in 32991ms
2026 http fetch GET 200 https://registry.npmjs.org/brace-expansion/-/brace-expansion-2.0.1.tgz 29454ms (cache miss)
2027 timing reifyNode:node_modules/node-gyp/node_modules/brace-expansion Completed in 33024ms
2028 http fetch GET 200 https://registry.npmjs.org/ini/-/ini-1.3.8.tgz 29375ms (cache miss)
2029 timing reifyNode:node_modules/config-chain/node_modules/ini Completed in 32969ms
2030 http fetch GET 200 https://registry.npmjs.org/unique-filename/-/unique-filename-3.0.0.tgz 29369ms (cache miss)
2031 timing reifyNode:node_modules/cacache/node_modules/unique-filename Completed in 32964ms
2032 http fetch GET 200 https://registry.npmjs.org/file-entry-cache/-/file-entry-cache-6.0.1.tgz 30130ms (cache miss)
2033 timing reifyNode:node_modules/file-entry-cache Completed in 32988ms
2034 http fetch GET 200 https://registry.npmjs.org/glob-parent/-/glob-parent-5.1.2.tgz 29401ms (cache miss)
2035 timing reifyNode:node_modules/fast-glob/node_modules/glob-parent Completed in 32988ms
2036 http fetch GET 200 https://registry.npmjs.org/string-width/-/string-width-5.1.2.tgz 29364ms (cache miss)
2037 timing reifyNode:node_modules/boxen/node_modules/string-width Completed in 32972ms
2038 http fetch GET 200 https://registry.npmjs.org/depd/-/depd-1.1.2.tgz 29353ms (cache miss)
2039 http fetch GET 200 https://registry.npmjs.org/fs-minipass/-/fs-minipass-3.0.3.tgz 29518ms (cache miss)
2040 timing reifyNode:node_modules/pacote/node_modules/fs-minipass Completed in 33054ms
2041 http fetch GET 200 https://registry.npmjs.org/locate-path/-/locate-path-5.0.0.tgz 29543ms (cache miss)
2042 timing reifyNode:node_modules/pkg-dir/node_modules/locate-path Completed in 33066ms
2043 http fetch GET 200 https://registry.npmjs.org/find-up/-/find-up-4.1.0.tgz 29544ms (cache miss)
2044 timing reifyNode:node_modules/pkg-dir/node_modules/find-up Completed in 33068ms
2045 http fetch GET 200 https://registry.npmjs.org/@webassemblyjs/ieee754/-/ieee754-1.11.6.tgz 29869ms (cache miss)
2046 timing reifyNode:node_modules/@webassemblyjs/ieee754 Completed in 33009ms
2047 http fetch GET 200 https://registry.npmjs.org/gopd/-/gopd-1.0.1.tgz 30240ms (cache miss)
2048 timing reifyNode:node_modules/gopd Completed in 33048ms
2049 http fetch GET 200 https://registry.npmjs.org/fastify-method-override/-/fastify-method-override-1.5.10.tgz 30169ms (cache miss)
2050 timing reifyNode:node_modules/fastify-method-override Completed in 33045ms
2051 http fetch GET 200 https://registry.npmjs.org/@szmarczak/http-timer/-/http-timer-5.0.1.tgz 29838ms (cache miss)
2052 timing reifyNode:node_modules/@szmarczak/http-timer Completed in 33024ms
2053 timing reifyNode:node_modules/supports-preserve-symlinks-flag Completed in 33138ms
2054 http fetch GET 200 https://registry.npmjs.org/@jest/test-sequencer/-/test-sequencer-29.7.0.tgz 29808ms (cache miss)
2055 timing reifyNode:node_modules/@jest/test-sequencer Completed in 33037ms
2056 http fetch GET 200 https://registry.npmjs.org/@types/ms/-/ms-0.7.34.tgz 29880ms (cache miss)
2057 timing reifyNode:node_modules/@types/ms Completed in 33046ms
2058 http fetch GET 200 https://registry.npmjs.org/widest-line/-/widest-line-4.0.1.tgz 30930ms (cache miss)
2059 timing reifyNode:node_modules/widest-line Completed in 33170ms
2060 http fetch GET 200 https://registry.npmjs.org/unbox-primitive/-/unbox-primitive-1.0.2.tgz 30912ms (cache miss)
2061 timing reifyNode:node_modules/unbox-primitive Completed in 33178ms
2062 http fetch GET 200 https://registry.npmjs.org/braces 31263ms (cache miss)
2063 timing metavuln:packument:braces Completed in 31265ms
2064 timing metavuln:load:security-advisory:braces:1098094 Completed in 1ms
2065 http fetch GET 200 https://registry.npmjs.org/@types/json5/-/json5-0.0.29.tgz 29920ms (cache miss)
2066 timing reifyNode:node_modules/@types/json5 Completed in 33075ms
2067 http fetch GET 200 https://registry.npmjs.org/string-width/-/string-width-4.2.3.tgz 30798ms (cache miss)
2068 timing reifyNode:node_modules/string-width-cjs Completed in 33188ms
2069 http fetch GET 200 https://registry.npmjs.org/string-length/-/string-length-4.0.2.tgz 30803ms (cache miss)
2070 timing reifyNode:node_modules/string-length Completed in 33192ms
2071 http fetch GET 200 https://registry.npmjs.org/inflight/-/inflight-1.0.6.tgz 30355ms (cache miss)
2072 timing reifyNode:node_modules/inflight Completed in 33130ms
2073 http fetch GET 200 https://registry.npmjs.org/@jest/fake-timers/-/fake-timers-29.7.0.tgz 29842ms (cache miss)
2074 timing reifyNode:node_modules/@jest/fake-timers Completed in 33081ms
2075 http fetch GET 200 https://registry.npmjs.org/clone-response/-/clone-response-1.0.3.tgz 30092ms (cache miss)
2076 timing reifyNode:node_modules/clone-response Completed in 33105ms
2077 http fetch GET 200 https://registry.npmjs.org/socks-proxy-agent/-/socks-proxy-agent-7.0.0.tgz 30790ms (cache miss)
2078 timing reifyNode:node_modules/socks-proxy-agent Completed in 33196ms
2079 http fetch GET 200 https://registry.npmjs.org/console-control-strings/-/console-control-strings-1.1.0.tgz 30116ms (cache miss)
2080 timing reifyNode:node_modules/console-control-strings Completed in 33120ms
2081 http fetch GET 200 https://registry.npmjs.org/abbrev/-/abbrev-2.0.0.tgz 29574ms (cache miss)
2082 timing reifyNode:node_modules/js-beautify/node_modules/abbrev Completed in 33164ms
2083 http fetch GET 200 https://registry.npmjs.org/@jest/environment/-/environment-29.7.0.tgz 29874ms (cache miss)
2084 timing reifyNode:node_modules/@jest/environment Completed in 33111ms
2085 http fetch GET 200 https://registry.npmjs.org/stack-utils/-/stack-utils-2.0.6.tgz 30848ms (cache miss)
2086 timing reifyNode:node_modules/stack-utils Completed in 33238ms
2087 timing reifyNode:node_modules/@webassemblyjs/wasm-gen Completed in 33134ms
2088 http fetch GET 200 https://registry.npmjs.org/ansi-escapes/-/ansi-escapes-4.3.2.tgz 30008ms (cache miss)
2089 timing reifyNode:node_modules/ansi-escapes Completed in 33141ms
2090 http fetch GET 200 https://registry.npmjs.org/js-tokens/-/js-tokens-4.0.0.tgz 30529ms (cache miss)
2091 timing reifyNode:node_modules/js-tokens Completed in 33217ms
2092 http fetch GET 200 https://registry.npmjs.org/minipass-json-stream/-/minipass-json-stream-1.0.1.tgz 30602ms (cache miss)
2093 timing reifyNode:node_modules/minipass-json-stream Completed in 33236ms
2094 http fetch GET 200 https://registry.npmjs.org/@types/keyv/-/keyv-3.1.4.tgz 30020ms (cache miss)
2095 timing reifyNode:node_modules/@types/keyv Completed in 33174ms
2096 http fetch GET 200 https://registry.npmjs.org/ip 31370ms (cache miss)
2097 timing metavuln:packument:ip Completed in 31371ms
2098 timing metavuln:load:security-advisory:ip:1101851 Completed in 1ms
2099 timing metavuln:load:security-advisory:ip:1097721 Completed in 1ms
2100 http fetch GET 200 https://registry.npmjs.org/@babel/plugin-syntax-class-properties/-/plugin-syntax-class-properties-7.12.13.tgz 29885ms (cache miss)
2101 timing reifyNode:node_modules/@babel/plugin-syntax-class-properties Completed in 33188ms
2102 http fetch GET 200 https://registry.npmjs.org/interpret/-/interpret-3.1.1.tgz 29838ms (cache miss)
2103 timing reifyNode:node_modules/webpack-cli/node_modules/interpret Completed in 33328ms
2104 http fetch GET 200 https://registry.npmjs.org/@babel/helper-plugin-utils/-/helper-plugin-utils-7.24.0.tgz 29880ms (cache miss)
2105 timing reifyNode:node_modules/@babel/helper-plugin-utils Completed in 33196ms
2106 http fetch GET 200 https://registry.npmjs.org/@babel/helper-split-export-declaration/-/helper-split-export-declaration-7.22.6.tgz 29889ms (cache miss)
2107 timing reifyNode:node_modules/@babel/helper-split-export-declaration Completed in 33199ms
2108 http fetch GET 200 https://registry.npmjs.org/@aashutoshrathi/word-wrap/-/word-wrap-1.2.6.tgz 29866ms (cache miss)
2109 timing reifyNode:node_modules/@aashutoshrathi/word-wrap Completed in 33203ms
2110 http fetch GET 200 https://registry.npmjs.org/pg-connection-string/-/pg-connection-string-2.6.4.tgz 29777ms (cache miss)
2111 timing reifyNode:node_modules/pg/node_modules/pg-connection-string Completed in 33313ms
2112 http fetch GET 200 https://registry.npmjs.org/split2/-/split2-4.2.0.tgz 29795ms (cache miss)
2113 timing reifyNode:node_modules/pino-abstract-transport/node_modules/split2 Completed in 33321ms
2114 http fetch GET 200 https://registry.npmjs.org/escape-string-regexp/-/escape-string-regexp-2.0.0.tgz 29850ms (cache miss)
2115 timing reifyNode:node_modules/stack-utils/node_modules/escape-string-regexp Completed in 33348ms
2116 http fetch GET 200 https://registry.npmjs.org/pg-connection-string/-/pg-connection-string-2.6.1.tgz 29707ms (cache miss)
2117 timing reifyNode:node_modules/fastify-objectionjs/node_modules/pg-connection-string Completed in 33274ms
2118 http fetch GET 200 https://registry.npmjs.org/is-yarn-global/-/is-yarn-global-0.4.0.tgz 30578ms (cache miss)
2119 timing reifyNode:node_modules/is-yarn-global Completed in 33306ms
2120 http fetch GET 200 https://registry.npmjs.org/joycon/-/joycon-3.1.1.tgz 30630ms (cache miss)
2121 timing reifyNode:node_modules/joycon Completed in 33318ms
2122 http fetch GET 200 https://registry.npmjs.org/jest-regex-util/-/jest-regex-util-29.6.3.tgz 30612ms (cache miss)
2123 timing reifyNode:node_modules/jest-regex-util Completed in 33319ms
2124 http fetch GET 200 https://registry.npmjs.org/mkdirp-classic/-/mkdirp-classic-0.5.3.tgz 30723ms (cache miss)
2125 timing reifyNode:node_modules/mkdirp-classic Completed in 33346ms
2126 http fetch GET 200 https://registry.npmjs.org/fast-levenshtein/-/fast-levenshtein-2.0.6.tgz 30437ms (cache miss)
2127 timing reifyNode:node_modules/fast-levenshtein Completed in 33305ms
2128 http fetch GET 200 https://registry.npmjs.org/require-directory/-/require-directory-2.1.1.tgz 30920ms (cache miss)
2129 timing reifyNode:node_modules/require-directory Completed in 33377ms
2130 http fetch GET 200 https://registry.npmjs.org/eslint-visitor-keys/-/eslint-visitor-keys-3.4.3.tgz 30416ms (cache miss)
2131 http fetch GET 200 https://registry.npmjs.org/cookie-signature/-/cookie-signature-1.2.1.tgz 30335ms (cache miss)
2132 timing reifyNode:node_modules/cookie-signature Completed in 33319ms
2133 http fetch GET 200 https://registry.npmjs.org/colorette/-/colorette-2.0.19.tgz 30312ms (cache miss)
2134 timing reifyNode:node_modules/colorette Completed in 33325ms
2135 http fetch GET 200 https://registry.npmjs.org/escape-html/-/escape-html-1.0.3.tgz 30417ms (cache miss)
2136 timing reifyNode:node_modules/escape-html Completed in 33347ms
2137 http fetch GET 200 https://registry.npmjs.org/wrappy/-/wrappy-1.0.2.tgz 31232ms (cache miss)
2138 timing reifyNode:node_modules/wrappy Completed in 33463ms
2139 http fetch GET 200 https://registry.npmjs.org/builtins/-/builtins-5.1.0.tgz 30319ms (cache miss)
2140 timing reifyNode:node_modules/builtins Completed in 33355ms
2141 http fetch GET 200 https://registry.npmjs.org/@xtuc/ieee754/-/ieee754-1.2.0.tgz 30233ms (cache miss)
2142 timing reifyNode:node_modules/@xtuc/ieee754 Completed in 33350ms
2143 http fetch GET 200 https://registry.npmjs.org/babel-preset-jest/-/babel-preset-jest-29.6.3.tgz 30306ms (cache miss)
2144 timing reifyNode:node_modules/babel-preset-jest Completed in 33358ms
2145 http fetch GET 200 https://registry.npmjs.org/cacheable-lookup/-/cacheable-lookup-6.1.0.tgz 30338ms (cache miss)
2146 timing reifyNode:node_modules/cacheable-lookup Completed in 33367ms
2147 http fetch GET 200 https://registry.npmjs.org/at-least-node/-/at-least-node-1.0.0.tgz 30298ms (cache miss)
2148 timing reifyNode:node_modules/at-least-node Completed in 33364ms
2149 http fetch GET 200 https://registry.npmjs.org/babel-jest/-/babel-jest-29.7.0.tgz 30293ms (cache miss)
2150 timing reifyNode:node_modules/babel-jest Completed in 33366ms
2151 http fetch GET 200 https://registry.npmjs.org/assert-never/-/assert-never-1.2.1.tgz 30300ms (cache miss)
2152 timing reifyNode:node_modules/assert-never Completed in 33368ms
2153 http fetch GET 200 https://registry.npmjs.org/array-union/-/array-union-2.1.0.tgz 30279ms (cache miss)
2154 timing reifyNode:node_modules/array-union Completed in 33372ms
2155 http fetch GET 200 https://registry.npmjs.org/@webpack-cli/configtest/-/configtest-2.1.1.tgz 30252ms (cache miss)
2156 timing reifyNode:node_modules/@webpack-cli/configtest Completed in 33371ms
2157 http fetch GET 200 https://registry.npmjs.org/anymatch/-/anymatch-3.1.2.tgz 30267ms (cache miss)
2158 timing reifyNode:node_modules/anymatch Completed in 33375ms
2159 http fetch GET 200 https://registry.npmjs.org/@webassemblyjs/helper-api-error/-/helper-api-error-1.11.6.tgz 30233ms (cache miss)
2160 timing reifyNode:node_modules/@webassemblyjs/helper-api-error Completed in 33373ms
2161 http fetch GET 200 https://registry.npmjs.org/@types/http-cache-semantics/-/http-cache-semantics-4.0.1.tgz 30205ms (cache miss)
2162 timing reifyNode:node_modules/@types/http-cache-semantics Completed in 33373ms
2163 http fetch GET 200 https://registry.npmjs.org/@types/stack-utils/-/stack-utils-2.0.3.tgz 30224ms (cache miss)
2164 timing reifyNode:node_modules/@types/stack-utils Completed in 33378ms
2165 http fetch GET 200 https://registry.npmjs.org/@types/estree/-/estree-1.0.5.tgz 30205ms (cache miss)
2166 timing reifyNode:node_modules/@types/estree Completed in 33378ms
2167 http fetch GET 200 https://registry.npmjs.org/data-view-byte-length/-/data-view-byte-length-1.0.1.tgz 30435ms (cache miss)
2168 http fetch GET 200 https://registry.npmjs.org/@isaacs/cliui/-/cliui-8.0.2.tgz 30124ms (cache miss)
2169 http fetch GET 200 https://registry.npmjs.org/cssesc/-/cssesc-3.0.0.tgz 30440ms (cache miss)
2170 timing reifyNode:node_modules/cssesc Completed in 33417ms
2171 http fetch GET 200 https://registry.npmjs.org/wide-align/-/wide-align-1.1.5.tgz 31282ms (cache miss)
2172 timing reifyNode:node_modules/wide-align Completed in 33523ms
2173 http fetch GET 200 https://registry.npmjs.org/content-disposition/-/content-disposition-0.5.4.tgz 30433ms (cache miss)
2174 timing reifyNode:node_modules/content-disposition Completed in 33424ms
2175 http fetch GET 200 https://registry.npmjs.org/unique-string/-/unique-string-3.0.0.tgz 31266ms (cache miss)
2176 timing reifyNode:node_modules/unique-string Completed in 33526ms
2177 http fetch GET 200 https://registry.npmjs.org/statuses/-/statuses-2.0.1.tgz 31136ms (cache miss)
2178 timing reifyNode:node_modules/statuses Completed in 33525ms
2179 http fetch GET 200 https://registry.npmjs.org/simple-concat/-/simple-concat-1.0.1.tgz 31107ms (cache miss)
2180 timing reifyNode:node_modules/simple-concat Completed in 33525ms
2181 http fetch GET 200 https://registry.npmjs.org/set-cookie-parser/-/set-cookie-parser-2.6.0.tgz 31096ms (cache miss)
2182 timing reifyNode:node_modules/set-cookie-parser Completed in 33529ms
2183 http fetch GET 200 https://registry.npmjs.org/require-from-string/-/require-from-string-2.0.2.tgz 31059ms (cache miss)
2184 timing reifyNode:node_modules/require-from-string Completed in 33527ms
2185 http fetch GET 200 https://registry.npmjs.org/regenerator-runtime/-/regenerator-runtime-0.14.1.tgz 31061ms (cache miss)
2186 timing reifyNode:node_modules/regenerator-runtime Completed in 33538ms
2187 http fetch GET 200 https://registry.npmjs.org/possible-typed-array-names/-/possible-typed-array-names-1.0.0.tgz 31018ms (cache miss)
2188 timing reifyNode:node_modules/possible-typed-array-names Completed in 33543ms
2189 http fetch GET 200 https://registry.npmjs.org/pg-cloudflare/-/pg-cloudflare-1.1.1.tgz 31004ms (cache miss)
2190 http fetch GET 200 https://registry.npmjs.org/npm-package-arg/-/npm-package-arg-10.1.0.tgz 30944ms (cache miss)
2191 timing reifyNode:node_modules/npm-package-arg Completed in 33552ms
2192 http fetch GET 200 https://registry.npmjs.org/lodash.merge/-/lodash.merge-4.6.2.tgz 30887ms (cache miss)
2193 timing reifyNode:node_modules/lodash.merge Completed in 33553ms
2194 http fetch GET 200 https://registry.npmjs.org/minimatch/-/minimatch-3.1.2.tgz 30912ms (cache miss)
2195 timing reifyNode:node_modules/minimatch Completed in 33564ms
2196 http fetch GET 200 https://registry.npmjs.org/detect-newline/-/detect-newline-3.1.0.tgz 30555ms (cache miss)
2197 timing reifyNode:node_modules/detect-newline Completed in 33532ms
2198 http fetch GET 200 https://registry.npmjs.org/d/-/d-1.0.2.tgz 30682ms (cache miss)
2199 timing reifyNode:node_modules/d Completed in 33663ms
2200 http fetch GET 200 https://registry.npmjs.org/@babel/helper-simple-access/-/helper-simple-access-7.22.5.tgz 30320ms (cache miss)
2201 timing reifyNode:node_modules/@babel/helper-simple-access Completed in 33636ms
2202 http fetch GET 200 https://registry.npmjs.org/@eslint/js/-/js-9.1.1.tgz 30372ms (cache miss)
2203 http fetch GET 200 https://registry.npmjs.org/@fastify/flash/-/flash-5.1.0.tgz 30379ms (cache miss)
2204 http fetch GET 200 https://registry.npmjs.org/cacheable-request/-/cacheable-request-7.0.2.tgz 30659ms (cache miss)
2205 timing reifyNode:node_modules/cacheable-request Completed in 33684ms
2206 http fetch GET 200 https://registry.npmjs.org/depd/-/depd-2.0.0.tgz 30730ms (cache miss)
2207 timing reifyNode:node_modules/depd Completed in 33696ms
2208 http fetch GET 200 https://registry.npmjs.org/http-proxy-agent/-/http-proxy-agent-5.0.0.tgz 30934ms (cache miss)
2209 timing reifyNode:node_modules/http-proxy-agent Completed in 33729ms
2210 http fetch GET 200 https://registry.npmjs.org/flat-cache/-/flat-cache-3.2.0.tgz 30890ms (cache miss)
2211 timing reifyNode:node_modules/flat-cache Completed in 33733ms
2212 http fetch GET 200 https://registry.npmjs.org/lowercase-keys/-/lowercase-keys-2.0.0.tgz 30294ms (cache miss)
2213 timing reifyNode:node_modules/responselike/node_modules/lowercase-keys Completed in 33802ms
2214 http fetch GET 200 https://registry.npmjs.org/supports-color/-/supports-color-8.1.1.tgz 30125ms (cache miss)
2215 timing reifyNode:node_modules/concurrently/node_modules/supports-color Completed in 33723ms
2216 http fetch GET 200 https://registry.npmjs.org/ansi-regex/-/ansi-regex-6.0.1.tgz 30217ms (cache miss)
2217 timing reifyNode:node_modules/npm-check-updates/node_modules/ansi-regex Completed in 33786ms
2218 http fetch GET 200 https://registry.npmjs.org/ansi-regex/-/ansi-regex-6.0.1.tgz 30356ms (cache miss)
2219 timing reifyNode:node_modules/wrap-ansi/node_modules/ansi-regex Completed in 33833ms
2220 http fetch GET 200 https://registry.npmjs.org/ansi-regex/-/ansi-regex-6.0.1.tgz 30084ms (cache miss)
2221 timing reifyNode:node_modules/@isaacs/cliui/node_modules/ansi-regex Completed in 33701ms
2222 http fetch GET 200 https://registry.npmjs.org/ansi-regex/-/ansi-regex-6.0.1.tgz 30356ms (cache miss)
2223 timing reifyNode:node_modules/widest-line/node_modules/ansi-regex Completed in 33837ms
2224 http fetch GET 200 https://registry.npmjs.org/strip-ansi/-/strip-ansi-7.0.1.tgz 30116ms (cache miss)
2225 timing reifyNode:node_modules/boxen/node_modules/strip-ansi Completed in 33732ms
2226 http fetch GET 200 https://registry.npmjs.org/globals/-/globals-11.12.0.tgz 30049ms (cache miss)
2227 timing reifyNode:node_modules/@babel/traverse/node_modules/globals Completed in 33715ms
2228 http fetch GET 200 https://registry.npmjs.org/strip-ansi/-/strip-ansi-7.1.0.tgz 30256ms (cache miss)
2229 timing reifyNode:node_modules/npm-check-updates/node_modules/strip-ansi Completed in 33812ms
2230 http fetch GET 200 https://registry.npmjs.org/color-convert/-/color-convert-1.9.3.tgz 30067ms (cache miss)
2231 timing reifyNode:node_modules/@babel/highlight/node_modules/color-convert Completed in 33728ms
2232 http fetch GET 200 https://registry.npmjs.org/estraverse/-/estraverse-5.3.0.tgz 30879ms (cache miss)
2233 timing reifyNode:node_modules/estraverse Completed in 33780ms
2234 http fetch GET 200 https://registry.npmjs.org/fast-memoize/-/fast-memoize-2.5.2.tgz 30931ms (cache miss)
2235 timing reifyNode:node_modules/fast-memoize Completed in 33802ms
2236 http fetch GET 200 https://registry.npmjs.org/@fastify/deepmerge/-/deepmerge-1.3.0.tgz 30500ms (cache miss)
2237 timing reifyNode:node_modules/@fastify/deepmerge Completed in 33773ms
2238 http fetch GET 200 https://registry.npmjs.org/pug-code-gen 31993ms (cache miss)
2239 timing metavuln:packument:pug-code-gen Completed in 31995ms
2240 timing metavuln:load:security-advisory:pug-code-gen:1104107 Completed in 2ms
2241 http fetch GET 200 https://registry.npmjs.org/string-width/-/string-width-4.2.3.tgz 31541ms (cache miss)
2242 timing reifyNode:node_modules/string-width Completed in 33922ms
2243 http fetch GET 200 https://registry.npmjs.org/text-table/-/text-table-0.2.0.tgz 31572ms (cache miss)
2244 http fetch GET 200 https://registry.npmjs.org/unique-slug/-/unique-slug-3.0.0.tgz 30334ms (cache miss)
2245 timing reifyNode:node_modules/node-gyp/node_modules/unique-slug Completed in 33893ms
2246 http fetch GET 200 https://registry.npmjs.org/json-parse-even-better-errors/-/json-parse-even-better-errors-3.0.1.tgz 30418ms (cache miss)
2247 timing reifyNode:node_modules/read-package-json/node_modules/json-parse-even-better-errors Completed in 33935ms
2248 http fetch GET 200 https://registry.npmjs.org/fastify-objectionjs/-/fastify-objectionjs-2.0.1.tgz 31006ms (cache miss)
2249 timing reifyNode:node_modules/fastify-objectionjs Completed in 33877ms
2250 http fetch GET 200 https://registry.npmjs.org/type-detect/-/type-detect-4.0.8.tgz 31710ms (cache miss)
2251 timing reifyNode:node_modules/type-detect Completed in 33986ms
2252 http fetch GET 200 https://registry.npmjs.org/react-is/-/react-is-18.2.0.tgz 31519ms (cache miss)
2253 timing reifyNode:node_modules/react-is Completed in 33992ms
2254 http fetch GET 200 https://registry.npmjs.org/lru-cache/-/lru-cache-6.0.0.tgz 30521ms (cache miss)
2255 timing reifyNode:node_modules/sqlite3/node_modules/lru-cache Completed in 34022ms
2256 http fetch GET 200 https://registry.npmjs.org/@babel/plugin-syntax-jsx/-/plugin-syntax-jsx-7.24.1.tgz 30596ms (cache miss)
2257 timing reifyNode:node_modules/@babel/plugin-syntax-jsx Completed in 33904ms
2258 http fetch GET 200 https://registry.npmjs.org/find-up/-/find-up-3.0.0.tgz 30496ms (cache miss)
2259 timing reifyNode:node_modules/pkg-up/node_modules/find-up Completed in 34016ms
2260 http fetch GET 200 https://registry.npmjs.org/deep-is/-/deep-is-0.1.4.tgz 31070ms (cache miss)
2261 timing reifyNode:node_modules/deep-is Completed in 34037ms
2262 http fetch GET 200 https://registry.npmjs.org/array-buffer-byte-length/-/array-buffer-byte-length-1.0.1.tgz 30950ms (cache miss)
2263 timing reifyNode:node_modules/array-buffer-byte-length Completed in 34046ms
2264 http fetch GET 200 https://registry.npmjs.org/@types/graceful-fs/-/graceful-fs-4.1.9.tgz 30872ms (cache miss)
2265 timing reifyNode:node_modules/@types/graceful-fs Completed in 34041ms
2266 http fetch GET 200 https://registry.npmjs.org/@types/babel__core/-/babel__core-7.20.5.tgz 30871ms (cache miss)
2267 timing reifyNode:node_modules/@types/babel__core Completed in 34052ms
2268 http fetch GET 200 https://registry.npmjs.org/@rails/ujs/-/ujs-7.1.3-2.tgz 30869ms (cache miss)
2269 timing reifyNode:node_modules/@rails/ujs Completed in 34062ms
2270 http fetch GET 200 https://registry.npmjs.org/cross-spawn 32262ms (cache miss)
2271 timing metavuln:packument:cross-spawn Completed in 32264ms
2272 timing metavuln:load:security-advisory:cross-spawn:1104664 Completed in 2ms
2273 timing reifyNode:node_modules/@isaacs/cliui Completed in 34064ms
2274 http fetch GET 200 https://registry.npmjs.org/strip-ansi/-/strip-ansi-6.0.1.tgz 31820ms (cache miss)
2275 timing reifyNode:node_modules/strip-ansi Completed in 34192ms
2276 http fetch GET 200 https://registry.npmjs.org/update-notifier/-/update-notifier-6.0.2.tgz 31949ms (cache miss)
2277 timing reifyNode:node_modules/update-notifier Completed in 34206ms
2278 http fetch GET 200 https://registry.npmjs.org/rc/-/rc-1.2.8.tgz 31710ms (cache miss)
2279 timing reifyNode:node_modules/rc Completed in 34186ms
2280 http fetch GET 200 https://registry.npmjs.org/pug-runtime/-/pug-runtime-3.0.1.tgz 31693ms (cache miss)
2281 timing reifyNode:node_modules/pug-runtime Completed in 34191ms
2282 http fetch GET 200 https://registry.npmjs.org/parse-github-url/-/parse-github-url-1.0.2.tgz 31641ms (cache miss)
2283 timing reifyNode:node_modules/parse-github-url Completed in 34196ms
2284 http fetch GET 200 https://registry.npmjs.org/on-exit-leak-free/-/on-exit-leak-free-2.1.2.tgz 31604ms (cache miss)
2285 http fetch GET 200 https://registry.npmjs.org/jest-message-util/-/jest-message-util-29.7.0.tgz 31489ms (cache miss)
2286 timing reifyNode:node_modules/jest-message-util Completed in 34197ms
2287 timing reifyNode:node_modules/@eslint/js Completed in 34156ms
2288 http fetch GET 200 https://registry.npmjs.org/http-cache-semantics/-/http-cache-semantics-4.1.1.tgz 31426ms (cache miss)
2289 timing reifyNode:node_modules/http-cache-semantics Completed in 34222ms
2290 http fetch GET 200 https://registry.npmjs.org/getopts/-/getopts-2.3.0.tgz 31397ms (cache miss)
2291 timing reifyNode:node_modules/getopts Completed in 34226ms
2292 http fetch GET 200 https://registry.npmjs.org/wrap-ansi/-/wrap-ansi-7.0.0.tgz 32078ms (cache miss)
2293 timing reifyNode:node_modules/wrap-ansi-cjs Completed in 34315ms
2294 http fetch GET 200 https://registry.npmjs.org/supports-color/-/supports-color-8.1.1.tgz 30677ms (cache miss)
2295 timing reifyNode:node_modules/jest-worker/node_modules/supports-color Completed in 34247ms
2296 http fetch GET 200 https://registry.npmjs.org/wrap-ansi/-/wrap-ansi-7.0.0.tgz 30794ms (cache miss)
2297 timing reifyNode:node_modules/sequelize-cli/node_modules/wrap-ansi Completed in 34296ms
2298 http fetch GET 200 https://registry.npmjs.org/supports-color/-/supports-color-8.1.1.tgz 30823ms (cache miss)
2299 timing reifyNode:node_modules/terser-webpack-plugin/node_modules/supports-color Completed in 34308ms
2300 http fetch GET 200 https://registry.npmjs.org/ini/-/ini-1.3.8.tgz 30789ms (cache miss)
2301 timing reifyNode:node_modules/rc/node_modules/ini Completed in 34292ms
2302 http fetch GET 200 https://registry.npmjs.org/string-width/-/string-width-5.1.2.tgz 30843ms (cache miss)
2303 timing reifyNode:node_modules/widest-line/node_modules/string-width Completed in 34325ms
2304 http fetch GET 200 https://registry.npmjs.org/string-width/-/string-width-5.1.2.tgz 30574ms (cache miss)
2305 timing reifyNode:node_modules/@isaacs/cliui/node_modules/string-width Completed in 34195ms
2306 http fetch GET 200 https://registry.npmjs.org/string-width/-/string-width-5.1.2.tgz 30849ms (cache miss)
2307 timing reifyNode:node_modules/wrap-ansi/node_modules/string-width Completed in 34332ms
2308 timing reifyNode:node_modules/agentkeepalive/node_modules/depd Completed in 34214ms
2309 http fetch GET 200 https://registry.npmjs.org/fast-querystring/-/fast-querystring-1.0.0.tgz 31397ms (cache miss)
2310 timing reifyNode:node_modules/fast-querystring Completed in 34263ms
2311 http fetch GET 200 https://registry.npmjs.org/jsesc/-/jsesc-2.5.2.tgz 31611ms (cache miss)
2312 timing reifyNode:node_modules/jsesc Completed in 34300ms
2313 http fetch GET 200 https://registry.npmjs.org/test-exclude/-/test-exclude-6.0.0.tgz 32009ms (cache miss)
2314 timing reifyNode:node_modules/test-exclude Completed in 34369ms
2315 http fetch GET 200 https://registry.npmjs.org/signal-exit/-/signal-exit-3.0.7.tgz 31947ms (cache miss)
2316 timing reifyNode:node_modules/signal-exit Completed in 34365ms
2317 http fetch GET 200 https://registry.npmjs.org/functions-have-names/-/functions-have-names-1.2.3.tgz 31466ms (cache miss)
2318 timing reifyNode:node_modules/functions-have-names Completed in 34299ms
2319 http fetch GET 200 https://registry.npmjs.org/type-check/-/type-check-0.4.0.tgz 32075ms (cache miss)
2320 timing reifyNode:node_modules/type-check Completed in 34392ms
2321 timing reifyNode:node_modules/text-table Completed in 34393ms
2322 http fetch GET 200 https://registry.npmjs.org/resolve-from/-/resolve-from-4.0.0.tgz 30784ms (cache miss)
2323 timing reifyNode:node_modules/import-fresh/node_modules/resolve-from Completed in 34352ms
2324 http fetch GET 200 https://registry.npmjs.org/resolve.exports/-/resolve.exports-2.0.2.tgz 31978ms (cache miss)
2325 timing reifyNode:node_modules/resolve.exports Completed in 34446ms
2326 http fetch GET 200 https://registry.npmjs.org/cliui/-/cliui-7.0.4.tgz 31022ms (cache miss)
2327 http fetch GET 200 https://registry.npmjs.org/chownr/-/chownr-1.1.4.tgz 31036ms (cache miss)
2328 timing reifyNode:node_modules/tar-fs/node_modules/chownr Completed in 34532ms
2329 http fetch GET 200 https://registry.npmjs.org/is-bigint/-/is-bigint-1.0.4.tgz 31748ms (cache miss)
2330 timing reifyNode:node_modules/is-bigint Completed in 34515ms
2331 http fetch GET 200 https://registry.npmjs.org/safer-buffer/-/safer-buffer-2.1.2.tgz 32133ms (cache miss)
2332 timing reifyNode:node_modules/safer-buffer Completed in 34573ms
2333 http fetch GET 200 https://registry.npmjs.org/rfdc/-/rfdc-1.3.1.tgz 32121ms (cache miss)
2334 timing reifyNode:node_modules/rfdc Completed in 34574ms
2335 timing reifyNode:node_modules/eslint-visitor-keys Completed in 34516ms
2336 http fetch GET 200 https://registry.npmjs.org/chrome-trace-event/-/chrome-trace-event-1.0.3.tgz 31495ms (cache miss)
2337 timing reifyNode:node_modules/chrome-trace-event Completed in 34518ms
2338 http fetch GET 200 https://registry.npmjs.org/convert-source-map/-/convert-source-map-2.0.0.tgz 31541ms (cache miss)
2339 timing reifyNode:node_modules/convert-source-map Completed in 34526ms
2340 http fetch GET 200 https://registry.npmjs.org/character-parser/-/character-parser-2.2.0.tgz 31504ms (cache miss)
2341 timing reifyNode:node_modules/character-parser Completed in 34525ms
2342 http fetch GET 200 https://registry.npmjs.org/es-object-atoms/-/es-object-atoms-1.0.0.tgz 31622ms (cache miss)
2343 http fetch GET 200 https://registry.npmjs.org/babel-plugin-istanbul/-/babel-plugin-istanbul-6.1.1.tgz 31492ms (cache miss)
2344 timing reifyNode:node_modules/babel-plugin-istanbul Completed in 34551ms
2345 http fetch GET 200 https://registry.npmjs.org/are-we-there-yet/-/are-we-there-yet-3.0.1.tgz 31462ms (cache miss)
2346 timing reifyNode:node_modules/are-we-there-yet Completed in 34561ms
2347 http fetch GET 200 https://registry.npmjs.org/agent-base/-/agent-base-6.0.2.tgz 31454ms (cache miss)
2348 timing reifyNode:node_modules/agent-base Completed in 34566ms
2349 http fetch GET 200 https://registry.npmjs.org/detect-libc/-/detect-libc-2.0.3.tgz 31630ms (cache miss)
2350 timing reifyNode:node_modules/detect-libc Completed in 34598ms
2351 http fetch GET 200 https://registry.npmjs.org/@jest/expect-utils/-/expect-utils-29.7.0.tgz 31327ms (cache miss)
2352 timing reifyNode:node_modules/@jest/expect-utils Completed in 34572ms
2353 http fetch GET 200 https://registry.npmjs.org/set-function-name/-/set-function-name-2.0.2.tgz 32258ms (cache miss)
2354 timing reifyNode:node_modules/set-function-name Completed in 34692ms
2355 http fetch GET 200 https://registry.npmjs.org/rimraf/-/rimraf-3.0.2.tgz 32240ms (cache miss)
2356 timing reifyNode:node_modules/rimraf Completed in 34693ms
2357 http fetch GET 200 https://registry.npmjs.org/pug-lexer/-/pug-lexer-5.0.1.tgz 32183ms (cache miss)
2358 timing reifyNode:node_modules/pug-lexer Completed in 34694ms
2359 timing reifyNode:node_modules/pg-cloudflare Completed in 34693ms
2360 http fetch GET 200 https://registry.npmjs.org/levn/-/levn-0.4.1.tgz 32040ms (cache miss)
2361 timing reifyNode:node_modules/levn Completed in 34709ms
2362 timing reifyNode:node_modules/json-stable-stringify-without-jsonify Completed in 34708ms
2363 http fetch GET 200 https://registry.npmjs.org/strip-json-comments/-/strip-json-comments-2.0.1.tgz 31248ms (cache miss)
2364 timing reifyNode:node_modules/rc/node_modules/strip-json-comments Completed in 34760ms
2365 http fetch GET 200 https://registry.npmjs.org/cliui/-/cliui-8.0.1.tgz 31691ms (cache miss)
2366 timing reifyNode:node_modules/cliui Completed in 34708ms
2367 http fetch GET 200 https://registry.npmjs.org/is-number-object/-/is-number-object-1.0.7.tgz 31993ms (cache miss)
2368 timing reifyNode:node_modules/is-number-object Completed in 34742ms
2369 http fetch GET 200 https://registry.npmjs.org/internal-slot/-/internal-slot-1.0.7.tgz 31965ms (cache miss)
2370 timing reifyNode:node_modules/internal-slot Completed in 34743ms
2371 http fetch GET 200 https://registry.npmjs.org/has-proto/-/has-proto-1.0.3.tgz 31937ms (cache miss)
2372 timing reifyNode:node_modules/has-proto Completed in 34749ms
2373 http fetch GET 200 https://registry.npmjs.org/json-schema-traverse/-/json-schema-traverse-1.0.0.tgz 31109ms (cache miss)
2374 http fetch GET 200 https://registry.npmjs.org/fastest-levenshtein/-/fastest-levenshtein-1.0.16.tgz 31920ms (cache miss)
2375 http fetch GET 200 https://registry.npmjs.org/ipaddr.js/-/ipaddr.js-1.9.1.tgz 32064ms (cache miss)
2376 timing reifyNode:node_modules/ipaddr.js Completed in 34838ms
2377 http fetch GET 200 https://registry.npmjs.org/pug 32993ms (cache miss)
2378 timing metavuln:packument:pug Completed in 32995ms
2379 timing metavuln:load:security-advisory:pug:1104111 Completed in 3ms
2380 http fetch GET 200 https://registry.npmjs.org/toad-cache/-/toad-cache-3.7.0.tgz 32575ms (cache miss)
2381 timing reifyNode:node_modules/toad-cache Completed in 34921ms
2382 http fetch GET 200 https://registry.npmjs.org/hosted-git-info/-/hosted-git-info-6.1.1.tgz 31318ms (cache miss)
2383 timing reifyNode:node_modules/normalize-package-data/node_modules/hosted-git-info Completed in 34892ms
2384 http fetch GET 200 https://registry.npmjs.org/yallist/-/yallist-3.1.1.tgz 31317ms (cache miss)
2385 timing reifyNode:node_modules/lru-cache/node_modules/yallist Completed in 34889ms
2386 http fetch GET 200 https://registry.npmjs.org/globby/-/globby-11.1.0.tgz 32068ms (cache miss)
2387 timing reifyNode:node_modules/globby Completed in 34883ms
2388 http fetch GET 200 https://registry.npmjs.org/toposort-class/-/toposort-class-1.0.1.tgz 32635ms (cache miss)
2389 http fetch GET 200 https://registry.npmjs.org/wildcard/-/wildcard-2.0.0.tgz 32736ms (cache miss)
2390 timing reifyNode:node_modules/wildcard Completed in 34975ms
2391 http fetch GET 200 https://registry.npmjs.org/@humanwhocodes/module-importer/-/module-importer-1.0.1.tgz 31623ms (cache miss)
2392 http fetch GET 200 https://registry.npmjs.org/ini/-/ini-4.1.2.tgz 31422ms (cache miss)
2393 timing reifyNode:node_modules/npm-check-updates/node_modules/ini Completed in 34982ms
2394 http fetch GET 200 https://registry.npmjs.org/estraverse/-/estraverse-4.3.0.tgz 31540ms (cache miss)
2395 timing reifyNode:node_modules/webpack/node_modules/estraverse Completed in 35029ms
2396 http fetch GET 200 https://registry.npmjs.org/@tootallnate/once/-/once-1.1.2.tgz 31510ms (cache miss)
2397 timing reifyNode:node_modules/sqlite3/node_modules/@tootallnate/once Completed in 35019ms
2398 http fetch GET 200 https://registry.npmjs.org/ansi-styles/-/ansi-styles-6.1.0.tgz 31560ms (cache miss)
2399 timing reifyNode:node_modules/wrap-ansi/node_modules/ansi-styles Completed in 35041ms
2400 http fetch GET 200 https://registry.npmjs.org/is-date-object/-/is-date-object-1.0.5.tgz 32228ms (cache miss)
2401 timing reifyNode:node_modules/is-date-object Completed in 34991ms
2402 http fetch GET 200 https://registry.npmjs.org/nopt/-/nopt-5.0.0.tgz 32413ms (cache miss)
2403 timing reifyNode:node_modules/nopt Completed in 35023ms
2404 http fetch GET 200 https://registry.npmjs.org/is-data-view/-/is-data-view-1.0.1.tgz 32235ms (cache miss)
2405 timing reifyNode:node_modules/is-data-view Completed in 34999ms
2406 http fetch GET 200 https://registry.npmjs.org/es-set-tostringtag/-/es-set-tostringtag-2.0.3.tgz 32116ms (cache miss)
2407 timing reifyNode:node_modules/es-set-tostringtag Completed in 35032ms
2408 http fetch GET 200 https://registry.npmjs.org/define-properties/-/define-properties-1.2.1.tgz 32095ms (cache miss)
2409 timing reifyNode:node_modules/define-properties Completed in 35047ms
2410 http fetch GET 200 https://registry.npmjs.org/@webassemblyjs/wasm-edit/-/wasm-edit-1.12.1.tgz 31909ms (cache miss)
2411 timing reifyNode:node_modules/@webassemblyjs/wasm-edit Completed in 35045ms
2412 timing reifyNode:node_modules/data-view-byte-length Completed in 35074ms
2413 http fetch GET 200 https://registry.npmjs.org/define-data-property/-/define-data-property-1.1.4.tgz 32091ms (cache miss)
2414 timing reifyNode:node_modules/define-data-property Completed in 35085ms
2415 http fetch GET 200 https://registry.npmjs.org/retry-as-promised/-/retry-as-promised-7.0.4.tgz 32723ms (cache miss)
2416 timing reifyNode:node_modules/retry-as-promised Completed in 35172ms
2417 http fetch GET 200 https://registry.npmjs.org/object-keys/-/object-keys-1.1.1.tgz 32579ms (cache miss)
2418 timing reifyNode:node_modules/object-keys Completed in 35177ms
2419 http fetch GET 200 https://registry.npmjs.org/mkdirp/-/mkdirp-1.0.4.tgz 32551ms (cache miss)
2420 timing reifyNode:node_modules/mkdirp Completed in 35186ms
2421 http fetch GET 200 https://registry.npmjs.org/mdurl/-/mdurl-1.0.1.tgz 32518ms (cache miss)
2422 timing reifyNode:node_modules/mdurl Completed in 35183ms
2423 http fetch GET 200 https://registry.npmjs.org/jest-runner/-/jest-runner-29.7.0.tgz 32469ms (cache miss)
2424 timing reifyNode:node_modules/jest-runner Completed in 35177ms
2425 http fetch GET 200 https://registry.npmjs.org/gensync/-/gensync-1.0.0-beta.2.tgz 32316ms (cache miss)
2426 timing reifyNode:node_modules/gensync Completed in 35163ms
2427 http fetch GET 200 https://registry.npmjs.org/escalade/-/escalade-3.1.1.tgz 32257ms (cache miss)
2428 timing reifyNode:node_modules/escalade Completed in 35158ms
2429 http fetch GET 200 https://registry.npmjs.org/@humanwhocodes/object-schema/-/object-schema-2.0.3.tgz 31862ms (cache miss)
2430 timing reifyNode:node_modules/@humanwhocodes/object-schema Completed in 35124ms
2431 http fetch GET 200 https://registry.npmjs.org/color-convert/-/color-convert-2.0.1.tgz 32150ms (cache miss)
2432 timing reifyNode:node_modules/color-convert Completed in 35157ms
2433 timing reifyNode:node_modules/@fastify/flash Completed in 35129ms
2434 http fetch GET 200 https://registry.npmjs.org/dateformat/-/dateformat-4.6.3.tgz 32202ms (cache miss)
2435 timing reifyNode:node_modules/dateformat Completed in 35176ms
2436 http fetch GET 200 https://registry.npmjs.org/is-typed-array/-/is-typed-array-1.1.13.tgz 32470ms (cache miss)
2437 timing reifyNode:node_modules/is-typed-array Completed in 35209ms
2438 http fetch GET 200 https://registry.npmjs.org/dedent/-/dedent-1.5.3.tgz 32212ms (cache miss)
2439 timing reifyNode:node_modules/dedent Completed in 35200ms
2440 http fetch GET 200 https://registry.npmjs.org/fastify-reverse-routes/-/fastify-reverse-routes-3.0.0.tgz 32371ms (cache miss)
2441 timing reifyNode:node_modules/fastify-reverse-routes Completed in 35240ms
2442 http fetch GET 200 https://registry.npmjs.org/which-boxed-primitive/-/which-boxed-primitive-1.0.2.tgz 33117ms (cache miss)
2443 timing reifyNode:node_modules/which-boxed-primitive Completed in 35359ms
2444 http fetch GET 200 https://registry.npmjs.org/ssri/-/ssri-10.0.5.tgz 32969ms (cache miss)
2445 timing reifyNode:node_modules/ssri Completed in 35366ms
2446 http fetch GET 200 https://registry.npmjs.org/eslint-visitor-keys/-/eslint-visitor-keys-4.0.0.tgz 31722ms (cache miss)
2447 http fetch GET 200 https://registry.npmjs.org/ansi-styles/-/ansi-styles-5.2.0.tgz 31846ms (cache miss)
2448 timing reifyNode:node_modules/pretty-format/node_modules/ansi-styles Completed in 35360ms
2449 http fetch GET 200 https://registry.npmjs.org/@jridgewell/sourcemap-codec/-/sourcemap-codec-1.4.15.tgz 32044ms (cache miss)
2450 timing reifyNode:node_modules/@jridgewell/sourcemap-codec Completed in 35276ms
2451 http fetch GET 200 https://registry.npmjs.org/@nodelib/fs.stat/-/fs.stat-2.0.5.tgz 32062ms (cache miss)
2452 http fetch GET 200 https://registry.npmjs.org/uc.micro/-/uc.micro-1.0.6.tgz 33146ms (cache miss)
2453 http fetch GET 200 https://registry.npmjs.org/safe-buffer/-/safe-buffer-5.2.1.tgz 32953ms (cache miss)
2454 timing reifyNode:node_modules/safe-buffer Completed in 35400ms
2455 timing reifyNode:node_modules/@humanwhocodes/module-importer Completed in 35307ms
2456 http fetch GET 200 https://registry.npmjs.org/socks-proxy-agent/-/socks-proxy-agent-6.2.1.tgz 31954ms (cache miss)
2457 timing reifyNode:node_modules/sqlite3/node_modules/socks-proxy-agent Completed in 35452ms
2458 timing reifyNode:node_modules/sequelize-cli/node_modules/cliui Completed in 35447ms
2459 http fetch GET 200 https://registry.npmjs.org/graceful-fs/-/graceful-fs-4.2.11.tgz 31983ms (cache miss)
2460 timing reifyNode:node_modules/webpack/node_modules/graceful-fs Completed in 35468ms
2461 http fetch GET 200 https://registry.npmjs.org/split2/-/split2-4.2.0.tgz 31900ms (cache miss)
2462 timing reifyNode:node_modules/pgpass/node_modules/split2 Completed in 35434ms
2463 http fetch GET 200 https://registry.npmjs.org/cookie/-/cookie-0.4.2.tgz 31964ms (cache miss)
2464 timing reifyNode:node_modules/youch/node_modules/cookie Completed in 35481ms
2465 http fetch GET 200 https://registry.npmjs.org/camelcase/-/camelcase-6.3.0.tgz 31848ms (cache miss)
2466 timing reifyNode:node_modules/jest-validate/node_modules/camelcase Completed in 35411ms
2467 http fetch GET 200 https://registry.npmjs.org/linkify-it/-/linkify-it-4.0.1.tgz 32765ms (cache miss)
2468 timing reifyNode:node_modules/linkify-it Completed in 35445ms
2469 http fetch GET 200 https://registry.npmjs.org/data-view-buffer/-/data-view-buffer-1.0.1.tgz 32465ms (cache miss)
2470 timing reifyNode:node_modules/data-view-buffer Completed in 35444ms
2471 http fetch GET 200 https://registry.npmjs.org/call-bind/-/call-bind-1.0.7.tgz 32403ms (cache miss)
2472 timing reifyNode:node_modules/call-bind Completed in 35439ms
2473 http fetch GET 200 https://registry.npmjs.org/available-typed-arrays/-/available-typed-arrays-1.0.7.tgz 32365ms (cache miss)
2474 timing reifyNode:node_modules/available-typed-arrays Completed in 35441ms
2475 http fetch GET 200 https://registry.npmjs.org/tar-fs 33637ms (cache miss)
2476 timing metavuln:packument:tar-fs Completed in 33639ms
2477 timing metavuln:load:security-advisory:tar-fs:1109532 Completed in 2ms
2478 timing metavuln:load:security-advisory:tar-fs:1109543 Completed in 4ms
2479 timing metavuln:load:security-advisory:tar-fs:1109552 Completed in 3ms
2480 http fetch GET 200 https://registry.npmjs.org/@sigstore/bundle/-/bundle-1.1.0.tgz 32264ms (cache miss)
2481 http fetch GET 200 https://registry.npmjs.org/safe-array-concat/-/safe-array-concat-1.1.2.tgz 33131ms (cache miss)
2482 timing reifyNode:node_modules/safe-array-concat Completed in 35574ms
2483 timing reifyNode:node_modules/on-exit-leak-free Completed in 35594ms
2484 http fetch GET 200 https://registry.npmjs.org/object.fromentries/-/object.fromentries-2.0.8.tgz 33004ms (cache miss)
2485 timing reifyNode:node_modules/object.fromentries Completed in 35602ms
2486 http fetch GET 200 https://registry.npmjs.org/negotiator/-/negotiator-0.6.3.tgz 32978ms (cache miss)
2487 timing reifyNode:node_modules/negotiator Completed in 35606ms
2488 http fetch GET 200 https://registry.npmjs.org/js-cookie/-/js-cookie-3.0.5.tgz 32918ms (cache miss)
2489 timing reifyNode:node_modules/js-cookie Completed in 35608ms
2490 http fetch GET 200 https://registry.npmjs.org/jest-cli/-/jest-cli-29.7.0.tgz 32883ms (cache miss)
2491 timing reifyNode:node_modules/jest-cli Completed in 35608ms
2492 http fetch GET 200 https://registry.npmjs.org/ci-info/-/ci-info-3.3.2.tgz 32555ms (cache miss)
2493 timing reifyNode:node_modules/ci-info Completed in 35573ms
2494 http fetch GET 200 https://registry.npmjs.org/data-view-byte-offset/-/data-view-byte-offset-1.0.0.tgz 32619ms (cache miss)
2495 timing reifyNode:node_modules/data-view-byte-offset Completed in 35596ms
2496 http fetch GET 200 https://registry.npmjs.org/http-proxy-agent/-/http-proxy-agent-4.0.1.tgz 32186ms (cache miss)
2497 timing reifyNode:node_modules/sqlite3/node_modules/http-proxy-agent Completed in 35692ms
2498 http fetch GET 200 https://registry.npmjs.org/is-core-module/-/is-core-module-2.13.1.tgz 32876ms (cache miss)
2499 timing reifyNode:node_modules/is-core-module Completed in 35638ms
2500 http fetch GET 200 https://registry.npmjs.org/is-shared-array-buffer/-/is-shared-array-buffer-1.0.3.tgz 32901ms (cache miss)
2501 timing reifyNode:node_modules/is-shared-array-buffer Completed in 35645ms
2502 http fetch GET 200 https://registry.npmjs.org/ignore/-/ignore-5.2.0.tgz 32836ms (cache miss)
2503 timing reifyNode:node_modules/ignore Completed in 35645ms
2504 http fetch GET 200 https://registry.npmjs.org/json-schema-traverse/-/json-schema-traverse-1.0.0.tgz 31964ms (cache miss)
2505 timing reifyNode:node_modules/fastest-levenshtein Completed in 35665ms
2506 http fetch GET 200 https://registry.npmjs.org/function-bind/-/function-bind-1.1.2.tgz 32838ms (cache miss)
2507 timing reifyNode:node_modules/function-bind Completed in 35672ms
2508 http fetch GET 200 https://registry.npmjs.org/@jridgewell/resolve-uri/-/resolve-uri-3.1.2.tgz 32446ms (cache miss)
2509 timing reifyNode:node_modules/@jridgewell/resolve-uri Completed in 35680ms
2510 http fetch GET 200 https://registry.npmjs.org/nopt/-/nopt-7.2.0.tgz 32182ms (cache miss)
2511 timing reifyNode:node_modules/js-beautify/node_modules/nopt Completed in 35744ms
2512 http fetch GET 200 https://registry.npmjs.org/@pnpm/npm-conf/-/npm-conf-1.0.5.tgz 32495ms (cache miss)
2513 timing reifyNode:node_modules/@pnpm/npm-conf Completed in 35694ms
2514 http fetch GET 200 https://registry.npmjs.org/json-parse-even-better-errors/-/json-parse-even-better-errors-3.0.1.tgz 32297ms (cache miss)
2515 timing reifyNode:node_modules/read-package-json-fast/node_modules/json-parse-even-better-errors Completed in 35805ms
2516 http fetch GET 200 https://registry.npmjs.org/https-proxy-agent/-/https-proxy-agent-5.0.1.tgz 32974ms (cache miss)
2517 timing reifyNode:node_modules/https-proxy-agent Completed in 35770ms
2518 http fetch GET 200 https://registry.npmjs.org/rc-config-loader/-/rc-config-loader-4.1.3.tgz 33367ms (cache miss)
2519 timing reifyNode:node_modules/rc-config-loader Completed in 35843ms
2520 http fetch GET 200 https://registry.npmjs.org/lru-cache/-/lru-cache-6.0.0.tgz 32405ms (cache miss)
2521 timing reifyNode:node_modules/semver/node_modules/lru-cache Completed in 35914ms
2522 http fetch GET 200 https://registry.npmjs.org/is-boolean-object/-/is-boolean-object-1.1.2.tgz 33145ms (cache miss)
2523 timing reifyNode:node_modules/is-boolean-object Completed in 35911ms
2524 http fetch GET 200 https://registry.npmjs.org/jest-watcher/-/jest-watcher-29.7.0.tgz 33235ms (cache miss)
2525 timing reifyNode:node_modules/jest-watcher Completed in 35935ms
2526 timing reifyNode:node_modules/es-object-atoms Completed in 35966ms
2527 http fetch GET 200 https://registry.npmjs.org/es6-weak-map/-/es6-weak-map-2.0.3.tgz 33070ms (cache miss)
2528 timing reifyNode:node_modules/es6-weak-map Completed in 35975ms
2529 http fetch GET 200 https://registry.npmjs.org/minipass/-/minipass-3.3.4.tgz 33496ms (cache miss)
2530 timing reifyNode:node_modules/minipass Completed in 36126ms
2531 http fetch GET 200 https://registry.npmjs.org/jsonparse/-/jsonparse-1.3.1.tgz 33454ms (cache miss)
2532 http fetch GET 200 https://registry.npmjs.org/jest-mock/-/jest-mock-29.7.0.tgz 33418ms (cache miss)
2533 timing reifyNode:node_modules/jest-mock Completed in 36129ms
2534 http fetch GET 200 https://registry.npmjs.org/diff-sequences/-/diff-sequences-29.6.3.tgz 33149ms (cache miss)
2535 timing reifyNode:node_modules/diff-sequences Completed in 36101ms
2536 http fetch GET 200 https://registry.npmjs.org/is-weakref/-/is-weakref-1.0.2.tgz 33415ms (cache miss)
2537 timing reifyNode:node_modules/is-weakref Completed in 36149ms
2538 timing reifyNode:node_modules/ajv-formats/node_modules/json-schema-traverse Completed in 36127ms
2539 timing reifyNode:node_modules/@fastify/ajv-compiler/node_modules/json-schema-traverse Completed in 36119ms
2540 http fetch GET 200 https://registry.npmjs.org/get-symbol-description/-/get-symbol-description-1.0.2.tgz 33358ms (cache miss)
2541 timing reifyNode:node_modules/get-symbol-description Completed in 36183ms
2542 http fetch GET 200 https://registry.npmjs.org/tar-stream/-/tar-stream-2.2.0.tgz 33900ms (cache miss)
2543 timing reifyNode:node_modules/tar-stream Completed in 36279ms
2544 http fetch GET 200 https://registry.npmjs.org/typed-array-byte-offset/-/typed-array-byte-offset-1.0.2.tgz 34025ms (cache miss)
2545 timing reifyNode:node_modules/typed-array-byte-offset Completed in 36295ms
2546 timing reifyNode:node_modules/espree/node_modules/eslint-visitor-keys Completed in 36231ms
2547 http fetch GET 200 https://registry.npmjs.org/micromatch 34403ms (cache miss)
2548 timing metavuln:packument:micromatch Completed in 34405ms
2549 timing metavuln:load:security-advisory:micromatch:1098681 Completed in 1ms
2550 timing reifyNode:node_modules/toposort-class Completed in 36332ms
2551 http fetch GET 200 https://registry.npmjs.org/typed-array-byte-length/-/typed-array-byte-length-1.0.1.tgz 34062ms (cache miss)
2552 timing reifyNode:node_modules/typed-array-byte-length Completed in 36336ms
2553 http fetch GET 200 https://registry.npmjs.org/typed-array-buffer/-/typed-array-buffer-1.0.2.tgz 34066ms (cache miss)
2554 timing reifyNode:node_modules/typed-array-buffer Completed in 36339ms
2555 http fetch GET 200 https://registry.npmjs.org/typed-array-length/-/typed-array-length-1.0.6.tgz 34081ms (cache miss)
2556 timing reifyNode:node_modules/typed-array-length Completed in 36358ms
2557 http fetch GET 200 https://registry.npmjs.org/@babel/highlight/-/highlight-7.24.2.tgz 32942ms (cache miss)
2558 timing reifyNode:node_modules/@babel/highlight Completed in 36251ms
2559 http fetch GET 200 https://registry.npmjs.org/kleur/-/kleur-4.1.5.tgz 32852ms (cache miss)
2560 timing reifyNode:node_modules/prompts-ncu/node_modules/kleur Completed in 36365ms
2561 http fetch GET 200 https://registry.npmjs.org/emittery/-/emittery-0.13.1.tgz 33437ms (cache miss)
2562 timing reifyNode:node_modules/emittery Completed in 36372ms
2563 http fetch GET 200 https://registry.npmjs.org/deepmerge/-/deepmerge-4.3.1.tgz 33401ms (cache miss)
2564 timing reifyNode:node_modules/deepmerge Completed in 36371ms
2565 http fetch GET 200 https://registry.npmjs.org/@babel%2fhelpers 34555ms (cache miss)
2566 timing metavuln:packument:@babel/helpers Completed in 34558ms
2567 timing metavuln:load:security-advisory:@babel/helpers:1104001 Completed in 7ms
2568 http fetch GET 200 https://registry.npmjs.org/asap/-/asap-2.0.6.tgz 33306ms (cache miss)
2569 timing reifyNode:node_modules/asap Completed in 36376ms
2570 http fetch GET 200 https://registry.npmjs.org/arraybuffer.prototype.slice/-/arraybuffer.prototype.slice-1.0.3.tgz 33290ms (cache miss)
2571 timing reifyNode:node_modules/arraybuffer.prototype.slice Completed in 36379ms
2572 timing reifyNode:node_modules/@sigstore/bundle Completed in 36373ms
2573 http fetch GET 200 https://registry.npmjs.org/@webassemblyjs/leb128/-/leb128-1.11.6.tgz 33246ms (cache miss)
2574 timing reifyNode:node_modules/@webassemblyjs/leb128 Completed in 36380ms
2575 http fetch GET 200 https://registry.npmjs.org/cookie/-/cookie-0.6.0.tgz 33413ms (cache miss)
2576 timing reifyNode:node_modules/cookie Completed in 36403ms
2577 http fetch GET 200 https://registry.npmjs.org/postcss-value-parser/-/postcss-value-parser-4.2.0.tgz 33976ms (cache miss)
2578 timing reifyNode:node_modules/postcss-value-parser Completed in 36499ms
2579 http fetch GET 200 https://registry.npmjs.org/prelude-ls/-/prelude-ls-1.2.1.tgz 33992ms (cache miss)
2580 timing reifyNode:node_modules/prelude-ls Completed in 36507ms
2581 http fetch GET 200 https://registry.npmjs.org/jest-each/-/jest-each-29.7.0.tgz 33786ms (cache miss)
2582 timing reifyNode:node_modules/jest-each Completed in 36497ms
2583 http fetch GET 200 https://registry.npmjs.org/es-define-property/-/es-define-property-1.0.0.tgz 33548ms (cache miss)
2584 timing reifyNode:node_modules/es-define-property Completed in 36474ms
2585 http fetch GET 200 https://registry.npmjs.org/create-jest/-/create-jest-29.7.0.tgz 33499ms (cache miss)
2586 timing reifyNode:node_modules/create-jest Completed in 36488ms
2587 http fetch GET 200 https://registry.npmjs.org/is-string/-/is-string-1.0.7.tgz 33788ms (cache miss)
2588 timing reifyNode:node_modules/is-string Completed in 36522ms
2589 http fetch GET 200 https://registry.npmjs.org/chalk/-/chalk-2.4.2.tgz 32848ms (cache miss)
2590 timing reifyNode:node_modules/@babel/highlight/node_modules/chalk Completed in 36496ms
2591 http fetch GET 200 https://registry.npmjs.org/esutils/-/esutils-2.0.3.tgz 33653ms (cache miss)
2592 timing reifyNode:node_modules/esutils Completed in 36543ms
2593 http fetch GET 200 https://registry.npmjs.org/is-symbol/-/is-symbol-1.0.4.tgz 33846ms (cache miss)
2594 timing reifyNode:node_modules/is-symbol Completed in 36586ms
2595 http fetch GET 200 https://registry.npmjs.org/js-yaml 34740ms (cache miss)
2596 timing metavuln:packument:js-yaml Completed in 34743ms
2597 timing metavuln:load:security-advisory:js-yaml:1109801 Completed in 2ms
2598 timing metavuln:load:security-advisory:js-yaml:1109802 Completed in 2ms
2599 http fetch GET 200 https://registry.npmjs.org/hosted-git-info/-/hosted-git-info-6.1.1.tgz 33103ms (cache miss)
2600 timing reifyNode:node_modules/npm-package-arg/node_modules/hosted-git-info Completed in 36640ms
2601 timing reifyNode:node_modules/@nodelib/fs.stat Completed in 36594ms
2602 timing reifyNode:node_modules/uc.micro Completed in 36722ms
2603 http fetch GET 200 https://registry.npmjs.org/side-channel/-/side-channel-1.0.6.tgz 34306ms (cache miss)
2604 timing reifyNode:node_modules/side-channel Completed in 36727ms
2605 http fetch GET 200 https://registry.npmjs.org/fast-safe-stringify/-/fast-safe-stringify-2.1.1.tgz 33796ms (cache miss)
2606 timing reifyNode:node_modules/fast-safe-stringify Completed in 36662ms
2607 http fetch GET 200 https://registry.npmjs.org/json-schema-traverse/-/json-schema-traverse-1.0.0.tgz 33210ms (cache miss)
2608 http fetch GET 200 https://registry.npmjs.org/minimatch/-/minimatch-5.1.6.tgz 33164ms (cache miss)
2609 timing reifyNode:node_modules/node-gyp/node_modules/cacache/node_modules/minimatch Completed in 36741ms
2610 http fetch GET 200 https://registry.npmjs.org/cross-spawn/-/cross-spawn-7.0.3.tgz 33764ms (cache miss)
2611 timing reifyNode:node_modules/cross-spawn Completed in 36746ms
2612 http fetch GET 200 https://registry.npmjs.org/array.prototype.flatmap/-/array.prototype.flatmap-1.3.2.tgz 33661ms (cache miss)
2613 timing reifyNode:node_modules/array.prototype.flatmap Completed in 36748ms
2614 http fetch GET 200 https://registry.npmjs.org/array.prototype.flat/-/array.prototype.flat-1.3.2.tgz 33661ms (cache miss)
2615 timing reifyNode:node_modules/array.prototype.flat Completed in 36751ms
2616 http fetch GET 200 https://registry.npmjs.org/@types/yargs/-/yargs-17.0.32.tgz 33599ms (cache miss)
2617 timing reifyNode:node_modules/@types/yargs Completed in 36748ms
2618 http fetch GET 200 https://registry.npmjs.org/@ungap/structured-clone/-/structured-clone-1.2.0.tgz 33604ms (cache miss)
2619 timing reifyNode:node_modules/@ungap/structured-clone Completed in 36752ms
2620 http fetch GET 200 https://registry.npmjs.org/@pnpm/network.ca-file/-/network.ca-file-1.0.1.tgz 33540ms (cache miss)
2621 http fetch GET 200 https://registry.npmjs.org/@sigstore/tuf/-/tuf-1.0.3.tgz 33530ms (cache miss)
2622 timing reifyNode:node_modules/@sigstore/tuf Completed in 36753ms
2623 http fetch GET 200 https://registry.npmjs.org/secure-json-parse/-/secure-json-parse-2.7.0.tgz 34425ms (cache miss)
2624 http fetch GET 200 https://registry.npmjs.org/micromatch/-/micromatch-4.0.5.tgz 34226ms (cache miss)
2625 timing reifyNode:node_modules/micromatch Completed in 36876ms
2626 timing reifyNode:node_modules/jsonparse Completed in 36870ms
2627 http fetch GET 200 https://registry.npmjs.org/json-schema-traverse/-/json-schema-traverse-1.0.0.tgz 33280ms (cache miss)
2628 http fetch GET 200 https://registry.npmjs.org/html-escaper/-/html-escaper-2.0.2.tgz 34076ms (cache miss)
2629 timing reifyNode:node_modules/html-escaper Completed in 36881ms
2630 http fetch GET 200 https://registry.npmjs.org/get-intrinsic/-/get-intrinsic-1.2.4.tgz 34043ms (cache miss)
2631 timing reifyNode:node_modules/get-intrinsic Completed in 36883ms
2632 http fetch GET 200 https://registry.npmjs.org/@jest/types/-/types-29.6.3.tgz 33675ms (cache miss)
2633 timing reifyNode:node_modules/@jest/types Completed in 36902ms
2634 http fetch GET 200 https://registry.npmjs.org/normalize-package-data/-/normalize-package-data-5.0.0.tgz 34391ms (cache miss)
2635 timing reifyNode:node_modules/normalize-package-data Completed in 36997ms
2636 http fetch GET 200 https://registry.npmjs.org/object.groupby/-/object.groupby-1.0.3.tgz 34435ms (cache miss)
2637 timing reifyNode:node_modules/object.groupby Completed in 37027ms
2638 http fetch GET 200 https://registry.npmjs.org/spawn-please/-/spawn-please-2.0.2.tgz 34676ms (cache miss)
2639 timing reifyNode:node_modules/spawn-please Completed in 37081ms
2640 http fetch GET 200 https://registry.npmjs.org/@babel/helper-validator-option/-/helper-validator-option-7.23.5.tgz 33650ms (cache miss)
2641 timing reifyNode:node_modules/@babel/helper-validator-option Completed in 36962ms
2642 http fetch GET 200 https://registry.npmjs.org/@babel/code-frame/-/code-frame-7.24.2.tgz 33629ms (cache miss)
2643 timing reifyNode:node_modules/@babel/code-frame Completed in 36976ms
2644 http fetch GET 200 https://registry.npmjs.org/@babel/helper-function-name/-/helper-function-name-7.23.0.tgz 33657ms (cache miss)
2645 timing reifyNode:node_modules/@babel/helper-function-name Completed in 36986ms
2646 http fetch GET 200 https://registry.npmjs.org/is-array-buffer/-/is-array-buffer-3.0.4.tgz 34308ms (cache miss)
2647 timing reifyNode:node_modules/is-array-buffer Completed in 37077ms
2648 http fetch GET 200 https://registry.npmjs.org/is-callable/-/is-callable-1.2.7.tgz 34317ms (cache miss)
2649 timing reifyNode:node_modules/is-callable Completed in 37081ms
2650 http fetch GET 200 https://registry.npmjs.org/istanbul-lib-coverage/-/istanbul-lib-coverage-3.2.2.tgz 34364ms (cache miss)
2651 timing reifyNode:node_modules/istanbul-lib-coverage Completed in 37088ms
2652 http fetch GET 200 https://registry.npmjs.org/array.prototype.findlastindex/-/array.prototype.findlastindex-1.2.5.tgz 33998ms (cache miss)
2653 timing reifyNode:node_modules/array.prototype.findlastindex Completed in 37090ms
2654 http fetch GET 200 https://registry.npmjs.org/path-to-regexp 35292ms (cache miss)
2655 timing metavuln:packument:path-to-regexp Completed in 35294ms
2656 timing metavuln:load:security-advisory:path-to-regexp:1101846 Completed in 2ms
2657 http fetch GET 200 https://registry.npmjs.org/objection-unique/-/objection-unique-1.2.2.tgz 34635ms (cache miss)
2658 timing reifyNode:node_modules/objection-unique Completed in 37225ms
2659 http fetch GET 200 https://registry.npmjs.org/minipass-fetch/-/minipass-fetch-3.0.4.tgz 34575ms (cache miss)
2660 timing reifyNode:node_modules/minipass-fetch Completed in 37226ms
2661 http fetch GET 200 https://registry.npmjs.org/@babel/helper-string-parser/-/helper-string-parser-7.24.1.tgz 33852ms (cache miss)
2662 timing reifyNode:node_modules/@babel/helper-string-parser Completed in 37167ms
2663 http fetch GET 200 https://registry.npmjs.org/is-regex/-/is-regex-1.1.4.tgz 34498ms (cache miss)
2664 timing reifyNode:node_modules/is-regex Completed in 37243ms
2665 http fetch GET 200 https://registry.npmjs.org/fastq/-/fastq-1.17.1.tgz 34416ms (cache miss)
2666 http fetch GET 200 https://registry.npmjs.org/@types/babel__traverse/-/babel__traverse-7.20.5.tgz 34095ms (cache miss)
2667 timing reifyNode:node_modules/@types/babel__traverse Completed in 37269ms
2668 http fetch GET 200 https://registry.npmjs.org/@types/jest/-/jest-29.5.12.tgz 34120ms (cache miss)
2669 timing reifyNode:node_modules/@types/jest Completed in 37278ms
2670 http fetch GET 200 https://registry.npmjs.org/globals/-/globals-13.24.0.tgz 33737ms (cache miss)
2671 timing reifyNode:node_modules/eslint/node_modules/globals Completed in 37326ms
2672 http fetch GET 200 https://registry.npmjs.org/is-negative-zero/-/is-negative-zero-2.0.3.tgz 34633ms (cache miss)
2673 timing reifyNode:node_modules/is-negative-zero Completed in 37380ms
2674 http fetch GET 200 https://registry.npmjs.org/@fastify/fast-json-stringify-compiler/-/fast-json-stringify-compiler-4.3.0.tgz 34056ms (cache miss)
2675 http fetch GET 200 https://registry.npmjs.org/json-schema-traverse/-/json-schema-traverse-1.0.0.tgz 33965ms (cache miss)
2676 http fetch GET 200 https://registry.npmjs.org/fast-content-type-parse/-/fast-content-type-parse-1.1.0.tgz 34565ms (cache miss)
2677 http fetch GET 200 https://registry.npmjs.org/@fastify/formbody/-/formbody-7.4.0.tgz 34124ms (cache miss)
2678 timing reifyNode:node_modules/@fastify/formbody Completed in 37415ms
2679 http fetch GET 200 https://registry.npmjs.org/es-errors/-/es-errors-1.3.0.tgz 34533ms (cache miss)
2680 http fetch GET 200 https://registry.npmjs.org/array-includes/-/array-includes-3.1.8.tgz 34371ms (cache miss)
2681 timing reifyNode:node_modules/array-includes Completed in 37460ms
2682 http fetch GET 200 https://registry.npmjs.org/bl/-/bl-4.1.0.tgz 34401ms (cache miss)
2683 timing reifyNode:node_modules/bl Completed in 37466ms
2684 http fetch GET 200 https://registry.npmjs.org/@jridgewell/gen-mapping/-/gen-mapping-0.3.5.tgz 34242ms (cache miss)
2685 timing reifyNode:node_modules/@jridgewell/gen-mapping Completed in 37467ms
2686 http fetch GET 200 https://registry.npmjs.org/@npmcli/fs/-/fs-3.1.0.tgz 34251ms (cache miss)
2687 timing reifyNode:node_modules/@npmcli/fs Completed in 37472ms
2688 http fetch GET 200 https://registry.npmjs.org/timers-ext/-/timers-ext-0.1.7.tgz 35237ms (cache miss)
2689 http fetch GET 200 https://registry.npmjs.org/string.prototype.trimend/-/string.prototype.trimend-1.0.8.tgz 35214ms (cache miss)
2690 timing reifyNode:node_modules/string.prototype.trimend Completed in 37594ms
2691 http fetch GET 200 https://registry.npmjs.org/pug/-/pug-3.0.2.tgz 35085ms (cache miss)
2692 timing reifyNode:node_modules/pug Completed in 37594ms
2693 http fetch GET 200 https://registry.npmjs.org/optionator/-/optionator-0.9.3.tgz 35021ms (cache miss)
2694 timing reifyNode:node_modules/optionator Completed in 37595ms
2695 http fetch GET 200 https://registry.npmjs.org/constantinople/-/constantinople-4.0.1.tgz 34591ms (cache miss)
2696 timing reifyNode:node_modules/constantinople Completed in 37584ms
2697 http fetch GET 200 https://registry.npmjs.org/has-tostringtag/-/has-tostringtag-1.0.2.tgz 34803ms (cache miss)
2698 timing reifyNode:node_modules/has-tostringtag Completed in 37611ms
2699 http fetch GET 200 https://registry.npmjs.org/emoji-regex/-/emoji-regex-9.2.2.tgz 33976ms (cache miss)
2700 http fetch GET 200 https://registry.npmjs.org/@sindresorhus/is/-/is-5.3.0.tgz 34547ms (cache miss)
2701 timing reifyNode:node_modules/@sindresorhus/is Completed in 37735ms
2702 http fetch GET 200 https://registry.npmjs.org/inflection/-/inflection-1.13.4.tgz 35020ms (cache miss)
2703 timing reifyNode:node_modules/inflection Completed in 37791ms
2704 http fetch GET 200 https://registry.npmjs.org/@sinonjs/fake-timers/-/fake-timers-10.3.0.tgz 34569ms (cache miss)
2705 timing reifyNode:node_modules/@sinonjs/fake-timers Completed in 37758ms
2706 http fetch GET 200 https://registry.npmjs.org/tarn/-/tarn-3.0.2.tgz 35570ms (cache miss)
2707 timing reifyNode:node_modules/tarn Completed in 37933ms
2708 http fetch GET 200 https://registry.npmjs.org/ssri/-/ssri-8.0.1.tgz 34444ms (cache miss)
2709 timing reifyNode:node_modules/sqlite3/node_modules/ssri Completed in 37939ms
2710 timing reifyNode:node_modules/objection/node_modules/json-schema-traverse Completed in 37936ms
2711 http fetch GET 200 https://registry.npmjs.org/ssri/-/ssri-9.0.1.tgz 34372ms (cache miss)
2712 timing reifyNode:node_modules/node-gyp/node_modules/ssri Completed in 37935ms
2713 http fetch GET 200 https://registry.npmjs.org/nopt/-/nopt-6.0.0.tgz 34379ms (cache miss)
2714 timing reifyNode:node_modules/node-gyp/node_modules/nopt Completed in 37941ms
2715 http fetch GET 200 https://registry.npmjs.org/istanbul-lib-source-maps/-/istanbul-lib-source-maps-4.0.1.tgz 35190ms (cache miss)
2716 timing reifyNode:node_modules/istanbul-lib-source-maps Completed in 37921ms
2717 http fetch GET 200 https://registry.npmjs.org/browserslist/-/browserslist-4.23.0.tgz 34880ms (cache miss)
2718 timing reifyNode:node_modules/browserslist Completed in 37924ms
2719 timing reifyNode:node_modules/@pnpm/network.ca-file Completed in 37916ms
2720 http fetch GET 200 https://registry.npmjs.org/@npmcli/run-script/-/run-script-6.0.2.tgz 34710ms (cache miss)
2721 timing reifyNode:node_modules/@npmcli/run-script Completed in 37923ms
2722 http fetch GET 200 https://registry.npmjs.org/close-with-grace/-/close-with-grace-1.1.0.tgz 34937ms (cache miss)
2723 timing reifyNode:node_modules/close-with-grace Completed in 37945ms
2724 http fetch GET 200 https://registry.npmjs.org/string.prototype.trim/-/string.prototype.trim-1.2.9.tgz 35664ms (cache miss)
2725 timing reifyNode:node_modules/string.prototype.trim Completed in 38044ms
2726 timing reifyNode:node_modules/secure-json-parse Completed in 38040ms
2727 http fetch GET 200 https://registry.npmjs.org/pg-types/-/pg-types-2.2.0.tgz 35496ms (cache miss)
2728 timing reifyNode:node_modules/pg-types Completed in 38041ms
2729 http fetch GET 200 https://registry.npmjs.org/json-schema-ref-resolver/-/json-schema-ref-resolver-1.0.1.tgz 35348ms (cache miss)
2730 timing reifyNode:node_modules/json-schema-ref-resolver Completed in 38037ms
2731 timing reifyNode:node_modules/fast-json-stringify/node_modules/json-schema-traverse Completed in 38013ms
2732 http fetch GET 200 https://registry.npmjs.org/editorconfig/-/editorconfig-1.0.4.tgz 35066ms (cache miss)
2733 timing reifyNode:node_modules/editorconfig Completed in 38010ms
2734 timing reifyNode:node_modules/boxen/node_modules/emoji-regex Completed in 38020ms
2735 http fetch GET 200 https://registry.npmjs.org/has-symbols/-/has-symbols-1.0.3.tgz 35241ms (cache miss)
2736 timing reifyNode:node_modules/has-symbols Completed in 38055ms
2737 http fetch GET 200 https://registry.npmjs.org/glob/-/glob-7.2.3.tgz 34413ms (cache miss)
2738 timing reifyNode:node_modules/@jest/reporters/node_modules/glob Completed in 38031ms
2739 timing reifyNode:node_modules/fastq Completed in 38076ms
2740 http fetch GET 200 https://registry.npmjs.org/globals/-/globals-14.0.0.tgz 34364ms (cache miss)
2741 timing reifyNode:node_modules/@eslint/eslintrc/node_modules/globals Completed in 38032ms
2742 http fetch GET 200 https://registry.npmjs.org/agentkeepalive/-/agentkeepalive-4.2.1.tgz 34946ms (cache miss)
2743 timing reifyNode:node_modules/agentkeepalive Completed in 38054ms
2744 http fetch GET 200 https://registry.npmjs.org/event-emitter/-/event-emitter-0.3.5.tgz 35193ms (cache miss)
2745 http fetch GET 200 https://registry.npmjs.org/tuf-js/-/tuf-js-1.1.7.tgz 35844ms (cache miss)
2746 http fetch GET 200 https://registry.npmjs.org/v8-to-istanbul/-/v8-to-istanbul-9.2.0.tgz 35985ms (cache miss)
2747 timing reifyNode:node_modules/v8-to-istanbul Completed in 38240ms
2748 http fetch GET 200 https://registry.npmjs.org/prebuild-install/-/prebuild-install-7.1.2.tgz 35691ms (cache miss)
2749 timing reifyNode:node_modules/prebuild-install Completed in 38211ms
2750 timing reifyNode:node_modules/@fastify/fast-json-stringify-compiler Completed in 38117ms
2751 http fetch GET 200 https://registry.npmjs.org/@fastify/error/-/error-3.4.1.tgz 34858ms (cache miss)
2752 http fetch GET 200 https://registry.npmjs.org/minimatch/-/minimatch-5.1.6.tgz 34624ms (cache miss)
2753 timing reifyNode:node_modules/help-me/node_modules/minimatch Completed in 38200ms
2754 http fetch GET 200 https://registry.npmjs.org/@jest/transform/-/transform-29.7.0.tgz 34943ms (cache miss)
2755 timing reifyNode:node_modules/@jest/transform Completed in 38171ms
2756 http fetch GET 200 https://registry.npmjs.org/@humanwhocodes/config-array/-/config-array-0.11.14.tgz 34915ms (cache miss)
2757 timing reifyNode:node_modules/@humanwhocodes/config-array Completed in 38181ms
2758 timing reifyNode:node_modules/es-errors Completed in 38230ms
2759 http fetch GET 200 https://registry.npmjs.org/fast-json-stable-stringify/-/fast-json-stable-stringify-2.1.0.tgz 35333ms (cache miss)
2760 timing reifyNode:node_modules/fast-json-stable-stringify Completed in 38238ms
2761 http fetch GET 200 https://registry.npmjs.org/@npmcli/git/-/git-4.1.0.tgz 35010ms (cache miss)
2762 timing reifyNode:node_modules/@npmcli/git Completed in 38226ms
2763 http fetch GET 200 https://registry.npmjs.org/semver/-/semver-6.3.1.tgz 34749ms (cache miss)
2764 timing reifyNode:node_modules/eslint-config-airbnb-base/node_modules/semver Completed in 38345ms
2765 http fetch GET 200 https://registry.npmjs.org/jest-runtime/-/jest-runtime-29.7.0.tgz 35703ms (cache miss)
2766 timing reifyNode:node_modules/jest-runtime Completed in 38402ms
2767 http fetch GET 200 https://registry.npmjs.org/which-typed-array/-/which-typed-array-1.1.15.tgz 36249ms (cache miss)
2768 timing reifyNode:node_modules/which-typed-array Completed in 38495ms
2769 timing reifyNode:node_modules/schema-utils/node_modules/json-schema-traverse Completed in 38556ms
2770 timing reifyNode:node_modules/fast-content-type-parse Completed in 38513ms
2771 http fetch GET 200 https://registry.npmjs.org/chalk/-/chalk-4.1.2.tgz 35483ms (cache miss)
2772 timing reifyNode:node_modules/chalk Completed in 38509ms
2773 http fetch GET 200 https://registry.npmjs.org/debug/-/debug-4.3.4.tgz 35559ms (cache miss)
2774 timing reifyNode:node_modules/debug Completed in 38528ms
2775 timing reifyNode:node_modules/timers-ext Completed in 38637ms
2776 http fetch GET 200 https://registry.npmjs.org/retry/-/retry-0.12.0.tgz 36185ms (cache miss)
2777 timing reifyNode:node_modules/retry Completed in 38635ms
2778 http fetch GET 200 https://registry.npmjs.org/pino-abstract-transport/-/pino-abstract-transport-1.2.0.tgz 36098ms (cache miss)
2779 http fetch GET 200 https://registry.npmjs.org/jest-validate/-/jest-validate-29.7.0.tgz 35921ms (cache miss)
2780 timing reifyNode:node_modules/jest-validate Completed in 38628ms
2781 http fetch GET 200 https://registry.npmjs.org/fastify-plugin/-/fastify-plugin-4.2.0.tgz 34981ms (cache miss)
2782 http fetch GET 200 https://registry.npmjs.org/fastify-plugin/-/fastify-plugin-3.0.1.tgz 35817ms (cache miss)
2783 http fetch GET 200 https://registry.npmjs.org/watchpack/-/watchpack-2.4.1.tgz 36538ms (cache miss)
2784 timing reifyNode:node_modules/watchpack Completed in 38780ms
2785 timing reifyNode:node_modules/tuf-js Completed in 38776ms
2786 http fetch GET 200 https://registry.npmjs.org/string.prototype.trimstart/-/string.prototype.trimstart-1.0.8.tgz 36401ms (cache miss)
2787 timing reifyNode:node_modules/string.prototype.trimstart Completed in 38776ms
2788 http fetch GET 200 https://registry.npmjs.org/minipass-fetch/-/minipass-fetch-2.1.2.tgz 35248ms (cache miss)
2789 timing reifyNode:node_modules/node-gyp/node_modules/minipass-fetch Completed in 38824ms
2790 http fetch GET 200 https://registry.npmjs.org/es6-symbol/-/es6-symbol-3.1.4.tgz 35903ms (cache miss)
2791 timing reifyNode:node_modules/es6-symbol Completed in 38810ms
2792 http fetch GET 200 https://registry.npmjs.org/path-to-regexp/-/path-to-regexp-6.2.1.tgz 36369ms (cache miss)
2793 timing reifyNode:node_modules/path-to-regexp Completed in 38919ms
2794 http fetch GET 200 https://registry.npmjs.org/npm-registry-fetch/-/npm-registry-fetch-14.0.5.tgz 36319ms (cache miss)
2795 timing reifyNode:node_modules/npm-registry-fetch Completed in 38919ms
2796 http fetch GET 200 https://registry.npmjs.org/object.values/-/object.values-1.2.0.tgz 36347ms (cache miss)
2797 timing reifyNode:node_modules/object.values Completed in 38930ms
2798 http fetch GET 200 https://registry.npmjs.org/emoji-regex/-/emoji-regex-9.2.2.tgz 35527ms (cache miss)
2799 timing reifyNode:node_modules/wrap-ansi/node_modules/emoji-regex Completed in 39007ms
2800 http fetch GET 200 https://registry.npmjs.org/emoji-regex/-/emoji-regex-9.2.2.tgz 35257ms (cache miss)
2801 http fetch GET 200 https://registry.npmjs.org/emoji-regex/-/emoji-regex-9.2.2.tgz 35525ms (cache miss)
2802 timing reifyNode:node_modules/event-emitter Completed in 38944ms
2803 http fetch GET 200 https://registry.npmjs.org/globalthis/-/globalthis-1.0.3.tgz 36143ms (cache miss)
2804 timing reifyNode:node_modules/globalthis Completed in 38960ms
2805 http fetch GET 200 https://registry.npmjs.org/sprintf-js/-/sprintf-js-1.0.3.tgz 36683ms (cache miss)
2806 timing reifyNode:node_modules/sprintf-js Completed in 39082ms
2807 timing reifyNode:node_modules/@fastify/error Completed in 38985ms
2808 http fetch GET 200 https://registry.npmjs.org/@babel/compat-data/-/compat-data-7.24.4.tgz 35650ms (cache miss)
2809 timing reifyNode:node_modules/@babel/compat-data Completed in 38982ms
2810 http fetch GET 200 https://registry.npmjs.org/nanoid/-/nanoid-3.3.7.tgz 36465ms (cache miss)
2811 timing reifyNode:node_modules/widest-line/node_modules/emoji-regex Completed in 39150ms
2812 http fetch GET 200 https://registry.npmjs.org/cli-table3/-/cli-table3-0.6.4.tgz 36035ms (cache miss)
2813 timing reifyNode:node_modules/cli-table3 Completed in 39064ms
2814 http fetch GET 200 https://registry.npmjs.org/es6-iterator/-/es6-iterator-2.0.3.tgz 36164ms (cache miss)
2815 http fetch GET 200 https://registry.npmjs.org/regexp.prototype.flags/-/regexp.prototype.flags-1.5.2.tgz 36710ms (cache miss)
2816 timing reifyNode:node_modules/regexp.prototype.flags Completed in 39188ms
2817 http fetch GET 200 https://registry.npmjs.org/mime-db/-/mime-db-1.52.0.tgz 36530ms (cache miss)
2818 timing reifyNode:node_modules/mime-db Completed in 39174ms
2819 http fetch GET 200 https://registry.npmjs.org/minimist/-/minimist-1.2.6.tgz 36548ms (cache miss)
2820 timing reifyNode:node_modules/minimist Completed in 39180ms
2821 http fetch GET 200 https://registry.npmjs.org/istanbul-lib-instrument/-/istanbul-lib-instrument-6.0.2.tgz 36440ms (cache miss)
2822 timing reifyNode:node_modules/istanbul-lib-instrument Completed in 39167ms
2823 http fetch GET 200 https://registry.npmjs.org/es-to-primitive/-/es-to-primitive-1.2.1.tgz 36248ms (cache miss)
2824 timing reifyNode:node_modules/@isaacs/cliui/node_modules/emoji-regex Completed in 39142ms
2825 http fetch GET 200 https://registry.npmjs.org/istanbul-lib-instrument/-/istanbul-lib-instrument-5.2.1.tgz 35545ms (cache miss)
2826 timing reifyNode:node_modules/babel-plugin-istanbul/node_modules/istanbul-lib-instrument Completed in 39163ms
2827 http fetch GET 200 https://registry.npmjs.org/glob/-/glob-7.2.3.tgz 35765ms (cache miss)
2828 timing reifyNode:node_modules/sqlite3/node_modules/glob Completed in 39267ms
2829 http fetch GET 200 https://registry.npmjs.org/glob/-/glob-7.2.3.tgz 35787ms (cache miss)
2830 timing reifyNode:node_modules/test-exclude/node_modules/glob Completed in 39274ms
2831 http fetch GET 200 https://registry.npmjs.org/glob/-/glob-7.2.3.tgz 35645ms (cache miss)
2832 timing reifyNode:node_modules/jest-runtime/node_modules/glob Completed in 39217ms
2833 http fetch GET 200 https://registry.npmjs.org/glob/-/glob-7.2.3.tgz 35672ms (cache miss)
2834 timing reifyNode:node_modules/node-gyp/node_modules/glob Completed in 39240ms
2835 http fetch GET 200 https://registry.npmjs.org/glob/-/glob-7.2.3.tgz 35645ms (cache miss)
2836 timing reifyNode:node_modules/jest-config/node_modules/glob Completed in 39217ms
2837 http fetch GET 200 https://registry.npmjs.org/fastify-plugin/-/fastify-plugin-4.2.0.tgz 35535ms (cache miss)
2838 http fetch GET 200 https://registry.npmjs.org/@nodelib/fs.scandir/-/fs.scandir-2.1.5.tgz 35983ms (cache miss)
2839 http fetch GET 200 https://registry.npmjs.org/sequelize-pool/-/sequelize-pool-7.1.0.tgz 36913ms (cache miss)
2840 timing reifyNode:node_modules/sequelize-pool Completed in 39350ms
2841 http fetch GET 200 https://registry.npmjs.org/istanbul-lib-report/-/istanbul-lib-report-3.0.1.tgz 36591ms (cache miss)
2842 timing reifyNode:node_modules/istanbul-lib-report Completed in 39313ms
2843 http fetch GET 200 https://registry.npmjs.org/@babel/helper-module-imports/-/helper-module-imports-7.24.3.tgz 35933ms (cache miss)
2844 timing reifyNode:node_modules/@babel/helper-module-imports Completed in 39251ms
2845 http fetch GET 200 https://registry.npmjs.org/minipass-fetch/-/minipass-fetch-1.4.1.tgz 35882ms (cache miss)
2846 timing reifyNode:node_modules/sqlite3/node_modules/minipass-fetch Completed in 39381ms
2847 http fetch GET 200 https://registry.npmjs.org/source-map-support/-/source-map-support-0.5.13.tgz 36995ms (cache miss)
2848 timing reifyNode:node_modules/source-map-support Completed in 39402ms
2849 http fetch GET 200 https://registry.npmjs.org/@ampproject/remapping/-/remapping-2.3.0.tgz 35958ms (cache miss)
2850 timing reifyNode:node_modules/@ampproject/remapping Completed in 39293ms
2851 http fetch GET 200 https://registry.npmjs.org/braces/-/braces-3.0.2.tgz 36298ms (cache miss)
2852 timing reifyNode:node_modules/braces Completed in 39336ms
2853 http fetch GET 200 https://registry.npmjs.org/buffer/-/buffer-5.7.1.tgz 36298ms (cache miss)
2854 timing reifyNode:node_modules/buffer Completed in 39340ms
2855 timing metavuln:cache:put:security-advisory:cookie:EFt7h/FZLeopARa06+F2CBY5ItUm007mP/cHgZjTJZX1MeIwg3JD7toSioRoDeE8wm5VdkimqlS+CnuPhZqbIg== Completed in 6567ms
2856 timing metavuln:calculate:security-advisory:cookie:1103907 Completed in 37532ms
2857 timing metavuln:cache:put:security-advisory:brace-expansion:7IQMvcVTr+svbh5KCx4Kl6FQKJ1GciM03BnJAve/5WYJjUeRzKAIrStVpfachbl3T6a7o8nYlQEVG6Ih0TNXRg== Completed in 6559ms
2858 timing metavuln:calculate:security-advisory:brace-expansion:1105443 Completed in 37538ms
2859 timing reifyNode:node_modules/pino-abstract-transport Completed in 39452ms
2860 timing reifyNode:node_modules/es-to-primitive Completed in 39428ms
2861 http fetch GET 200 https://registry.npmjs.org/fastify-plugin/-/fastify-plugin-2.3.4.tgz 35864ms (cache miss)
2862 http fetch GET 200 https://registry.npmjs.org/semver/-/semver-6.3.1.tgz 35806ms (cache miss)
2863 timing reifyNode:node_modules/babel-plugin-istanbul/node_modules/semver Completed in 39425ms
2864 http fetch GET 200 https://registry.npmjs.org/semver/-/semver-6.3.1.tgz 35685ms (cache miss)
2865 timing reifyNode:node_modules/@babel/helper-compilation-targets/node_modules/semver Completed in 39402ms
2866 http fetch GET 200 https://registry.npmjs.org/semver/-/semver-6.3.1.tgz 35620ms (cache miss)
2867 timing reifyNode:node_modules/@babel/core/node_modules/semver Completed in 39404ms
2868 http fetch GET 200 https://registry.npmjs.org/semver/-/semver-6.3.1.tgz 35876ms (cache miss)
2869 timing reifyNode:node_modules/eslint-plugin-import/node_modules/semver Completed in 39451ms
2870 timing reifyNode:node_modules/@fastify/view/node_modules/fastify-plugin Completed in 39415ms
2871 timing reifyNode:node_modules/@fastify/static/node_modules/fastify-plugin Completed in 39432ms
2872 http fetch GET 200 https://registry.npmjs.org/function.prototype.name/-/function.prototype.name-1.1.6.tgz 36648ms (cache miss)
2873 timing reifyNode:node_modules/function.prototype.name Completed in 39480ms
2874 timing reifyNode:node_modules/fastify-plugin Completed in 39484ms
2875 timing metavuln:cache:put:security-advisory:braces:JiXBFkEDkUnBQLw3PO6emUmmm2JXqgEbh+FhB3SNDS8k6Z0wM20irrfaOjjxYuMxZaKaDudvR037mtEoeqZzXw== Completed in 6403ms
2876 timing metavuln:calculate:security-advisory:braces:1098094 Completed in 37671ms
2877 http fetch GET 200 https://registry.npmjs.org/object.entries/-/object.entries-1.1.8.tgz 36989ms (cache miss)
2878 timing reifyNode:node_modules/object.entries Completed in 39584ms
2879 timing metavuln:cache:put:security-advisory:ip:FcMhhitnipE8n5zCPiVRq2NLRNmu7UZkoO9lrM5CRC/emGwY5wSoa1+q1Q1Z8SPpfXO9tzox/MNRv7luhyJvqg== Completed in 6330ms
2880 timing metavuln:calculate:security-advisory:ip:1101851 Completed in 37706ms
2881 timing metavuln:cache:put:security-advisory:ip:b30c5XyTTW4mB+FTN7C/h1vhoJFO9OI8Q+LTllMkSK3uH9C7IrxRvaSJh85+QHMX79NvRWdtpRRPVOFX+5JL7A== Completed in 6333ms
2882 timing metavuln:calculate:security-advisory:ip:1097721 Completed in 37710ms
2883 http fetch GET 200 https://registry.npmjs.org/minipass/-/minipass-5.0.0.tgz 36038ms (cache miss)
2884 timing reifyNode:node_modules/make-fetch-happen/node_modules/minipass Completed in 39604ms
2885 http fetch GET 200 https://registry.npmjs.org/glob/-/glob-8.1.0.tgz 36041ms (cache miss)
2886 timing reifyNode:node_modules/node-gyp/node_modules/cacache/node_modules/glob Completed in 39614ms
2887 http fetch GET 200 https://registry.npmjs.org/babel-walk/-/babel-walk-3.0.0-canary-5.tgz 36543ms (cache miss)
2888 timing reifyNode:node_modules/babel-walk Completed in 39598ms
2889 http fetch GET 200 https://registry.npmjs.org/ajv-formats/-/ajv-formats-2.1.1.tgz 36498ms (cache miss)
2890 timing reifyNode:node_modules/ajv-formats Completed in 39600ms
2891 http fetch GET 200 https://registry.npmjs.org/@webassemblyjs/wasm-parser/-/wasm-parser-1.12.1.tgz 36468ms (cache miss)
2892 timing reifyNode:node_modules/@webassemblyjs/wasm-parser Completed in 39602ms
2893 timing reifyNode:node_modules/fastify-error-page/node_modules/fastify-plugin Completed in 39676ms
2894 http fetch GET 200 https://registry.npmjs.org/globals/-/globals-15.0.0.tgz 36872ms (cache miss)
2895 timing reifyNode:node_modules/globals Completed in 39697ms
2896 http fetch GET 200 https://registry.npmjs.org/with/-/with-7.0.2.tgz 37585ms (cache miss)
2897 http fetch GET 200 https://registry.npmjs.org/tapable/-/tapable-2.2.1.tgz 37453ms (cache miss)
2898 timing reifyNode:node_modules/tapable Completed in 39823ms
2899 timing metavuln:cache:put:security-advisory:pug-code-gen:jYtA+ua4XfswkuObBtnwWn2fYvQUK4ca+Iv1+bqgs4mXRLiX4zUdwwNSawL0T4CvKtEq8q6TFgvFydQ8OKg+/Q== Completed in 5909ms
2900 timing metavuln:calculate:security-advisory:pug-code-gen:1104107 Completed in 37906ms
2901 http fetch GET 200 https://registry.npmjs.org/buffer/-/buffer-6.0.3.tgz 36184ms (cache miss)
2902 timing reifyNode:node_modules/fastify-cli/node_modules/buffer Completed in 39754ms
2903 http fetch GET 200 https://registry.npmjs.org/human-signals/-/human-signals-2.1.0.tgz 37002ms (cache miss)
2904 timing reifyNode:node_modules/human-signals Completed in 39799ms
2905 timing reifyNode:node_modules/nanoid Completed in 39848ms
2906 http fetch GET 200 https://registry.npmjs.org/source-map-support/-/source-map-support-0.5.21.tgz 36422ms (cache miss)
2907 timing reifyNode:node_modules/terser/node_modules/source-map-support Completed in 39916ms
2908 timing reifyNode:node_modules/es6-iterator Completed in 39831ms
2909 timing metavuln:cache:put:security-advisory:cross-spawn:PBcc/5P1UEO/1Ba/jUNR65wOzs1wU0Y+m+OOSfB57dG5EajzjbqRMRm0l7MWqcJgHDYM5GoZ36Hm7qAYFlIH3A== Completed in 5753ms
2910 timing metavuln:calculate:security-advisory:cross-spawn:1104664 Completed in 38021ms
2911 timing metavuln:cache:put:security-advisory:brace-expansion:mClmYqWawCNXseeTBHWiIwZH/2CmFUqPCmosJIeOhAgD9z1v3SayhHAwaWVo8wmeKU/JN9VP4zDBeXaqy3Ay2A== Completed in 7044ms
2912 timing metavuln:calculate:security-advisory:brace-expansion:1105444 Completed in 38026ms
2913 http fetch GET 200 https://registry.npmjs.org/unique-filename/-/unique-filename-1.1.1.tgz 37697ms (cache miss)
2914 timing reifyNode:node_modules/unique-filename Completed in 39958ms
2915 http fetch GET 200 https://registry.npmjs.org/pino-std-serializers/-/pino-std-serializers-6.2.2.tgz 37391ms (cache miss)
2916 timing reifyNode:node_modules/pino-std-serializers Completed in 39935ms
2917 http fetch GET 200 https://registry.npmjs.org/fastify-plugin/-/fastify-plugin-4.5.1.tgz 36262ms (cache miss)
2918 timing reifyNode:node_modules/@nodelib/fs.scandir Completed in 39913ms
2919 http fetch GET 200 https://registry.npmjs.org/tslib/-/tslib-2.6.2.tgz 37717ms (cache miss)
2920 timing reifyNode:node_modules/tslib Completed in 40041ms
2921 http fetch GET 200 https://registry.npmjs.org/@nodelib/fs.walk/-/fs.walk-1.2.8.tgz 36714ms (cache miss)
2922 http fetch GET 200 https://registry.npmjs.org/jest-resolve/-/jest-resolve-29.7.0.tgz 37325ms (cache miss)
2923 timing reifyNode:node_modules/jest-resolve Completed in 40026ms
2924 http fetch GET 200 https://registry.npmjs.org/glob/-/glob-7.2.3.tgz 36577ms (cache miss)
2925 timing reifyNode:node_modules/rimraf/node_modules/glob Completed in 40086ms
2926 http fetch GET 200 https://registry.npmjs.org/execa/-/execa-5.1.1.tgz 37154ms (cache miss)
2927 timing reifyNode:node_modules/execa Completed in 40037ms
2928 http fetch GET 200 https://registry.npmjs.org/process-warning/-/process-warning-3.0.0.tgz 37623ms (cache miss)
2929 http fetch GET 200 https://registry.npmjs.org/mime/-/mime-3.0.0.tgz 37505ms (cache miss)
2930 timing reifyNode:node_modules/mime Completed in 40149ms
2931 http fetch GET 200 https://registry.npmjs.org/help-me/-/help-me-4.2.0.tgz 37380ms (cache miss)
2932 http fetch GET 200 https://registry.npmjs.org/youch/-/youch-2.2.2.tgz 38045ms (cache miss)
2933 timing reifyNode:node_modules/youch Completed in 40267ms
2934 timing metavuln:cache:put:security-advisory:pug:q1QCNIb5doZm6I3eRGcu7TI0K8fyc7dAf2McLW9B8u9n+aVFF2mdYrDZecswkGEqvp/OYAJdtseKaRANUQq8pQ== Completed in 5347ms
2935 timing metavuln:calculate:security-advisory:pug:1104111 Completed in 38347ms
2936 http fetch GET 200 https://registry.npmjs.org/jest-diff/-/jest-diff-29.7.0.tgz 37522ms (cache miss)
2937 timing reifyNode:node_modules/jest-diff Completed in 40235ms
2938 http fetch GET 200 https://registry.npmjs.org/terser-webpack-plugin/-/terser-webpack-plugin-5.3.10.tgz 37938ms (cache miss)
2939 timing reifyNode:node_modules/terser-webpack-plugin Completed in 40297ms
2940 http fetch GET 200 https://registry.npmjs.org/commander/-/commander-2.20.3.tgz 36842ms (cache miss)
2941 timing reifyNode:node_modules/terser/node_modules/commander Completed in 40337ms
2942 http fetch GET 200 https://registry.npmjs.org/jju/-/jju-1.4.0.tgz 37589ms (cache miss)
2943 timing reifyNode:node_modules/jju Completed in 40286ms
2944 http fetch GET 200 https://registry.npmjs.org/es-module-lexer/-/es-module-lexer-1.5.0.tgz 37313ms (cache miss)
2945 timing reifyNode:node_modules/es-module-lexer Completed in 40266ms
2946 http fetch GET 200 https://registry.npmjs.org/@babel/helper-validator-identifier/-/helper-validator-identifier-7.22.20.tgz 36976ms (cache miss)
2947 timing reifyNode:node_modules/@babel/helper-validator-identifier Completed in 40289ms
2948 http fetch GET 200 https://registry.npmjs.org/doctrine/-/doctrine-3.0.0.tgz 37388ms (cache miss)
2949 timing reifyNode:node_modules/doctrine Completed in 40337ms
2950 http fetch GET 200 https://registry.npmjs.org/fast-uri/-/fast-uri-2.3.0.tgz 37509ms (cache miss)
2951 timing reifyNode:node_modules/with Completed in 40465ms
2952 http fetch GET 200 https://registry.npmjs.org/debug/-/debug-3.2.7.tgz 36802ms (cache miss)
2953 timing reifyNode:node_modules/eslint-import-resolver-node/node_modules/debug Completed in 40393ms
2954 http fetch GET 200 https://registry.npmjs.org/yargs-parser/-/yargs-parser-21.1.1.tgz 38279ms (cache miss)
2955 timing reifyNode:node_modules/yargs-parser Completed in 40504ms
2956 http fetch GET 200 https://registry.npmjs.org/minipass/-/minipass-5.0.0.tgz 36955ms (cache miss)
2957 timing reifyNode:node_modules/pacote/node_modules/minipass Completed in 40490ms
2958 http fetch GET 200 https://registry.npmjs.org/minipass/-/minipass-5.0.0.tgz 36950ms (cache miss)
2959 timing reifyNode:node_modules/npm-registry-fetch/node_modules/minipass Completed in 40490ms
2960 http fetch GET 200 https://registry.npmjs.org/glob/-/glob-8.1.0.tgz 36892ms (cache miss)
2961 timing reifyNode:node_modules/help-me/node_modules/glob Completed in 40462ms
2962 timing reifyNode:node_modules/process-warning Completed in 40551ms
2963 timing metavuln:cache:put:security-advisory:tar-fs:Ix/Js08sk80rCM814qr/o6ab9zjh7+H8VVJui+xRbBltVjhzX21eodMzpIt77aC2gIFcrK8EEBkOSiDgsanD1w== Completed in 5016ms
2964 timing metavuln:calculate:security-advisory:tar-fs:1109543 Completed in 38664ms
2965 timing metavuln:cache:put:security-advisory:tar-fs:1dRVXY1/KAgNRzluJejkcnnY74RNVCtUBdSLW4DLR6KPpPmll6CDT96fyxIYOX7Nsq4AChUF8ivPlQmppqQqYw== Completed in 5019ms
2966 timing metavuln:calculate:security-advisory:tar-fs:1109552 Completed in 38671ms
2967 http fetch GET 200 https://registry.npmjs.org/jest-snapshot/-/jest-snapshot-29.7.0.tgz 37850ms (cache miss)
2968 timing reifyNode:node_modules/jest-snapshot Completed in 40576ms
2969 timing reifyNode:node_modules/@fastify/sensible/node_modules/fastify-plugin Completed in 40529ms
2970 http fetch GET 200 https://registry.npmjs.org/chalk/-/chalk-5.0.1.tgz 36948ms (cache miss)
2971 timing reifyNode:node_modules/boxen/node_modules/chalk Completed in 40552ms
2972 http fetch GET 200 https://registry.npmjs.org/fastify-plugin/-/fastify-plugin-4.5.1.tgz 36895ms (cache miss)
2973 http fetch GET 200 https://registry.npmjs.org/fastify-plugin/-/fastify-plugin-4.5.1.tgz 36898ms (cache miss)
2974 timing reifyNode:node_modules/@fastify/formbody/node_modules/fastify-plugin Completed in 40533ms
2975 http fetch GET 200 https://registry.npmjs.org/fastify-plugin/-/fastify-plugin-4.5.1.tgz 36911ms (cache miss)
2976 timing reifyNode:node_modules/@fastify/secure-session/node_modules/fastify-plugin Completed in 40534ms
2977 http fetch GET 200 https://registry.npmjs.org/fastify-plugin/-/fastify-plugin-4.5.1.tgz 36899ms (cache miss)
2978 timing reifyNode:node_modules/@fastify/flash/node_modules/fastify-plugin Completed in 40537ms
2979 http fetch GET 200 https://registry.npmjs.org/foreground-child/-/foreground-child-3.1.1.tgz 37731ms (cache miss)
2980 timing reifyNode:node_modules/@fastify/cookie/node_modules/fastify-plugin Completed in 40540ms
2981 timing reifyNode:node_modules/@nodelib/fs.walk Completed in 40573ms
2982 http fetch GET 200 https://registry.npmjs.org/buffer/-/buffer-6.0.3.tgz 37137ms (cache miss)
2983 timing reifyNode:node_modules/pino-pretty/node_modules/buffer Completed in 40667ms
2984 http fetch GET 200 https://registry.npmjs.org/buffer/-/buffer-6.0.3.tgz 37136ms (cache miss)
2985 timing reifyNode:node_modules/pino-abstract-transport/node_modules/buffer Completed in 40669ms
2986 http fetch GET 200 https://registry.npmjs.org/doctrine/-/doctrine-2.1.0.tgz 37042ms (cache miss)
2987 timing reifyNode:node_modules/eslint-plugin-import/node_modules/doctrine Completed in 40616ms
2988 http fetch GET 200 https://registry.npmjs.org/gauge/-/gauge-4.0.4.tgz 37849ms (cache miss)
2989 timing reifyNode:node_modules/gauge Completed in 40679ms
2990 http fetch GET 200 https://registry.npmjs.org/source-map-support/-/source-map-support-0.5.21.tgz 37196ms (cache miss)
2991 timing reifyNode:node_modules/npm-check-updates/node_modules/source-map-support Completed in 40736ms
2992 http fetch GET 200 https://registry.npmjs.org/webpack-merge/-/webpack-merge-5.8.0.tgz 38542ms (cache miss)
2993 timing reifyNode:node_modules/webpack-merge Completed in 40795ms
2994 http fetch GET 200 https://registry.npmjs.org/shell-quote/-/shell-quote-1.8.1.tgz 38361ms (cache miss)
2995 timing reifyNode:node_modules/shell-quote Completed in 40780ms
2996 http fetch GET 200 https://registry.npmjs.org/minipass-sized/-/minipass-sized-1.0.3.tgz 38153ms (cache miss)
2997 timing reifyNode:node_modules/minipass-sized Completed in 40781ms
2998 http fetch GET 200 https://registry.npmjs.org/chokidar/-/chokidar-3.5.3.tgz 37703ms (cache miss)
2999 timing reifyNode:node_modules/chokidar Completed in 40724ms
3000 timing reifyNode:node_modules/help-me Completed in 40783ms
3001 http fetch GET 200 https://registry.npmjs.org/flatted/-/flatted-3.3.1.tgz 37936ms (cache miss)
3002 timing reifyNode:node_modules/flatted Completed in 40782ms
3003 http fetch GET 200 https://registry.npmjs.org/umzug/-/umzug-2.3.0.tgz 38604ms (cache miss)
3004 timing reifyNode:node_modules/umzug Completed in 40878ms
3005 http fetch GET 200 https://registry.npmjs.org/ajv-formats/-/ajv-formats-3.0.1.tgz 37227ms (cache miss)
3006 timing reifyNode:node_modules/fast-json-stringify/node_modules/ajv-formats Completed in 40801ms
3007 http fetch GET 200 https://registry.npmjs.org/@babel/helper-compilation-targets/-/helper-compilation-targets-7.23.6.tgz 37457ms (cache miss)
3008 timing reifyNode:node_modules/@babel/helper-compilation-targets Completed in 40786ms
3009 http fetch GET 200 https://registry.npmjs.org/eslint-scope/-/eslint-scope-5.1.1.tgz 37438ms (cache miss)
3010 timing reifyNode:node_modules/webpack/node_modules/eslint-scope Completed in 40928ms
3011 http fetch GET 200 https://registry.npmjs.org/espree/-/espree-10.0.1.tgz 37958ms (cache miss)
3012 timing reifyNode:node_modules/espree Completed in 40862ms
3013 http fetch GET 200 https://registry.npmjs.org/dotenv/-/dotenv-16.4.5.tgz 37917ms (cache miss)
3014 timing reifyNode:node_modules/dotenv Completed in 40860ms
3015 timing metavuln:cache:put:security-advisory:@babel/helpers:+NsF1flAI8VENgJn0XVIWaC4lCe3b89AZgBOx219qXn/BdXH1EWl/yD49aHbhQimIG4kna8zgkunsmpiAVwNPQ== Completed in 4474ms
3016 timing metavuln:calculate:security-advisory:@babel/helpers:1104001 Completed in 39043ms
3017 timing metavuln:cache:put:security-advisory:tar-fs:cvuUIK3mvYU/u7TShVqDjuuoWy7Jgl2iyysqZzndeGLLwvbCDiePQ/rot9wwSNqpYc8yRaszF/7dU1Uelp1dUw== Completed in 5391ms
3018 timing metavuln:calculate:security-advisory:tar-fs:1109532 Completed in 39035ms
3019 http fetch GET 200 https://registry.npmjs.org/make-fetch-happen/-/make-fetch-happen-11.1.1.tgz 38298ms (cache miss)
3020 timing reifyNode:node_modules/make-fetch-happen Completed in 40950ms
3021 http fetch GET 200 https://registry.npmjs.org/exit/-/exit-0.1.2.tgz 38064ms (cache miss)
3022 timing reifyNode:node_modules/exit Completed in 40943ms
3023 timing reifyNode:node_modules/fast-uri Completed in 40946ms
3024 http fetch GET 200 https://registry.npmjs.org/smart-buffer/-/smart-buffer-4.2.0.tgz 38621ms (cache miss)
3025 timing reifyNode:node_modules/smart-buffer Completed in 41034ms
3026 http fetch GET 200 https://registry.npmjs.org/abort-controller/-/abort-controller-3.0.0.tgz 37823ms (cache miss)
3027 timing reifyNode:node_modules/abort-controller Completed in 40936ms
3028 timing metavuln:cache:put:security-advisory:js-yaml:65b3Thny9zqgdMkalyHLdmcDK6CL3cXqwzGSHgG7z+s7lSOEQyy11Padf2Ni+cdV+U+n4NhCdYXOrjRqH+u9rw== Completed in 4386ms
3029 timing metavuln:calculate:security-advisory:js-yaml:1109801 Completed in 39132ms
3030 timing metavuln:cache:put:security-advisory:micromatch:TlYHmS8BZBwkbsPHbTfH2/e91KJnOnqfC63ZoKdiRy+yt6biPd8BwjBdyfPUht1+ZO675I3Gg00RQPYaWiOm8Q== Completed in 4740ms
3031 timing metavuln:calculate:security-advisory:micromatch:1098681 Completed in 39151ms
3032 http fetch GET 200 https://registry.npmjs.org/help-me/-/help-me-5.0.0.tgz 37552ms (cache miss)
3033 timing reifyNode:node_modules/foreground-child Completed in 41123ms
3034 http fetch GET 200 https://registry.npmjs.org/debug/-/debug-3.2.7.tgz 37569ms (cache miss)
3035 timing reifyNode:node_modules/eslint-module-utils/node_modules/debug Completed in 41154ms
3036 http fetch GET 200 https://registry.npmjs.org/debug/-/debug-3.2.7.tgz 37573ms (cache miss)
3037 timing reifyNode:node_modules/eslint-plugin-import/node_modules/debug Completed in 41157ms
3038 http fetch GET 200 https://registry.npmjs.org/help-me/-/help-me-5.0.0.tgz 37595ms (cache miss)
3039 http fetch GET 200 https://registry.npmjs.org/jest-circus/-/jest-circus-29.7.0.tgz 38499ms (cache miss)
3040 timing reifyNode:node_modules/jest-circus Completed in 41211ms
3041 http fetch GET 200 https://registry.npmjs.org/object.assign/-/object.assign-4.1.5.tgz 38653ms (cache miss)
3042 timing reifyNode:node_modules/object.assign Completed in 41283ms
3043 timing metavuln:cache:put:security-advisory:path-to-regexp:TmkHz1g6xKc2pnDD1h6+ZDKMikxz0M1BBY/wyR9ER8446AKOUk6gXjoSR2douZ5enAllzNSKaynTW1H+LBi1CA== Completed in 4110ms
3044 timing metavuln:calculate:security-advisory:path-to-regexp:1101846 Completed in 39408ms
3045 http fetch GET 200 https://registry.npmjs.org/pretty-format/-/pretty-format-29.7.0.tgz 38813ms (cache miss)
3046 timing reifyNode:node_modules/pretty-format Completed in 41329ms
3047 http fetch GET 200 https://registry.npmjs.org/lru-cache/-/lru-cache-7.18.3.tgz 37649ms (cache miss)
3048 timing reifyNode:node_modules/@npmcli/git/node_modules/lru-cache Completed in 41262ms
3049 http fetch GET 200 https://registry.npmjs.org/chalk/-/chalk-5.0.1.tgz 37895ms (cache miss)
3050 timing reifyNode:node_modules/update-notifier/node_modules/chalk Completed in 41386ms
3051 http fetch GET 200 https://registry.npmjs.org/expect/-/expect-29.7.0.tgz 38424ms (cache miss)
3052 timing reifyNode:node_modules/expect Completed in 41303ms
3053 http fetch GET 200 https://registry.npmjs.org/eslint-module-utils/-/eslint-module-utils-2.8.1.tgz 38405ms (cache miss)
3054 http fetch GET 200 https://registry.npmjs.org/@fastify/ajv-compiler/-/ajv-compiler-3.5.0.tgz 38046ms (cache miss)
3055 http fetch GET 200 https://registry.npmjs.org/fastify-plugin/-/fastify-plugin-4.5.1.tgz 37801ms (cache miss)
3056 http fetch GET 200 https://registry.npmjs.org/fastify-plugin/-/fastify-plugin-4.5.1.tgz 37807ms (cache miss)
3057 http fetch GET 200 https://registry.npmjs.org/fastify-plugin/-/fastify-plugin-4.5.1.tgz 37787ms (cache miss)
3058 timing reifyNode:node_modules/fastify-objectionjs/node_modules/fastify-plugin Completed in 41385ms
3059 http fetch GET 200 https://registry.npmjs.org/chalk/-/chalk-5.3.0.tgz 37878ms (cache miss)
3060 timing reifyNode:node_modules/npm-check-updates/node_modules/chalk Completed in 41435ms
3061 http fetch GET 200 https://registry.npmjs.org/@pkgjs/parseargs/-/parseargs-0.11.0.tgz 38172ms (cache miss)
3062 timing reifyNode:node_modules/@pkgjs/parseargs Completed in 41383ms
3063 http fetch GET 200 https://registry.npmjs.org/picomatch/-/picomatch-2.3.1.tgz 38940ms (cache miss)
3064 timing reifyNode:node_modules/picomatch Completed in 41483ms
3065 timing reifyNode:node_modules/fastify-cli/node_modules/fastify-plugin Completed in 41448ms
3066 http fetch GET 200 https://registry.npmjs.org/espree/-/espree-9.6.1.tgz 37917ms (cache miss)
3067 timing reifyNode:node_modules/eslint/node_modules/espree Completed in 41504ms
3068 http fetch GET 200 https://registry.npmjs.org/style-loader/-/style-loader-4.0.0.tgz 39227ms (cache miss)
3069 timing reifyNode:node_modules/style-loader Completed in 41595ms
3070 timing reifyNode:node_modules/fastify-method-override/node_modules/fastify-plugin Completed in 41518ms
3071 timing reifyNode:node_modules/pino-pretty/node_modules/help-me Completed in 41602ms
3072 http fetch GET 200 https://registry.npmjs.org/make-fetch-happen/-/make-fetch-happen-9.1.0.tgz 38132ms (cache miss)
3073 timing reifyNode:node_modules/sqlite3/node_modules/make-fetch-happen Completed in 41627ms
3074 http fetch GET 200 https://registry.npmjs.org/@fastify/sensible/-/sensible-5.5.0.tgz 38261ms (cache miss)
3075 http fetch GET 200 https://registry.npmjs.org/eslint-scope/-/eslint-scope-7.2.2.tgz 38680ms (cache miss)
3076 timing reifyNode:node_modules/eslint-scope Completed in 41576ms
3077 http fetch GET 200 https://registry.npmjs.org/glob 39757ms (cache miss)
3078 timing metavuln:packument:glob Completed in 39764ms
3079 timing metavuln:load:security-advisory:glob:1109842 Completed in 9ms
3080 http fetch GET 200 https://registry.npmjs.org/sonic-boom/-/sonic-boom-3.8.1.tgz 39419ms (cache miss)
3081 timing reifyNode:node_modules/sonic-boom Completed in 41828ms
3082 http fetch GET 200 https://registry.npmjs.org/@types/eslint/-/eslint-8.4.6.tgz 38565ms (cache miss)
3083 timing reifyNode:node_modules/@types/eslint Completed in 41741ms
3084 http fetch GET 200 https://registry.npmjs.org/@one-ini/wasm/-/wasm-0.1.1.tgz 38531ms (cache miss)
3085 timing reifyNode:node_modules/@one-ini/wasm Completed in 41741ms
3086 timing metavuln:cache:put:security-advisory:js-yaml:yGSj5274Ams433CsyehDD+P4WUKyuLOpK//TbH3mEQCEFPIfftI6xf9Dn6ja4Gk3wbxesLSyk27RheFgsrhZaw== Completed in 5195ms
3087 timing metavuln:calculate:security-advisory:js-yaml:1109802 Completed in 39943ms
3088 http fetch GET 200 https://registry.npmjs.org/@npmcli/fs/-/fs-2.1.2.tgz 38248ms (cache miss)
3089 timing reifyNode:node_modules/node-gyp/node_modules/@npmcli/fs Completed in 41825ms
3090 timing reifyNode:node_modules/fastify-cli/node_modules/pino-pretty/node_modules/help-me Completed in 41786ms
3091 http fetch GET 200 https://registry.npmjs.org/json5/-/json5-1.0.2.tgz 38390ms (cache miss)
3092 timing reifyNode:node_modules/tsconfig-paths/node_modules/json5 Completed in 41875ms
3093 http fetch GET 200 https://registry.npmjs.org/argparse/-/argparse-2.0.1.tgz 38682ms (cache miss)
3094 timing reifyNode:node_modules/argparse Completed in 41779ms
3095 http fetch GET 200 https://registry.npmjs.org/webpack-cli/-/webpack-cli-5.1.4.tgz 39649ms (cache miss)
3096 timing reifyNode:node_modules/webpack-cli Completed in 41895ms
3097 timing reifyNode:node_modules/eslint-module-utils Completed in 41824ms
3098 http fetch GET 200 https://registry.npmjs.org/jest-util/-/jest-util-29.7.0.tgz 39158ms (cache miss)
3099 timing reifyNode:node_modules/jest-util Completed in 41854ms
3100 timing reifyNode:node_modules/@fastify/ajv-compiler Completed in 41829ms
3101 http fetch GET 200 https://registry.npmjs.org/form-data-encoder/-/form-data-encoder-2.1.0.tgz 39083ms (cache miss)
3102 http fetch GET 200 https://registry.npmjs.org/@jridgewell/source-map/-/source-map-0.3.6.tgz 38675ms (cache miss)
3103 timing reifyNode:node_modules/@jridgewell/source-map Completed in 41901ms
3104 http fetch GET 200 https://registry.npmjs.org/pg-pool/-/pg-pool-3.6.2.tgz 39468ms (cache miss)
3105 timing reifyNode:node_modules/pg-pool Completed in 42012ms
3106 http fetch GET 200 https://registry.npmjs.org/pacote/-/pacote-15.2.0.tgz 39453ms (cache miss)
3107 timing reifyNode:node_modules/pacote Completed in 42021ms
3108 http fetch GET 200 https://registry.npmjs.org/@discoveryjs/json-ext/-/json-ext-0.5.7.tgz 38656ms (cache miss)
3109 timing reifyNode:node_modules/@discoveryjs/json-ext Completed in 41935ms
3110 http fetch GET 200 https://registry.npmjs.org/lru-cache/-/lru-cache-7.18.3.tgz 38361ms (cache miss)
3111 timing reifyNode:node_modules/cacache/node_modules/lru-cache Completed in 41962ms
3112 http fetch GET 200 https://registry.npmjs.org/lru-cache/-/lru-cache-7.18.3.tgz 38494ms (cache miss)
3113 timing reifyNode:node_modules/npm-package-arg/node_modules/lru-cache Completed in 42032ms
3114 http fetch GET 200 https://registry.npmjs.org/lru-cache/-/lru-cache-7.18.3.tgz 38451ms (cache miss)
3115 timing reifyNode:node_modules/make-fetch-happen/node_modules/lru-cache Completed in 42022ms
3116 http fetch GET 200 https://registry.npmjs.org/lru-cache/-/lru-cache-7.18.3.tgz 38428ms (cache miss)
3117 timing reifyNode:node_modules/hosted-git-info/node_modules/lru-cache Completed in 41999ms
3118 http fetch GET 200 https://registry.npmjs.org/lru-cache/-/lru-cache-7.18.3.tgz 38469ms (cache miss)
3119 timing reifyNode:node_modules/node-gyp/node_modules/lru-cache Completed in 42034ms
3120 http fetch GET 200 https://registry.npmjs.org/lru-cache/-/lru-cache-7.18.3.tgz 38466ms (cache miss)
3121 timing reifyNode:node_modules/normalize-package-data/node_modules/lru-cache Completed in 42037ms
3122 http fetch GET 200 https://registry.npmjs.org/yargs-parser/-/yargs-parser-20.2.9.tgz 38624ms (cache miss)
3123 timing reifyNode:node_modules/sequelize-cli/node_modules/yargs-parser Completed in 42130ms
3124 timing reifyNode:node_modules/@fastify/sensible Completed in 42028ms
3125 http fetch GET 200 https://registry.npmjs.org/@colors/colors/-/colors-1.5.0.tgz 38817ms (cache miss)
3126 timing reifyNode:node_modules/@colors/colors Completed in 42097ms
3127 http fetch GET 200 https://registry.npmjs.org/fast-redact/-/fast-redact-3.5.0.tgz 39302ms (cache miss)
3128 timing reifyNode:node_modules/fast-redact Completed in 42169ms
3129 http fetch GET 200 https://registry.npmjs.org/@babel/template/-/template-7.24.0.tgz 38874ms (cache miss)
3130 timing reifyNode:node_modules/@babel/template Completed in 42182ms
3131 timing reifyNode:node_modules/form-data-encoder Completed in 42257ms
3132 http fetch GET 200 https://registry.npmjs.org/cacache/-/cacache-17.1.4.tgz 39231ms (cache miss)
3133 timing reifyNode:node_modules/cacache Completed in 42265ms
3134 http fetch GET 200 https://registry.npmjs.org/cli-color/-/cli-color-2.0.4.tgz 39299ms (cache miss)
3135 timing reifyNode:node_modules/cli-color Completed in 42314ms
3136 http fetch GET 200 https://registry.npmjs.org/make-fetch-happen/-/make-fetch-happen-10.2.1.tgz 38890ms (cache miss)
3137 timing reifyNode:node_modules/node-gyp/node_modules/make-fetch-happen Completed in 42458ms
3138 http fetch GET 200 https://registry.npmjs.org/@xtuc/long/-/long-4.2.2.tgz 39264ms (cache miss)
3139 timing reifyNode:node_modules/@xtuc/long Completed in 42393ms
3140 http fetch GET 200 https://registry.npmjs.org/light-my-request/-/light-my-request-5.13.0.tgz 39889ms (cache miss)
3141 http fetch GET 200 https://registry.npmjs.org/schema-utils/-/schema-utils-4.0.0.tgz 40204ms (cache miss)
3142 timing reifyNode:node_modules/schema-utils Completed in 42643ms
3143 http fetch GET 200 https://registry.npmjs.org/tar 40861ms (cache miss)
3144 timing metavuln:packument:tar Completed in 40865ms
3145 timing metavuln:load:security-advisory:tar:1097493 Completed in 2ms
3146 http fetch GET 200 https://registry.npmjs.org/validator 40870ms (cache miss)
3147 timing metavuln:packument:validator Completed in 40872ms
3148 timing metavuln:load:security-advisory:validator:1109241 Completed in 6ms
3149 http fetch GET 200 https://registry.npmjs.org/@fastify/cookie/-/cookie-9.3.1.tgz 39408ms (cache miss)
3150 timing reifyNode:node_modules/@fastify/cookie Completed in 42685ms
3151 http fetch GET 200 https://registry.npmjs.org/signal-exit/-/signal-exit-4.1.0.tgz 39158ms (cache miss)
3152 timing reifyNode:node_modules/foreground-child/node_modules/signal-exit Completed in 42734ms
3153 http fetch GET 200 https://registry.npmjs.org/nanoid 40941ms (cache miss)
3154 timing metavuln:packument:nanoid Completed in 40944ms
3155 timing metavuln:load:security-advisory:nanoid:1109563 Completed in 2ms
3156 http fetch GET 200 https://registry.npmjs.org/event-target-shim/-/event-target-shim-5.0.1.tgz 39935ms (cache miss)
3157 timing reifyNode:node_modules/event-target-shim Completed in 42820ms
3158 http fetch GET 200 https://registry.npmjs.org/ajv-keywords/-/ajv-keywords-3.5.2.tgz 39729ms (cache miss)
3159 timing reifyNode:node_modules/ajv-keywords Completed in 42829ms
3160 http fetch GET 200 https://registry.npmjs.org/@npmcli/fs/-/fs-1.1.1.tgz 39578ms (cache miss)
3161 timing reifyNode:node_modules/sqlite3/node_modules/@npmcli/fs Completed in 43082ms
3162 http fetch GET 200 https://registry.npmjs.org/electron-to-chromium/-/electron-to-chromium-1.4.746.tgz 40071ms (cache miss)
3163 timing reifyNode:node_modules/electron-to-chromium Completed in 43017ms
3164 http fetch GET 200 https://registry.npmjs.org/eslint-config-airbnb-base/-/eslint-config-airbnb-base-15.0.0.tgz 40116ms (cache miss)
3165 timing reifyNode:node_modules/eslint-config-airbnb-base Completed in 43032ms
3166 timing reifyNode:node_modules/light-my-request Completed in 43096ms
3167 http fetch GET 200 https://registry.npmjs.org/jest-config/-/jest-config-29.7.0.tgz 40382ms (cache miss)
3168 timing reifyNode:node_modules/jest-config Completed in 43094ms
3169 http fetch GET 200 https://registry.npmjs.org/webpack-sources/-/webpack-sources-3.2.3.tgz 40944ms (cache miss)
3170 timing reifyNode:node_modules/webpack-sources Completed in 43191ms
3171 http fetch GET 200 https://registry.npmjs.org/undici-types/-/undici-types-5.26.5.tgz 40950ms (cache miss)
3172 timing reifyNode:node_modules/undici-types Completed in 43213ms
3173 http fetch GET 200 https://registry.npmjs.org/tar-fs/-/tar-fs-2.1.1.tgz 40842ms (cache miss)
3174 http fetch GET 200 https://registry.npmjs.org/esniff/-/esniff-2.0.1.tgz 40281ms (cache miss)
3175 timing reifyNode:node_modules/esniff Completed in 43172ms
3176 http fetch GET 200 https://registry.npmjs.org/find-my-way 41390ms (cache miss)
3177 timing metavuln:packument:find-my-way Completed in 41392ms
3178 timing metavuln:load:security-advisory:find-my-way:1099853 Completed in 1ms
3179 http fetch GET 200 https://registry.npmjs.org/cacache/-/cacache-16.1.3.tgz 39715ms (cache miss)
3180 timing reifyNode:node_modules/node-gyp/node_modules/cacache Completed in 43285ms
3181 http fetch GET 200 https://registry.npmjs.org/envinfo/-/envinfo-7.12.0.tgz 40357ms (cache miss)
3182 timing reifyNode:node_modules/envinfo Completed in 43307ms
3183 http fetch GET 200 https://registry.npmjs.org/pg/-/pg-8.11.5.tgz 40815ms (cache miss)
3184 timing reifyNode:node_modules/pg Completed in 43370ms
3185 http fetch GET 200 https://registry.npmjs.org/memoizee/-/memoizee-0.4.15.tgz 40716ms (cache miss)
3186 timing reifyNode:node_modules/memoizee Completed in 43362ms
3187 http fetch GET 200 https://registry.npmjs.org/jest-worker/-/jest-worker-29.7.0.tgz 40652ms (cache miss)
3188 timing reifyNode:node_modules/jest-worker Completed in 43351ms
3189 http fetch GET 200 https://registry.npmjs.org/schema-utils/-/schema-utils-3.3.0.tgz 39963ms (cache miss)
3190 timing reifyNode:node_modules/terser-webpack-plugin/node_modules/schema-utils Completed in 43457ms
3191 http fetch GET 200 https://registry.npmjs.org/cjs-module-lexer/-/cjs-module-lexer-1.2.3.tgz 40359ms (cache miss)
3192 timing reifyNode:node_modules/cjs-module-lexer Completed in 43381ms
3193 http fetch GET 200 https://registry.npmjs.org/fastify-error-page/-/fastify-error-page-4.0.0.tgz 40557ms (cache miss)
3194 timing reifyNode:node_modules/fastify-error-page Completed in 43419ms
3195 http fetch GET 200 https://registry.npmjs.org/http2-wrapper/-/http2-wrapper-2.1.11.tgz 40669ms (cache miss)
3196 timing reifyNode:node_modules/http2-wrapper Completed in 43472ms
3197 http fetch GET 200 https://registry.npmjs.org/promise/-/promise-7.3.1.tgz 41051ms (cache miss)
3198 timing reifyNode:node_modules/tar-fs Completed in 43594ms
3199 http fetch GET 200 https://registry.npmjs.org/jest-worker/-/jest-worker-27.5.1.tgz 40121ms (cache miss)
3200 http fetch GET 200 https://registry.npmjs.org/exponential-backoff/-/exponential-backoff-3.1.1.tgz 40652ms (cache miss)
3201 http fetch GET 200 https://registry.npmjs.org/@fastify/secure-session/-/secure-session-7.5.1.tgz 40249ms (cache miss)
3202 http fetch GET 200 https://registry.npmjs.org/cacache/-/cacache-15.3.0.tgz 40219ms (cache miss)
3203 timing reifyNode:node_modules/sqlite3/node_modules/cacache Completed in 43720ms
3204 http fetch GET 200 https://registry.npmjs.org/events/-/events-3.3.0.tgz 40788ms (cache miss)
3205 timing reifyNode:node_modules/events Completed in 43672ms
3206 http fetch GET 200 https://registry.npmjs.org/mini-css-extract-plugin/-/mini-css-extract-plugin-2.9.0.tgz 41094ms (cache miss)
3207 timing reifyNode:node_modules/mini-css-extract-plugin Completed in 43755ms
3208 http fetch GET 200 https://registry.npmjs.org/esprima/-/esprima-4.0.1.tgz 40829ms (cache miss)
3209 timing reifyNode:node_modules/esprima Completed in 43721ms
3210 http fetch GET 200 https://registry.npmjs.org/argparse/-/argparse-1.0.10.tgz 40075ms (cache miss)
3211 timing reifyNode:node_modules/@istanbuljs/load-nyc-config/node_modules/argparse Completed in 43688ms
3212 http fetch GET 200 https://registry.npmjs.org/source-map-js/-/source-map-js-1.2.0.tgz 41409ms (cache miss)
3213 timing reifyNode:node_modules/source-map-js Completed in 43817ms
3214 timing reifyNode:node_modules/terser-webpack-plugin/node_modules/jest-worker Completed in 43863ms
3215 timing reifyNode:node_modules/@fastify/secure-session Completed in 43772ms
3216 http fetch GET 200 https://registry.npmjs.org/@jridgewell/trace-mapping/-/trace-mapping-0.3.25.tgz 40618ms (cache miss)
3217 timing reifyNode:node_modules/@jridgewell/trace-mapping Completed in 43843ms
3218 timing reifyNode:node_modules/promise Completed in 43945ms
3219 http fetch GET 200 https://registry.npmjs.org/schema-utils/-/schema-utils-3.3.0.tgz 40499ms (cache miss)
3220 timing reifyNode:node_modules/webpack/node_modules/schema-utils Completed in 43983ms
3221 timing reifyNode:node_modules/exponential-backoff Completed in 43927ms
3222 http fetch GET 200 https://registry.npmjs.org/@tufjs/models/-/models-1.0.4.tgz 40779ms (cache miss)
3223 http fetch GET 200 https://registry.npmjs.org/@babel/helper-module-transforms/-/helper-module-transforms-7.23.3.tgz 40677ms (cache miss)
3224 timing reifyNode:node_modules/@babel/helper-module-transforms Completed in 43994ms
3225 timing metavuln:cache:put:security-advisory:glob:NTB2XjbDOgk4lkd8PZ3tUAm1F3E/ohGF6rl9/3LEO7Z0FDzSR5nWwzd3nUENA3NCNdyeR+35DOC12wPml2IV+g== Completed in 2478ms
3226 timing metavuln:calculate:security-advisory:glob:1109842 Completed in 42254ms
3227 http fetch GET 200 https://registry.npmjs.org/jest-haste-map/-/jest-haste-map-29.7.0.tgz 41415ms (cache miss)
3228 timing reifyNode:node_modules/jest-haste-map Completed in 44135ms
3229 http fetch GET 200 https://registry.npmjs.org/@babel%2fruntime 42293ms (cache miss)
3230 timing metavuln:packument:@babel/runtime Completed in 42296ms
3231 timing metavuln:load:security-advisory:@babel/runtime:1104000 Completed in 5ms
3232 timing reifyNode:node_modules/@tufjs/models Completed in 44330ms
3233 http fetch GET 200 https://registry.npmjs.org/css-loader/-/css-loader-7.1.1.tgz 41537ms (cache miss)
3234 timing reifyNode:node_modules/css-loader Completed in 44516ms
3235 http fetch GET 200 https://registry.npmjs.org/commander/-/commander-10.0.1.tgz 41523ms (cache miss)
3236 timing reifyNode:node_modules/commander Completed in 44530ms
3237 http fetch GET 200 https://registry.npmjs.org/sequelize-cli/-/sequelize-cli-6.6.2.tgz 42252ms (cache miss)
3238 timing reifyNode:node_modules/sequelize-cli Completed in 44690ms
3239 http fetch GET 200 https://registry.npmjs.org/@jest/reporters/-/reporters-29.7.0.tgz 41385ms (cache miss)
3240 timing reifyNode:node_modules/@jest/reporters Completed in 44621ms
3241 http fetch GET 200 https://registry.npmjs.org/object-inspect/-/object-inspect-1.13.1.tgz 42116ms (cache miss)
3242 timing reifyNode:node_modules/object-inspect Completed in 44715ms
3243 http fetch GET 200 https://registry.npmjs.org/esm/-/esm-3.2.25.tgz 41904ms (cache miss)
3244 timing reifyNode:node_modules/esm Completed in 44797ms
3245 timing metavuln:cache:put:security-advisory:tar:xsfciMtNhQn+Vb692L8h5HEYBYUJ5Lhjy3bF//LOsKSn8tp0f1hbuDX26k9UtKJNPZjM5uuq2Cxlz3KwL19oJg== Completed in 2112ms
3246 timing metavuln:calculate:security-advisory:tar:1097493 Completed in 42981ms
3247 timing metavuln:cache:put:security-advisory:validator:IkyJOqfhkev0E9tRX4zbgkqtsxJX67cd4upO2f1EheDpncnx522qyf9oLyXwjDcWGeZOQHSqJUAh/kUyYH60qQ== Completed in 2106ms
3248 timing metavuln:calculate:security-advisory:validator:1109241 Completed in 42986ms
3249 http fetch GET 200 https://registry.npmjs.org/@eslint-community/eslint-utils/-/eslint-utils-4.4.0.tgz 41531ms (cache miss)
3250 timing reifyNode:node_modules/@eslint-community/eslint-utils Completed in 44810ms
3251 http fetch GET 200 https://registry.npmjs.org/entities/-/entities-3.0.1.tgz 41938ms (cache miss)
3252 timing reifyNode:node_modules/entities Completed in 44867ms
3253 timing metavuln:cache:put:security-advisory:nanoid:SvMVdtEUVO5ESues2DL9aEFMy6oMG+saOn/tNitKJcx7q7CvMfC5ZcstpC8dbnZl5KL/q/3pYBvQrAPBFsC+nQ== Completed in 2108ms
3254 timing metavuln:calculate:security-advisory:nanoid:1109563 Completed in 43057ms
3255 http fetch GET 200 https://registry.npmjs.org/node-addon-api/-/node-addon-api-4.3.0.tgz 42325ms (cache miss)
3256 timing reifyNode:node_modules/node-addon-api Completed in 44942ms
3257 http fetch GET 200 https://registry.npmjs.org/readable-stream/-/readable-stream-3.6.2.tgz 42509ms (cache miss)
3258 timing reifyNode:node_modules/readable-stream Completed in 44985ms
3259 http fetch GET 200 https://registry.npmjs.org/ext/-/ext-1.7.0.tgz 42077ms (cache miss)
3260 http fetch GET 200 https://registry.npmjs.org/@eslint-community/regexpp/-/regexpp-4.10.0.tgz 41646ms (cache miss)
3261 timing reifyNode:node_modules/@eslint-community/regexpp Completed in 44928ms
3262 http fetch GET 200 https://registry.npmjs.org/@fastify/merge-json-schemas/-/merge-json-schemas-0.1.1.tgz 41742ms (cache miss)
3263 timing reifyNode:node_modules/@fastify/merge-json-schemas Completed in 45148ms
3264 http fetch GET 200 https://registry.npmjs.org/json5/-/json5-2.2.3.tgz 42571ms (cache miss)
3265 timing reifyNode:node_modules/json5 Completed in 45254ms
3266 timing metavuln:cache:put:security-advisory:find-my-way:ncPGiupWBmuLy3osYbi6NeA3zAkV0H2ETbz204QySGfjGMvhOUrckXpvAqjVyzsYU9NNJZrPHuMSulTPi+/bfw== Completed in 2020ms
3267 timing metavuln:calculate:security-advisory:find-my-way:1099853 Completed in 43416ms
3268 http fetch GET 200 https://registry.npmjs.org/jackspeak/-/jackspeak-2.3.6.tgz 42598ms (cache miss)
3269 timing reifyNode:node_modules/jackspeak Completed in 45318ms
3270 timing reifyNode:node_modules/ext Completed in 45364ms
3271 http fetch GET 200 https://registry.npmjs.org/@sinonjs/commons/-/commons-3.0.1.tgz 42175ms (cache miss)
3272 http fetch GET 200 https://registry.npmjs.org/qs/-/qs-6.12.1.tgz 42999ms (cache miss)
3273 timing reifyNode:node_modules/qs Completed in 45483ms
3274 http fetch GET 200 https://registry.npmjs.org/mustache/-/mustache-4.2.0.tgz 42872ms (cache miss)
3275 timing reifyNode:node_modules/mustache Completed in 45490ms
3276 http fetch GET 200 https://registry.npmjs.org/tar/-/tar-6.1.11.tgz 43327ms (cache miss)
3277 timing reifyNode:node_modules/tar Completed in 45691ms
3278 http fetch GET 200 https://registry.npmjs.org/prompts-ncu/-/prompts-ncu-3.0.0.tgz 43187ms (cache miss)
3279 timing reifyNode:node_modules/prompts-ncu Completed in 45689ms
3280 http fetch GET 200 https://registry.npmjs.org/minipass/-/minipass-7.0.4.tgz 42032ms (cache miss)
3281 timing reifyNode:node_modules/cacache/node_modules/minipass Completed in 45629ms
3282 timing reifyNode:node_modules/@sinonjs/commons Completed in 45665ms
3283 http fetch GET 200 https://registry.npmjs.org/wkx/-/wkx-0.5.0.tgz 43626ms (cache miss)
3284 timing reifyNode:node_modules/wkx Completed in 45864ms
3285 http fetch GET 200 https://registry.npmjs.org/node-addon-api/-/node-addon-api-7.1.0.tgz 42291ms (cache miss)
3286 timing reifyNode:node_modules/sqlite3/node_modules/node-addon-api Completed in 45883ms
3287 http fetch GET 200 https://registry.npmjs.org/thread-stream/-/thread-stream-2.6.0.tgz 43629ms (cache miss)
3288 timing metavuln:cache:put:security-advisory:@babel/runtime:xDaNmlS3J8LRk7IfDb7e9Gp3gcy/xDr1QZXCKC997SMkqKVemm2guY9vQpRI6omD11L5cfCI+STpoAdxUgnVsA== Completed in 1857ms
3289 timing metavuln:calculate:security-advisory:@babel/runtime:1104000 Completed in 44160ms
3290 timing reifyNode:node_modules/thread-stream Completed in 46083ms
3291 http fetch GET 200 https://registry.npmjs.org/minipass/-/minipass-7.0.4.tgz 42728ms (cache miss)
3292 timing reifyNode:node_modules/path-scurry/node_modules/minipass Completed in 46258ms
3293 http fetch GET 200 https://registry.npmjs.org/minipass/-/minipass-7.0.4.tgz 42783ms (cache miss)
3294 timing reifyNode:node_modules/ssri/node_modules/minipass Completed in 46286ms
3295 http fetch GET 200 https://registry.npmjs.org/minipass/-/minipass-7.0.4.tgz 42650ms (cache miss)
3296 timing reifyNode:node_modules/glob/node_modules/minipass Completed in 46220ms
3297 http fetch GET 200 https://registry.npmjs.org/minipass/-/minipass-7.0.4.tgz 42697ms (cache miss)
3298 timing reifyNode:node_modules/pacote/node_modules/fs-minipass/node_modules/minipass Completed in 46269ms
3299 http fetch GET 200 https://registry.npmjs.org/minipass/-/minipass-7.0.4.tgz 42666ms (cache miss)
3300 timing reifyNode:node_modules/minipass-fetch/node_modules/minipass Completed in 46263ms
3301 http fetch GET 200 https://registry.npmjs.org/path-scurry/-/path-scurry-1.10.2.tgz 44292ms (cache miss)
3302 timing reifyNode:node_modules/path-scurry Completed in 46849ms
3303 http fetch GET 200 https://registry.npmjs.org/socks/-/socks-2.7.0.tgz 44493ms (cache miss)
3304 http fetch GET 200 https://registry.npmjs.org/type-fest/-/type-fest-0.21.3.tgz 43273ms (cache miss)
3305 timing reifyNode:node_modules/ansi-escapes/node_modules/type-fest Completed in 46892ms
3306 http fetch GET 200 https://registry.npmjs.org/type-fest/-/type-fest-0.20.2.tgz 44748ms (cache miss)
3307 timing reifyNode:node_modules/type-fest Completed in 47025ms
3308 http fetch GET 200 https://registry.npmjs.org/pg-protocol/-/pg-protocol-1.6.1.tgz 44482ms (cache miss)
3309 timing reifyNode:node_modules/pg-protocol Completed in 47029ms
3310 http fetch GET 200 https://registry.npmjs.org/acorn/-/acorn-8.11.3.tgz 43864ms (cache miss)
3311 timing reifyNode:node_modules/acorn Completed in 46973ms
3312 timing reifyNode:node_modules/socks Completed in 47175ms
3313 http fetch GET 200 https://registry.npmjs.org/@jest/core/-/core-29.7.0.tgz 43833ms (cache miss)
3314 timing reifyNode:node_modules/@jest/core Completed in 47079ms
3315 http fetch GET 200 https://registry.npmjs.org/semver/-/semver-7.6.0.tgz 44887ms (cache miss)
3316 timing reifyNode:node_modules/semver Completed in 47331ms
3317 http fetch GET 200 https://registry.npmjs.org/@sigstore/protobuf-specs/-/protobuf-specs-0.2.1.tgz 44105ms (cache miss)
3318 timing reifyNode:node_modules/@sigstore/protobuf-specs Completed in 47302ms
3319 http fetch GET 200 https://registry.npmjs.org/postcss-selector-parser/-/postcss-selector-parser-6.0.16.tgz 44893ms (cache miss)
3320 timing reifyNode:node_modules/postcss-selector-parser Completed in 47415ms
3321 http fetch GET 200 https://registry.npmjs.org/fs-extra/-/fs-extra-9.1.0.tgz 44617ms (cache miss)
3322 timing reifyNode:node_modules/fs-extra Completed in 47470ms
3323 http fetch GET 200 https://registry.npmjs.org/lru-cache/-/lru-cache-10.2.0.tgz 44110ms (cache miss)
3324 timing reifyNode:node_modules/path-scurry/node_modules/lru-cache Completed in 47644ms
3325 http fetch GET 200 https://registry.npmjs.org/fast-copy/-/fast-copy-3.0.2.tgz 45019ms (cache miss)
3326 http fetch GET 200 https://registry.npmjs.org/@webassemblyjs/ast/-/ast-1.12.1.tgz 44963ms (cache miss)
3327 timing reifyNode:node_modules/@webassemblyjs/ast Completed in 48104ms
3328 timing reifyNode:node_modules/fast-copy Completed in 48177ms
3329 http fetch GET 200 https://registry.npmjs.org/fast-glob/-/fast-glob-3.2.11.tgz 45353ms (cache miss)
3330 timing reifyNode:node_modules/fast-glob Completed in 48227ms
3331 http fetch GET 200 https://registry.npmjs.org/graphemer/-/graphemer-1.4.0.tgz 45462ms (cache miss)
3332 timing reifyNode:node_modules/graphemer Completed in 48278ms
3333 http fetch GET 200 https://registry.npmjs.org/postcss/-/postcss-8.4.38.tgz 45809ms (cache miss)
3334 timing reifyNode:node_modules/postcss Completed in 48342ms
3335 http fetch GET 200 https://registry.npmjs.org/@sinclair/typebox/-/typebox-0.27.8.tgz 45294ms (cache miss)
3336 timing reifyNode:node_modules/@sinclair/typebox Completed in 48485ms
3337 http fetch GET 200 https://registry.npmjs.org/enhanced-resolve/-/enhanced-resolve-5.16.0.tgz 45669ms (cache miss)
3338 timing reifyNode:node_modules/enhanced-resolve Completed in 48602ms
3339 http fetch GET 200 https://registry.npmjs.org/readable-stream/-/readable-stream-4.5.2.tgz 45308ms (cache miss)
3340 timing reifyNode:node_modules/pino-pretty/node_modules/readable-stream Completed in 48833ms
3341 http fetch GET 200 https://registry.npmjs.org/type-fest/-/type-fest-1.4.0.tgz 45220ms (cache miss)
3342 timing reifyNode:node_modules/crypto-random-string/node_modules/type-fest Completed in 48813ms
3343 http fetch GET 200 https://registry.npmjs.org/avvio/-/avvio-8.3.0.tgz 45803ms (cache miss)
3344 http fetch GET 200 https://registry.npmjs.org/got/-/got-12.3.1.tgz 46088ms (cache miss)
3345 timing reifyNode:node_modules/got Completed in 48931ms
3346 http fetch GET 200 https://registry.npmjs.org/uuid/-/uuid-8.3.2.tgz 46848ms (cache miss)
3347 timing reifyNode:node_modules/uuid Completed in 49101ms
3348 http fetch GET 200 https://registry.npmjs.org/i18next/-/i18next-23.11.2.tgz 46288ms (cache miss)
3349 timing reifyNode:node_modules/i18next Completed in 49077ms
3350 http fetch GET 200 https://registry.npmjs.org/readable-stream/-/readable-stream-4.5.2.tgz 45543ms (cache miss)
3351 timing reifyNode:node_modules/fastify-cli/node_modules/readable-stream Completed in 49112ms
3352 http fetch GET 200 https://registry.npmjs.org/readable-stream/-/readable-stream-4.5.2.tgz 45640ms (cache miss)
3353 timing reifyNode:node_modules/pino-abstract-transport/node_modules/readable-stream Completed in 49168ms
3354 timing reifyNode:node_modules/avvio Completed in 49117ms
3355 http fetch GET 200 https://registry.npmjs.org/js-yaml/-/js-yaml-3.14.1.tgz 45581ms (cache miss)
3356 timing reifyNode:node_modules/@istanbuljs/load-nyc-config/node_modules/js-yaml Completed in 49194ms
3357 http fetch GET 200 https://registry.npmjs.org/concurrently/-/concurrently-8.2.2.tgz 46228ms (cache miss)
3358 timing reifyNode:node_modules/concurrently Completed in 49231ms
3359 http fetch GET 200 https://registry.npmjs.org/@fastify/send/-/send-2.1.0.tgz 45959ms (cache miss)
3360 timing reifyNode:node_modules/@fastify/send Completed in 49507ms
3361 http fetch GET 200 https://registry.npmjs.org/js-yaml/-/js-yaml-4.1.0.tgz 46895ms (cache miss)
3362 timing reifyNode:node_modules/js-yaml Completed in 49581ms
3363 http fetch GET 200 https://registry.npmjs.org/minimatch/-/minimatch-9.0.1.tgz 46048ms (cache miss)
3364 http fetch GET 200 https://registry.npmjs.org/minimatch/-/minimatch-9.0.4.tgz 46193ms (cache miss)
3365 timing reifyNode:node_modules/editorconfig/node_modules/minimatch Completed in 49907ms
3366 http fetch GET 200 https://registry.npmjs.org/iconv-lite/-/iconv-lite-0.6.3.tgz 47140ms (cache miss)
3367 http fetch GET 200 https://registry.npmjs.org/yargs/-/yargs-17.7.2.tgz 47798ms (cache miss)
3368 http fetch GET 200 https://registry.npmjs.org/yargs/-/yargs-16.2.0.tgz 46535ms (cache miss)
3369 http fetch GET 200 https://registry.npmjs.org/esquery/-/esquery-1.5.0.tgz 47152ms (cache miss)
3370 timing reifyNode:node_modules/esquery Completed in 50050ms
3371 timing reifyNode:node_modules/@tufjs/models/node_modules/minimatch Completed in 50059ms
3372 timing reifyNode:node_modules/iconv-lite Completed in 50175ms
3373 timing reifyNode:node_modules/yargs Completed in 50271ms
3374 http fetch GET 200 https://registry.npmjs.org/minimatch/-/minimatch-9.0.4.tgz 46638ms (cache miss)
3375 timing reifyNode:node_modules/sequelize-cli/node_modules/yargs Completed in 50277ms
3376 http fetch GET 200 https://registry.npmjs.org/minimatch/-/minimatch-9.0.4.tgz 46655ms (cache miss)
3377 http fetch GET 200 https://registry.npmjs.org/uri-js/-/uri-js-4.4.1.tgz 48176ms (cache miss)
3378 http fetch GET 200 https://registry.npmjs.org/minimatch/-/minimatch-9.0.4.tgz 46845ms (cache miss)
3379 http fetch GET 200 https://registry.npmjs.org/@sigstore/sign/-/sign-1.0.0.tgz 47149ms (cache miss)
3380 http fetch GET 200 https://registry.npmjs.org/@bcoe/v8-coverage/-/v8-coverage-0.2.3.tgz 47085ms (cache miss)
3381 timing reifyNode:node_modules/glob/node_modules/minimatch Completed in 50457ms
3382 timing reifyNode:node_modules/ignore-walk/node_modules/minimatch Completed in 50465ms
3383 http fetch GET 200 https://registry.npmjs.org/@eslint/eslintrc/-/eslintrc-2.1.4.tgz 46920ms (cache miss)
3384 timing reifyNode:node_modules/eslint/node_modules/@eslint/eslintrc Completed in 50516ms
3385 http fetch GET 200 https://registry.npmjs.org/type-fest/-/type-fest-2.19.0.tgz 46892ms (cache miss)
3386 timing reifyNode:node_modules/boxen/node_modules/type-fest Completed in 50509ms
3387 timing reifyNode:node_modules/uri-js Completed in 50675ms
3388 timing reifyNode:node_modules/npm-check-updates/node_modules/minimatch Completed in 50652ms
3389 timing reifyNode:node_modules/@sigstore/sign Completed in 50593ms
3390 timing reifyNode:node_modules/@bcoe/v8-coverage Completed in 50628ms
3391 http fetch GET 200 https://registry.npmjs.org/prompts/-/prompts-2.4.2.tgz 48320ms (cache miss)
3392 timing reifyNode:node_modules/prompts Completed in 50824ms
3393 http fetch GET 200 https://registry.npmjs.org/@eslint/eslintrc/-/eslintrc-3.0.2.tgz 47542ms (cache miss)
3394 timing reifyNode:node_modules/@eslint/eslintrc Completed in 50816ms
3395 http fetch GET 200 https://registry.npmjs.org/@babel/generator/-/generator-7.24.4.tgz 47559ms (cache miss)
3396 timing reifyNode:node_modules/@babel/generator Completed in 50891ms
3397 http fetch GET 200 https://registry.npmjs.org/glob/-/glob-10.3.12.tgz 48227ms (cache miss)
3398 http fetch GET 200 https://registry.npmjs.org/source-map/-/source-map-0.6.1.tgz 48841ms (cache miss)
3399 timing reifyNode:node_modules/source-map Completed in 51248ms
3400 http fetch GET 200 https://registry.npmjs.org/tsconfig-paths/-/tsconfig-paths-3.15.0.tgz 48962ms (cache miss)
3401 timing reifyNode:node_modules/tsconfig-paths Completed in 51287ms
3402 timing reifyNode:node_modules/glob Completed in 51243ms
3403 http fetch GET 200 https://registry.npmjs.org/bluebird/-/bluebird-3.7.2.tgz 48304ms (cache miss)
3404 timing reifyNode:node_modules/bluebird Completed in 51354ms
3405 http fetch GET 200 https://registry.npmjs.org/pure-rand/-/pure-rand-6.1.0.tgz 49055ms (cache miss)
3406 http fetch GET 200 https://registry.npmjs.org/pino-pretty/-/pino-pretty-11.0.0.tgz 49027ms (cache miss)
3407 timing reifyNode:node_modules/pino-pretty Completed in 51563ms
3408 timing reifyNode:node_modules/pure-rand Completed in 51652ms
3409 http fetch GET 200 https://registry.npmjs.org/pino-pretty/-/pino-pretty-10.3.1.tgz 48093ms (cache miss)
3410 http fetch GET 200 https://registry.npmjs.org/acorn/-/acorn-7.4.1.tgz 48139ms (cache miss)
3411 timing reifyNode:node_modules/is-expression/node_modules/acorn Completed in 51744ms
3412 timing reifyNode:node_modules/fastify-cli/node_modules/pino-pretty Completed in 51803ms
3413 http fetch GET 200 https://registry.npmjs.org/sigstore/-/sigstore-1.9.0.tgz 49806ms (cache miss)
3414 timing reifyNode:node_modules/sigstore Completed in 52223ms
3415 http fetch GET 200 https://registry.npmjs.org/fast-json-stringify/-/fast-json-stringify-5.14.1.tgz 49379ms (cache miss)
3416 http fetch GET 200 https://registry.npmjs.org/istanbul-reports/-/istanbul-reports-3.1.7.tgz 49627ms (cache miss)
3417 http fetch GET 200 https://registry.npmjs.org/generify/-/generify-4.2.0.tgz 49702ms (cache miss)
3418 timing reifyNode:node_modules/fast-json-stringify Completed in 52531ms
3419 timing reifyNode:node_modules/istanbul-reports Completed in 52557ms
3420 timing reifyNode:node_modules/generify Completed in 52644ms
3421 http fetch GET 200 https://registry.npmjs.org/neo-async/-/neo-async-2.6.2.tgz 50141ms (cache miss)
3422 timing reifyNode:node_modules/neo-async Completed in 52755ms
3423 http fetch GET 200 https://registry.npmjs.org/find-my-way/-/find-my-way-8.1.0.tgz 50030ms (cache miss)
3424 timing reifyNode:node_modules/find-my-way Completed in 52878ms
3425 http fetch GET 200 https://registry.npmjs.org/markdown-it/-/markdown-it-13.0.2.tgz 50368ms (cache miss)
3426 timing reifyNode:node_modules/markdown-it Completed in 53033ms
3427 http fetch GET 200 https://registry.npmjs.org/@fastify/view/-/view-9.0.0.tgz 49879ms (cache miss)
3428 timing reifyNode:node_modules/@fastify/view Completed in 53284ms
3429 http fetch GET 200 https://registry.npmjs.org/rimraf/-/rimraf-5.0.5.tgz 50524ms (cache miss)
3430 http fetch GET 200 https://registry.npmjs.org/webpack 52237ms (cache miss)
3431 timing metavuln:packument:webpack Completed in 52289ms
3432 timing metavuln:load:security-advisory:webpack:1099351 Completed in 34ms
3433 http fetch GET 200 https://registry.npmjs.org/@babel/helpers/-/helpers-7.24.4.tgz 50821ms (cache miss)
3434 timing reifyNode:node_modules/@babel/helpers Completed in 54132ms
3435 http fetch GET 200 https://registry.npmjs.org/@babel/traverse/-/traverse-7.24.1.tgz 50888ms (cache miss)
3436 timing reifyNode:node_modules/@babel/traverse Completed in 54182ms
3437 timing reifyNode:node_modules/npm-check-updates/node_modules/rimraf Completed in 54287ms
3438 http fetch GET 200 https://registry.npmjs.org/db-errors/-/db-errors-0.2.3.tgz 51372ms (cache miss)
3439 timing reifyNode:node_modules/db-errors Completed in 54472ms
3440 http fetch GET 200 https://registry.npmjs.org/@babel/parser/-/parser-7.24.4.tgz 51245ms (cache miss)
3441 timing reifyNode:node_modules/@babel/parser Completed in 54553ms
3442 http fetch GET 200 https://registry.npmjs.org/js-beautify/-/js-beautify-1.15.1.tgz 52153ms (cache miss)
3443 timing reifyNode:node_modules/js-beautify Completed in 54850ms
3444 timing metavuln:cache:put:security-advisory:webpack:7Pl1j4sHKhCQAEccTmt3XZIEEazRzvyC0TOx07N0G7o5OIhhZ0j0Ji3KSCbTwfmCR/2OHJ3Mx5ZmedDQEQeBbg== Completed in 703ms
3445 timing metavuln:calculate:security-advisory:webpack:1099351 Completed in 53029ms
3446 timing metavuln:cache:get:security-advisory:@babel/core:rHFDgAPDp/sCXbJTVH1CD++gRwqnDm1l5hjqv1UshTfFC03lkAXjHj5sWn7bV61VhpDSBibBqnzYuoOuIJuY0Q== Completed in 45ms
3447 http fetch GET 200 https://registry.npmjs.org/@types/validator/-/validator-13.11.9.tgz 51889ms (cache miss)
3448 http fetch GET 200 https://registry.npmjs.org/ajv-keywords/-/ajv-keywords-5.1.0.tgz 51730ms (cache miss)
3449 timing reifyNode:node_modules/schema-utils/node_modules/ajv-keywords Completed in 55237ms
3450 timing reifyNode:node_modules/@types/validator Completed in 55191ms
3451 http fetch GET 200 https://registry.npmjs.org/ajv/-/ajv-6.12.6.tgz 52643ms (cache miss)
3452 timing reifyNode:node_modules/ajv Completed in 55748ms
3453 http fetch GET 200 https://registry.npmjs.org/resolve/-/resolve-1.22.8.tgz 53463ms (cache miss)
3454 timing reifyNode:node_modules/resolve Completed in 55919ms
3455 http fetch GET 200 https://registry.npmjs.org/type/-/type-2.7.2.tgz 53933ms (cache miss)
3456 timing reifyNode:node_modules/type Completed in 56364ms
3457 http fetch GET 200 https://registry.npmjs.org/@fastify/static/-/static-7.0.3.tgz 53210ms (cache miss)
3458 timing reifyNode:node_modules/@fastify/static Completed in 56597ms
3459 http fetch GET 200 https://registry.npmjs.org/@babel%2fcore 1904ms (cache miss)
3460 timing metavuln:packument:@babel/core Completed in 1910ms
3461 timing metavuln:load:security-advisory:@babel/core:+NsF1flAI8VENgJn0XVIWaC4lCe3b89AZgBOx219qXn/BdXH1EWl/yD49aHbhQimIG4kna8zgkunsmpiAVwNPQ== Completed in 94ms
3462 http fetch GET 200 https://registry.npmjs.org/terser/-/terser-5.30.4.tgz 54601ms (cache miss)
3463 timing reifyNode:node_modules/terser Completed in 56961ms
3464 http fetch GET 200 https://registry.npmjs.org/@types/node/-/node-20.12.7.tgz 53758ms (cache miss)
3465 timing reifyNode:node_modules/@types/node Completed in 57031ms
3466 http fetch GET 200 https://registry.npmjs.org/moment-timezone/-/moment-timezone-0.5.45.tgz 54699ms (cache miss)
3467 timing reifyNode:node_modules/moment-timezone Completed in 57318ms
3468 http fetch GET 200 https://registry.npmjs.org/@babel/core/-/core-7.24.4.tgz 53905ms (cache miss)
3469 timing reifyNode:node_modules/@babel/core Completed in 57339ms
3470 timing metavuln:cache:put:security-advisory:@babel/core:rHFDgAPDp/sCXbJTVH1CD++gRwqnDm1l5hjqv1UshTfFC03lkAXjHj5sWn7bV61VhpDSBibBqnzYuoOuIJuY0Q== Completed in 533ms
3471 timing metavuln:calculate:security-advisory:@babel/core:+NsF1flAI8VENgJn0XVIWaC4lCe3b89AZgBOx219qXn/BdXH1EWl/yD49aHbhQimIG4kna8zgkunsmpiAVwNPQ== Completed in 2539ms
3472 timing metavuln:cache:get:security-advisory:date-fns:kHMTVg+O95Y0EFfM2HO1mb7SZ4p5vWeiW1gikHyGe2x3c6+UXU8uqt+wXkUDmiXnjlJPeS0xt/QOsr/K++6P+Q== Completed in 30ms
3473 timing metavuln:cache:get:security-advisory:i18next:l4tbfjbVOZGuH/00FuoHxAf5DtkJBCMqzu0CQ4juWz1pfNe0diGF78qD/NikjjOQugC9THUj3QGPzO/X2ByTaQ== Completed in 30ms
3474 http fetch GET 200 https://registry.npmjs.org/eslint-plugin-import/-/eslint-plugin-import-2.29.1.tgz 54561ms (cache miss)
3475 timing reifyNode:node_modules/eslint-plugin-import Completed in 57590ms
3476 http fetch GET 200 https://registry.npmjs.org/@babel/runtime/-/runtime-7.24.4.tgz 54542ms (cache miss)
3477 timing reifyNode:node_modules/@babel/runtime Completed in 57840ms
3478 http fetch GET 200 https://registry.npmjs.org/jquery/-/jquery-3.7.1.tgz 55556ms (cache miss)
3479 timing reifyNode:node_modules/jquery Completed in 58262ms
3480 http fetch GET 200 https://registry.npmjs.org/sqlite3/-/sqlite3-5.1.7.tgz 56015ms (cache miss)
3481 http fetch GET 200 https://registry.npmjs.org/@vscode/sqlite3/-/sqlite3-5.1.2.tgz 55185ms (cache miss)
3482 timing reifyNode:node_modules/sqlite3 Completed in 58472ms
3483 timing reifyNode:node_modules/@vscode/sqlite3 Completed in 58382ms
3484 http fetch GET 200 https://registry.npmjs.org/date-fns 1502ms (cache miss)
3485 timing metavuln:packument:date-fns Completed in 1511ms
3486 timing metavuln:load:security-advisory:date-fns:xDaNmlS3J8LRk7IfDb7e9Gp3gcy/xDr1QZXCKC997SMkqKVemm2guY9vQpRI6omD11L5cfCI+STpoAdxUgnVsA== Completed in 5ms
3487 timing metavuln:cache:put:security-advisory:date-fns:kHMTVg+O95Y0EFfM2HO1mb7SZ4p5vWeiW1gikHyGe2x3c6+UXU8uqt+wXkUDmiXnjlJPeS0xt/QOsr/K++6P+Q== Completed in 3205ms
3488 timing metavuln:calculate:security-advisory:date-fns:xDaNmlS3J8LRk7IfDb7e9Gp3gcy/xDr1QZXCKC997SMkqKVemm2guY9vQpRI6omD11L5cfCI+STpoAdxUgnVsA== Completed in 4724ms
3489 http fetch GET 200 https://registry.npmjs.org/validator/-/validator-13.11.0.tgz 60083ms (cache miss)
3490 timing reifyNode:node_modules/validator Completed in 62333ms
3491 http fetch GET 200 https://registry.npmjs.org/pino/-/pino-8.20.0.tgz 60251ms (cache miss)
3492 timing reifyNode:node_modules/pino Completed in 62880ms
3493 http fetch GET 200 https://registry.npmjs.org/fastify-cli/-/fastify-cli-6.1.1.tgz 60172ms (cache miss)
3494 timing reifyNode:node_modules/fastify-cli Completed in 63112ms
3495 http fetch GET 200 https://registry.npmjs.org/node-gyp/-/node-gyp-8.4.1.tgz 59826ms (cache miss)
3496 timing reifyNode:node_modules/sqlite3/node_modules/node-gyp Completed in 63409ms
3497 http fetch GET 200 https://registry.npmjs.org/npm-check-updates/-/npm-check-updates-16.14.18.tgz 60794ms (cache miss)
3498 timing reifyNode:node_modules/npm-check-updates Completed in 63397ms
3499 http fetch GET 200 https://registry.npmjs.org/node-gyp/-/node-gyp-9.4.1.tgz 60893ms (cache miss)
3500 http fetch GET 200 https://registry.npmjs.org/objection/-/objection-3.1.4.tgz 60938ms (cache miss)
3501 timing reifyNode:node_modules/objection Completed in 63528ms
3502 timing reifyNode:node_modules/node-gyp Completed in 63570ms
3503 http fetch GET 200 https://registry.npmjs.org/i18next 6629ms (cache miss)
3504 timing metavuln:packument:i18next Completed in 6644ms
3505 timing metavuln:load:security-advisory:i18next:xDaNmlS3J8LRk7IfDb7e9Gp3gcy/xDr1QZXCKC997SMkqKVemm2guY9vQpRI6omD11L5cfCI+STpoAdxUgnVsA== Completed in 19ms
3506 timing metavuln:cache:put:security-advisory:i18next:l4tbfjbVOZGuH/00FuoHxAf5DtkJBCMqzu0CQ4juWz1pfNe0diGF78qD/NikjjOQugC9THUj3QGPzO/X2ByTaQ== Completed in 420ms
3507 timing metavuln:calculate:security-advisory:i18next:xDaNmlS3J8LRk7IfDb7e9Gp3gcy/xDr1QZXCKC997SMkqKVemm2guY9vQpRI6omD11L5cfCI+STpoAdxUgnVsA== Completed in 7085ms
3508 timing metavuln:cache:get:security-advisory:@istanbuljs/load-nyc-config:T9S0OQQMxW5zdMrXoDjmJBnhRtKQHnxtbENf/QV9Crt1sKZg/n1uMv4N+dU0Huy5Yn0o9MxH2O/7pTlNbI3C7Q== Completed in 34ms
3509 http fetch GET 200 https://registry.npmjs.org/knex/-/knex-2.5.1.tgz 61068ms (cache miss)
3510 timing reifyNode:node_modules/fastify-objectionjs/node_modules/knex Completed in 64637ms
3511 http fetch GET 200 https://registry.npmjs.org/knex/-/knex-3.1.0.tgz 62178ms (cache miss)
3512 timing reifyNode:node_modules/knex Completed in 64850ms
3513 http fetch GET 200 https://registry.npmjs.org/@babel/types/-/types-7.24.0.tgz 61712ms (cache miss)
3514 http fetch GET 200 https://registry.npmjs.org/@istanbuljs%2fload-nyc-config 563ms (cache miss)
3515 timing metavuln:packument:@istanbuljs/load-nyc-config Completed in 565ms
3516 timing metavuln:load:security-advisory:@istanbuljs/load-nyc-config:65b3Thny9zqgdMkalyHLdmcDK6CL3cXqwzGSHgG7z+s7lSOEQyy11Padf2Ni+cdV+U+n4NhCdYXOrjRqH+u9rw== Completed in 0ms
3517 timing reifyNode:node_modules/@babel/types Completed in 65059ms
3518 timing metavuln:cache:put:security-advisory:@istanbuljs/load-nyc-config:T9S0OQQMxW5zdMrXoDjmJBnhRtKQHnxtbENf/QV9Crt1sKZg/n1uMv4N+dU0Huy5Yn0o9MxH2O/7pTlNbI3C7Q== Completed in 317ms
3519 timing metavuln:calculate:security-advisory:@istanbuljs/load-nyc-config:65b3Thny9zqgdMkalyHLdmcDK6CL3cXqwzGSHgG7z+s7lSOEQyy11Padf2Ni+cdV+U+n4NhCdYXOrjRqH+u9rw== Completed in 885ms
3520 timing metavuln:cache:get:security-advisory:@eslint/eslintrc:UP2DML+IfjXEG1KWnzNFAZZGzarAqaxZPa2FYiwl1Js5+ufkIFvJEjWsf/g80SxmrGSlH97E3JgIDXTyw4QxjA== Completed in 21ms
3521 timing metavuln:cache:get:security-advisory:eslint:xYvuncq9cShTYrutIGdVszO7Yia26HjIDorQK4IKm0fZZopPmgQAyTkvQH8SN/BDbsVEYVNJsmPCGztGRhchtA== Completed in 19ms
3522 timing metavuln:cache:get:security-advisory:npm-check-updates:lNUf7M3p2r6u7r2odSCYD6S3FSHXM1Qtq3u5bFSeLcWL3w6n/waQpH9RP+Ljeyg1q3pHty4on1p9h+zwTsGgyQ== Completed in 19ms
3523 timing metavuln:cache:get:security-advisory:rc-config-loader:cAseKU3XzEKAPZ/ncM4gK/18T2q7HYG1BKFDm2faRVd+cGAG6DfJPO4/jkxpReV/UXFx/tBupk/QhxDZN0llNQ== Completed in 21ms
3524 http fetch GET 200 https://registry.npmjs.org/@popperjs/core/-/core-2.11.8.tgz 62239ms (cache miss)
3525 timing reifyNode:node_modules/@popperjs/core Completed in 65492ms
3526 http fetch GET 200 https://registry.npmjs.org/rc-config-loader 617ms (cache miss)
3527 timing metavuln:packument:rc-config-loader Completed in 619ms
3528 timing metavuln:load:security-advisory:rc-config-loader:yGSj5274Ams433CsyehDD+P4WUKyuLOpK//TbH3mEQCEFPIfftI6xf9Dn6ja4Gk3wbxesLSyk27RheFgsrhZaw== Completed in 2ms
3529 http fetch GET 200 https://registry.npmjs.org/@eslint%2feslintrc 911ms (cache miss)
3530 timing metavuln:packument:@eslint/eslintrc Completed in 913ms
3531 timing metavuln:load:security-advisory:@eslint/eslintrc:yGSj5274Ams433CsyehDD+P4WUKyuLOpK//TbH3mEQCEFPIfftI6xf9Dn6ja4Gk3wbxesLSyk27RheFgsrhZaw== Completed in 2ms
3532 timing metavuln:cache:put:security-advisory:rc-config-loader:cAseKU3XzEKAPZ/ncM4gK/18T2q7HYG1BKFDm2faRVd+cGAG6DfJPO4/jkxpReV/UXFx/tBupk/QhxDZN0llNQ== Completed in 363ms
3533 timing metavuln:calculate:security-advisory:rc-config-loader:yGSj5274Ams433CsyehDD+P4WUKyuLOpK//TbH3mEQCEFPIfftI6xf9Dn6ja4Gk3wbxesLSyk27RheFgsrhZaw== Completed in 986ms
3534 timing metavuln:cache:put:security-advisory:@eslint/eslintrc:UP2DML+IfjXEG1KWnzNFAZZGzarAqaxZPa2FYiwl1Js5+ufkIFvJEjWsf/g80SxmrGSlH97E3JgIDXTyw4QxjA== Completed in 287ms
3535 timing metavuln:calculate:security-advisory:@eslint/eslintrc:yGSj5274Ams433CsyehDD+P4WUKyuLOpK//TbH3mEQCEFPIfftI6xf9Dn6ja4Gk3wbxesLSyk27RheFgsrhZaw== Completed in 1202ms
3536 http fetch GET 200 https://registry.npmjs.org/eslint 2306ms (cache miss)
3537 timing metavuln:packument:eslint Completed in 2324ms
3538 timing metavuln:load:security-advisory:eslint:yGSj5274Ams433CsyehDD+P4WUKyuLOpK//TbH3mEQCEFPIfftI6xf9Dn6ja4Gk3wbxesLSyk27RheFgsrhZaw== Completed in 6ms
3539 timing metavuln:cache:put:security-advisory:eslint:xYvuncq9cShTYrutIGdVszO7Yia26HjIDorQK4IKm0fZZopPmgQAyTkvQH8SN/BDbsVEYVNJsmPCGztGRhchtA== Completed in 280ms
3540 timing metavuln:calculate:security-advisory:eslint:yGSj5274Ams433CsyehDD+P4WUKyuLOpK//TbH3mEQCEFPIfftI6xf9Dn6ja4Gk3wbxesLSyk27RheFgsrhZaw== Completed in 2612ms
3541 http fetch GET 200 https://registry.npmjs.org/npm-check-updates 2811ms (cache miss)
3542 timing metavuln:packument:npm-check-updates Completed in 2825ms
3543 timing metavuln:load:security-advisory:npm-check-updates:yGSj5274Ams433CsyehDD+P4WUKyuLOpK//TbH3mEQCEFPIfftI6xf9Dn6ja4Gk3wbxesLSyk27RheFgsrhZaw== Completed in 9ms
3544 http fetch GET 200 https://registry.npmjs.org/es5-ext/-/es5-ext-0.10.64.tgz 65453ms (cache miss)
3545 timing reifyNode:node_modules/es5-ext Completed in 68364ms
3546 timing metavuln:cache:put:security-advisory:npm-check-updates:lNUf7M3p2r6u7r2odSCYD6S3FSHXM1Qtq3u5bFSeLcWL3w6n/waQpH9RP+Ljeyg1q3pHty4on1p9h+zwTsGgyQ== Completed in 276ms
3547 timing metavuln:calculate:security-advisory:npm-check-updates:yGSj5274Ams433CsyehDD+P4WUKyuLOpK//TbH3mEQCEFPIfftI6xf9Dn6ja4Gk3wbxesLSyk27RheFgsrhZaw== Completed in 3110ms
3548 timing metavuln:cache:get:security-advisory:@fastify/static:TJO1f5BqMO4qMGONrc+X2aE91hAeJVEa64O46oNWsNPJu2NMTiGs2lLdmyRmAW0v3iBC5Nb7yZi+GFX0dYya2A== Completed in 21ms
3549 timing metavuln:cache:get:security-advisory:cacache:jgcnDPpQA6Pd0WUq11of4JS3nfZzFbYPGEiM5lXhkm38JNpJrS4nuiCNInBrG+RFBevWIak8ZWL+tkpr1DlzGg== Completed in 20ms
3550 timing metavuln:cache:get:security-advisory:js-beautify:Vg4oCCAQB/t0zzprsEbdJg6TgVHuRJw0PRholaLu8gEgXPNwujG9YYkL+R6A/jlFVJswJIA/24mjV0y67XN7RQ== Completed in 20ms
3551 timing metavuln:cache:get:security-advisory:rimraf:U6dWjEG+wBLaAeoUiIjGQdamS87vxL0a3IcTpkHufDNqr9Eagu7/CvMBwQallZVI2Pl2lkAMB2WJoO94XiR/Rw== Completed in 20ms
3552 timing metavuln:cache:get:security-advisory:read-package-json:5WkYUYsTGprHudeNOjhfcYXDGB8eWDswOp2+aJWtp1ncEbaoiGa2Q1lkBQE7lR7C0v/5HFdS8ID7fdeWkZPMug== Completed in 20ms
3553 http fetch GET 200 https://registry.npmjs.org/fastify/-/fastify-4.26.2.tgz 65889ms (cache miss)
3554 timing reifyNode:node_modules/fastify Completed in 68793ms
3555 http fetch GET 200 https://registry.npmjs.org/read-package-json 708ms (cache miss)
3556 timing metavuln:packument:read-package-json Completed in 710ms
3557 timing metavuln:load:security-advisory:read-package-json:NTB2XjbDOgk4lkd8PZ3tUAm1F3E/ohGF6rl9/3LEO7Z0FDzSR5nWwzd3nUENA3NCNdyeR+35DOC12wPml2IV+g== Completed in 5ms
3558 http fetch GET 200 https://registry.npmjs.org/rimraf 736ms (cache miss)
3559 timing metavuln:packument:rimraf Completed in 739ms
3560 timing metavuln:load:security-advisory:rimraf:NTB2XjbDOgk4lkd8PZ3tUAm1F3E/ohGF6rl9/3LEO7Z0FDzSR5nWwzd3nUENA3NCNdyeR+35DOC12wPml2IV+g== Completed in 13ms
3561 http fetch GET 200 https://registry.npmjs.org/@fastify%2fstatic 761ms (cache miss)
3562 timing metavuln:packument:@fastify/static Completed in 763ms
3563 timing metavuln:load:security-advisory:@fastify/static:NTB2XjbDOgk4lkd8PZ3tUAm1F3E/ohGF6rl9/3LEO7Z0FDzSR5nWwzd3nUENA3NCNdyeR+35DOC12wPml2IV+g== Completed in 1ms
3564 http fetch GET 200 https://registry.npmjs.org/js-beautify 773ms (cache miss)
3565 timing metavuln:packument:js-beautify Completed in 775ms
3566 timing metavuln:load:security-advisory:js-beautify:NTB2XjbDOgk4lkd8PZ3tUAm1F3E/ohGF6rl9/3LEO7Z0FDzSR5nWwzd3nUENA3NCNdyeR+35DOC12wPml2IV+g== Completed in 4ms
3567 http fetch GET 200 https://registry.npmjs.org/cacache 861ms (cache miss)
3568 timing metavuln:packument:cacache Completed in 865ms
3569 timing metavuln:load:security-advisory:cacache:NTB2XjbDOgk4lkd8PZ3tUAm1F3E/ohGF6rl9/3LEO7Z0FDzSR5nWwzd3nUENA3NCNdyeR+35DOC12wPml2IV+g== Completed in 2ms
3570 timing metavuln:cache:put:security-advisory:read-package-json:5WkYUYsTGprHudeNOjhfcYXDGB8eWDswOp2+aJWtp1ncEbaoiGa2Q1lkBQE7lR7C0v/5HFdS8ID7fdeWkZPMug== Completed in 318ms
3571 timing metavuln:calculate:security-advisory:read-package-json:NTB2XjbDOgk4lkd8PZ3tUAm1F3E/ohGF6rl9/3LEO7Z0FDzSR5nWwzd3nUENA3NCNdyeR+35DOC12wPml2IV+g== Completed in 1035ms
3572 timing metavuln:cache:put:security-advisory:rimraf:U6dWjEG+wBLaAeoUiIjGQdamS87vxL0a3IcTpkHufDNqr9Eagu7/CvMBwQallZVI2Pl2lkAMB2WJoO94XiR/Rw== Completed in 311ms
3573 timing metavuln:calculate:security-advisory:rimraf:NTB2XjbDOgk4lkd8PZ3tUAm1F3E/ohGF6rl9/3LEO7Z0FDzSR5nWwzd3nUENA3NCNdyeR+35DOC12wPml2IV+g== Completed in 1065ms
3574 timing metavuln:cache:put:security-advisory:@fastify/static:TJO1f5BqMO4qMGONrc+X2aE91hAeJVEa64O46oNWsNPJu2NMTiGs2lLdmyRmAW0v3iBC5Nb7yZi+GFX0dYya2A== Completed in 329ms
3575 timing metavuln:calculate:security-advisory:@fastify/static:NTB2XjbDOgk4lkd8PZ3tUAm1F3E/ohGF6rl9/3LEO7Z0FDzSR5nWwzd3nUENA3NCNdyeR+35DOC12wPml2IV+g== Completed in 1096ms
3576 timing metavuln:cache:put:security-advisory:js-beautify:Vg4oCCAQB/t0zzprsEbdJg6TgVHuRJw0PRholaLu8gEgXPNwujG9YYkL+R6A/jlFVJswJIA/24mjV0y67XN7RQ== Completed in 331ms
3577 timing metavuln:calculate:security-advisory:js-beautify:NTB2XjbDOgk4lkd8PZ3tUAm1F3E/ohGF6rl9/3LEO7Z0FDzSR5nWwzd3nUENA3NCNdyeR+35DOC12wPml2IV+g== Completed in 1112ms
3578 timing metavuln:cache:put:security-advisory:cacache:jgcnDPpQA6Pd0WUq11of4JS3nfZzFbYPGEiM5lXhkm38JNpJrS4nuiCNInBrG+RFBevWIak8ZWL+tkpr1DlzGg== Completed in 339ms
3579 timing metavuln:calculate:security-advisory:cacache:NTB2XjbDOgk4lkd8PZ3tUAm1F3E/ohGF6rl9/3LEO7Z0FDzSR5nWwzd3nUENA3NCNdyeR+35DOC12wPml2IV+g== Completed in 1208ms
3580 timing metavuln:cache:get:security-advisory:minimatch:EdzP79sukXfwnaTxyFO/a1+fXPBBvIH9NlsgWGTGWGSpQkNPxYQxFaMxiKCAwfckwBABbsvD1jCrk+QZ4W56Rw== Completed in 21ms
3581 http fetch GET 200 https://registry.npmjs.org/ajv/-/ajv-8.12.0.tgz 66192ms (cache miss)
3582 http fetch GET 200 https://registry.npmjs.org/sequelize/-/sequelize-6.37.3.tgz 67500ms (cache miss)
3583 timing reifyNode:node_modules/@fastify/ajv-compiler/node_modules/ajv Completed in 69889ms
3584 timing reifyNode:node_modules/sequelize Completed in 70051ms
3585 http fetch GET 200 https://registry.npmjs.org/ajv/-/ajv-8.12.0.tgz 66512ms (cache miss)
3586 http fetch GET 200 https://registry.npmjs.org/ajv/-/ajv-8.11.0.tgz 66585ms (cache miss)
3587 timing reifyNode:node_modules/schema-utils/node_modules/ajv Completed in 70090ms
3588 http fetch GET 200 https://registry.npmjs.org/ajv/-/ajv-8.12.0.tgz 66446ms (cache miss)
3589 http fetch GET 200 https://registry.npmjs.org/ajv/-/ajv-8.11.0.tgz 66394ms (cache miss)
3590 timing reifyNode:node_modules/objection/node_modules/ajv Completed in 70095ms
3591 timing reifyNode:node_modules/fast-json-stringify/node_modules/ajv Completed in 70058ms
3592 timing reifyNode:node_modules/ajv-formats/node_modules/ajv Completed in 70037ms
3593 http fetch GET 200 https://registry.npmjs.org/better-sqlite3/-/better-sqlite3-8.7.0.tgz 67015ms (cache miss)
3594 timing reifyNode:node_modules/better-sqlite3 Completed in 70094ms
3595 http fetch GET 200 https://registry.npmjs.org/minimatch 665ms (cache miss)
3596 timing metavuln:packument:minimatch Completed in 667ms
3597 timing metavuln:load:security-advisory:minimatch:7IQMvcVTr+svbh5KCx4Kl6FQKJ1GciM03BnJAve/5WYJjUeRzKAIrStVpfachbl3T6a7o8nYlQEVG6Ih0TNXRg== Completed in 3ms
3598 timing metavuln:cache:put:security-advisory:minimatch:EdzP79sukXfwnaTxyFO/a1+fXPBBvIH9NlsgWGTGWGSpQkNPxYQxFaMxiKCAwfckwBABbsvD1jCrk+QZ4W56Rw== Completed in 164ms
3599 timing metavuln:calculate:security-advisory:minimatch:7IQMvcVTr+svbh5KCx4Kl6FQKJ1GciM03BnJAve/5WYJjUeRzKAIrStVpfachbl3T6a7o8nYlQEVG6Ih0TNXRg== Completed in 836ms
3600 timing metavuln:cache:get:security-advisory:minimatch:47aVejY8/1KnEnFlTo+uF90a7w1XvtOjMP1i7DvyX4+jxy/wlG4RjX1rMW+bmptQMpL8TSkcMyWTMH7gxl9Fpg== Completed in 9ms
3601 timing metavuln:load:security-advisory:minimatch:mClmYqWawCNXseeTBHWiIwZH/2CmFUqPCmosJIeOhAgD9z1v3SayhHAwaWVo8wmeKU/JN9VP4zDBeXaqy3Ay2A== Completed in 3ms
3602 timing metavuln:cache:put:security-advisory:minimatch:47aVejY8/1KnEnFlTo+uF90a7w1XvtOjMP1i7DvyX4+jxy/wlG4RjX1rMW+bmptQMpL8TSkcMyWTMH7gxl9Fpg== Completed in 159ms
3603 timing metavuln:calculate:security-advisory:minimatch:mClmYqWawCNXseeTBHWiIwZH/2CmFUqPCmosJIeOhAgD9z1v3SayhHAwaWVo8wmeKU/JN9VP4zDBeXaqy3Ay2A== Completed in 173ms
3604 timing metavuln:cache:get:security-advisory:chokidar:LU+YLfVnn6vFXVAvnsGqd58Rz8g6tJ60ZMP+wazsDeQPoFbTHjxfCKIpn7lW6acFOIKvNjhthFMXqTIaWevt+w== Completed in 10ms
3605 timing metavuln:cache:get:security-advisory:micromatch:KLlQrQSexijh/BbB4FSM3fP0/MIDSj3iMiApgG1JwuVrHt48fzZ8fAIdgNu2TyvXdqnfHV2kIjol+N5OzsIiGQ== Completed in 10ms
3606 timing metavuln:load:security-advisory:micromatch:JiXBFkEDkUnBQLw3PO6emUmmm2JXqgEbh+FhB3SNDS8k6Z0wM20irrfaOjjxYuMxZaKaDudvR037mtEoeqZzXw== Completed in 7ms
3607 timing metavuln:cache:put:security-advisory:micromatch:KLlQrQSexijh/BbB4FSM3fP0/MIDSj3iMiApgG1JwuVrHt48fzZ8fAIdgNu2TyvXdqnfHV2kIjol+N5OzsIiGQ== Completed in 195ms
3608 timing metavuln:calculate:security-advisory:micromatch:JiXBFkEDkUnBQLw3PO6emUmmm2JXqgEbh+FhB3SNDS8k6Z0wM20irrfaOjjxYuMxZaKaDudvR037mtEoeqZzXw== Completed in 214ms
3609 http fetch GET 200 https://registry.npmjs.org/eslint/-/eslint-8.57.0.tgz 68132ms (cache miss)
3610 timing reifyNode:node_modules/eslint Completed in 71042ms
3611 http fetch GET 200 https://registry.npmjs.org/chokidar 398ms (cache miss)
3612 timing metavuln:packument:chokidar Completed in 402ms
3613 timing metavuln:load:security-advisory:chokidar:JiXBFkEDkUnBQLw3PO6emUmmm2JXqgEbh+FhB3SNDS8k6Z0wM20irrfaOjjxYuMxZaKaDudvR037mtEoeqZzXw== Completed in 3ms
3614 timing metavuln:cache:put:security-advisory:chokidar:LU+YLfVnn6vFXVAvnsGqd58Rz8g6tJ60ZMP+wazsDeQPoFbTHjxfCKIpn7lW6acFOIKvNjhthFMXqTIaWevt+w== Completed in 202ms
3615 timing metavuln:calculate:security-advisory:chokidar:JiXBFkEDkUnBQLw3PO6emUmmm2JXqgEbh+FhB3SNDS8k6Z0wM20irrfaOjjxYuMxZaKaDudvR037mtEoeqZzXw== Completed in 610ms
3616 timing metavuln:cache:get:security-advisory:youch:GCj7wAVwXmpdpHsZ3FBltk4ddq703nJZceXkq77o3f+gaNLubEhWMdGOuTbsQUIPAj4PXvzoyIJlnaLab4wWyA== Completed in 12ms
3617 timing metavuln:cache:get:security-advisory:light-my-request:UfYeYMGFnlVOh6z1dqFizSqjGi7YyyQMRc3JQ1VnZ/OBVx1zGC6e+b6mEKG/IaRMMtjP5WJ2749QJ6iB38mozA== Completed in 13ms
3618 http fetch GET 200 https://registry.npmjs.org/youch 342ms (cache miss)
3619 timing metavuln:packument:youch Completed in 345ms
3620 timing metavuln:load:security-advisory:youch:EFt7h/FZLeopARa06+F2CBY5ItUm007mP/cHgZjTJZX1MeIwg3JD7toSioRoDeE8wm5VdkimqlS+CnuPhZqbIg== Completed in 3ms
3621 http fetch GET 200 https://registry.npmjs.org/light-my-request 389ms (cache miss)
3622 timing metavuln:packument:light-my-request Completed in 392ms
3623 timing metavuln:load:security-advisory:light-my-request:EFt7h/FZLeopARa06+F2CBY5ItUm007mP/cHgZjTJZX1MeIwg3JD7toSioRoDeE8wm5VdkimqlS+CnuPhZqbIg== Completed in 6ms
3624 timing metavuln:cache:put:security-advisory:youch:GCj7wAVwXmpdpHsZ3FBltk4ddq703nJZceXkq77o3f+gaNLubEhWMdGOuTbsQUIPAj4PXvzoyIJlnaLab4wWyA== Completed in 177ms
3625 timing metavuln:calculate:security-advisory:youch:EFt7h/FZLeopARa06+F2CBY5ItUm007mP/cHgZjTJZX1MeIwg3JD7toSioRoDeE8wm5VdkimqlS+CnuPhZqbIg== Completed in 527ms
3626 timing metavuln:cache:put:security-advisory:light-my-request:UfYeYMGFnlVOh6z1dqFizSqjGi7YyyQMRc3JQ1VnZ/OBVx1zGC6e+b6mEKG/IaRMMtjP5WJ2749QJ6iB38mozA== Completed in 168ms
3627 timing metavuln:calculate:security-advisory:light-my-request:EFt7h/FZLeopARa06+F2CBY5ItUm007mP/cHgZjTJZX1MeIwg3JD7toSioRoDeE8wm5VdkimqlS+CnuPhZqbIg== Completed in 568ms
3628 timing metavuln:cache:get:security-advisory:eslint:Ne/yNy0L08mqT6jqvFBG8ZHWrqAHuxGdNEOgZtub3Su4R2LUTaqbxpX8S30zZ7tis85Jmwxbqft0hpk4j9A12Q== Completed in 10ms
3629 timing metavuln:load:security-advisory:eslint:PBcc/5P1UEO/1Ba/jUNR65wOzs1wU0Y+m+OOSfB57dG5EajzjbqRMRm0l7MWqcJgHDYM5GoZ36Hm7qAYFlIH3A== Completed in 8ms
3630 timing metavuln:cache:get:security-advisory:spawn-please:BphxFlmJVCef0edSeSF2BBo1sZe5hLcWnzmHf+irjeKMNwbxNw9WEGlLkVE/W1BkHcitZjhQlZeuv4+pMFyKkA== Completed in 17ms
3631 timing metavuln:cache:get:security-advisory:execa:NWBEPrq1Krr7nahht+VdDSoXe5QCSkDBW+KpXfGL4TrZAModumScH8x3aPKXTD343uDMIN2l7nchl5/7a95SBQ== Completed in 21ms
3632 timing metavuln:cache:get:security-advisory:foreground-child:cZpBeVkHEpw8jHC+EKy88Laxrd1ur7RE5Fx7lVjtRJXjrwMFQVN00FKtYlT+IVZhQkq/19Fig8voVSYNZLEz1A== Completed in 20ms
3633 timing metavuln:cache:get:security-advisory:webpack-cli:H2hTN4ZrDsX5Zga3r5FRbvgrU/fAJrT+jD7Bz8Z/htxanE2nyrKoffoyQCLOAfjqlf9EjPscG8l86nb6rOFcdg== Completed in 17ms
3634 timing metavuln:cache:put:security-advisory:eslint:Ne/yNy0L08mqT6jqvFBG8ZHWrqAHuxGdNEOgZtub3Su4R2LUTaqbxpX8S30zZ7tis85Jmwxbqft0hpk4j9A12Q== Completed in 179ms
3635 timing metavuln:calculate:security-advisory:eslint:PBcc/5P1UEO/1Ba/jUNR65wOzs1wU0Y+m+OOSfB57dG5EajzjbqRMRm0l7MWqcJgHDYM5GoZ36Hm7qAYFlIH3A== Completed in 199ms
3636 http fetch GET 200 https://registry.npmjs.org/foreground-child 306ms (cache miss)
3637 timing metavuln:packument:foreground-child Completed in 307ms
3638 timing metavuln:load:security-advisory:foreground-child:PBcc/5P1UEO/1Ba/jUNR65wOzs1wU0Y+m+OOSfB57dG5EajzjbqRMRm0l7MWqcJgHDYM5GoZ36Hm7qAYFlIH3A== Completed in 1ms
3639 http fetch GET 200 https://registry.npmjs.org/spawn-please 330ms (cache miss)
3640 timing metavuln:packument:spawn-please Completed in 331ms
3641 timing metavuln:load:security-advisory:spawn-please:PBcc/5P1UEO/1Ba/jUNR65wOzs1wU0Y+m+OOSfB57dG5EajzjbqRMRm0l7MWqcJgHDYM5GoZ36Hm7qAYFlIH3A== Completed in 0ms
3642 http fetch GET 200 https://registry.npmjs.org/execa 515ms (cache miss)
3643 timing metavuln:packument:execa Completed in 518ms
3644 timing metavuln:load:security-advisory:execa:PBcc/5P1UEO/1Ba/jUNR65wOzs1wU0Y+m+OOSfB57dG5EajzjbqRMRm0l7MWqcJgHDYM5GoZ36Hm7qAYFlIH3A== Completed in 1ms
3645 timing metavuln:cache:put:security-advisory:foreground-child:cZpBeVkHEpw8jHC+EKy88Laxrd1ur7RE5Fx7lVjtRJXjrwMFQVN00FKtYlT+IVZhQkq/19Fig8voVSYNZLEz1A== Completed in 211ms
3646 timing metavuln:calculate:security-advisory:foreground-child:PBcc/5P1UEO/1Ba/jUNR65wOzs1wU0Y+m+OOSfB57dG5EajzjbqRMRm0l7MWqcJgHDYM5GoZ36Hm7qAYFlIH3A== Completed in 521ms
3647 http fetch GET 200 https://registry.npmjs.org/webpack-cli 522ms (cache miss)
3648 timing metavuln:packument:webpack-cli Completed in 528ms
3649 timing metavuln:load:security-advisory:webpack-cli:PBcc/5P1UEO/1Ba/jUNR65wOzs1wU0Y+m+OOSfB57dG5EajzjbqRMRm0l7MWqcJgHDYM5GoZ36Hm7qAYFlIH3A== Completed in 5ms
3650 timing metavuln:cache:put:security-advisory:spawn-please:BphxFlmJVCef0edSeSF2BBo1sZe5hLcWnzmHf+irjeKMNwbxNw9WEGlLkVE/W1BkHcitZjhQlZeuv4+pMFyKkA== Completed in 215ms
3651 timing metavuln:calculate:security-advisory:spawn-please:PBcc/5P1UEO/1Ba/jUNR65wOzs1wU0Y+m+OOSfB57dG5EajzjbqRMRm0l7MWqcJgHDYM5GoZ36Hm7qAYFlIH3A== Completed in 549ms
3652 timing metavuln:cache:put:security-advisory:execa:NWBEPrq1Krr7nahht+VdDSoXe5QCSkDBW+KpXfGL4TrZAModumScH8x3aPKXTD343uDMIN2l7nchl5/7a95SBQ== Completed in 194ms
3653 timing metavuln:calculate:security-advisory:execa:PBcc/5P1UEO/1Ba/jUNR65wOzs1wU0Y+m+OOSfB57dG5EajzjbqRMRm0l7MWqcJgHDYM5GoZ36Hm7qAYFlIH3A== Completed in 715ms
3654 timing metavuln:cache:put:security-advisory:webpack-cli:H2hTN4ZrDsX5Zga3r5FRbvgrU/fAJrT+jD7Bz8Z/htxanE2nyrKoffoyQCLOAfjqlf9EjPscG8l86nb6rOFcdg== Completed in 183ms
3655 timing metavuln:calculate:security-advisory:webpack-cli:PBcc/5P1UEO/1Ba/jUNR65wOzs1wU0Y+m+OOSfB57dG5EajzjbqRMRm0l7MWqcJgHDYM5GoZ36Hm7qAYFlIH3A== Completed in 719ms
3656 timing metavuln:cache:get:security-advisory:fastify:r+d4AOedJNNM2JvdD79Tj/5Xqtya7yxHwFWKqG0+AJKMFl1K4au+8puJfPaPI6uOm9P0a/JHng7JwWmTuMXQJg== Completed in 12ms
3657 http fetch GET 200 https://registry.npmjs.org/bootstrap/-/bootstrap-5.3.3.tgz 69816ms (cache miss)
3658 timing reifyNode:node_modules/bootstrap Completed in 72857ms
3659 http fetch GET 200 https://registry.npmjs.org/moment/-/moment-2.30.1.tgz 70577ms (cache miss)
3660 timing reifyNode:node_modules/moment Completed in 73229ms
3661 http fetch GET 200 https://registry.npmjs.org/fastify 682ms (cache miss)
3662 timing metavuln:packument:fastify Completed in 695ms
3663 timing metavuln:load:security-advisory:fastify:ncPGiupWBmuLy3osYbi6NeA3zAkV0H2ETbz204QySGfjGMvhOUrckXpvAqjVyzsYU9NNJZrPHuMSulTPi+/bfw== Completed in 15ms
3664 timing metavuln:cache:put:security-advisory:fastify:r+d4AOedJNNM2JvdD79Tj/5Xqtya7yxHwFWKqG0+AJKMFl1K4au+8puJfPaPI6uOm9P0a/JHng7JwWmTuMXQJg== Completed in 159ms
3665 timing metavuln:calculate:security-advisory:fastify:ncPGiupWBmuLy3osYbi6NeA3zAkV0H2ETbz204QySGfjGMvhOUrckXpvAqjVyzsYU9NNJZrPHuMSulTPi+/bfw== Completed in 873ms
3666 timing metavuln:cache:get:security-advisory:socks:re7e5WgYC0N2yCcyKEpIVOef1b0RSDx7Y0SpqokON2S0og4NBc+basQ12t25Rom7giF5cYm2S3iMuCSJlhszhQ== Completed in 9ms
3667 http fetch GET 200 https://registry.npmjs.org/socks 304ms (cache miss)
3668 timing metavuln:packument:socks Completed in 307ms
3669 timing metavuln:load:security-advisory:socks:FcMhhitnipE8n5zCPiVRq2NLRNmu7UZkoO9lrM5CRC/emGwY5wSoa1+q1Q1Z8SPpfXO9tzox/MNRv7luhyJvqg== Completed in 4ms
3670 timing metavuln:cache:put:security-advisory:socks:re7e5WgYC0N2yCcyKEpIVOef1b0RSDx7Y0SpqokON2S0og4NBc+basQ12t25Rom7giF5cYm2S3iMuCSJlhszhQ== Completed in 176ms
3671 timing metavuln:calculate:security-advisory:socks:FcMhhitnipE8n5zCPiVRq2NLRNmu7UZkoO9lrM5CRC/emGwY5wSoa1+q1Q1Z8SPpfXO9tzox/MNRv7luhyJvqg== Completed in 490ms
3672 timing metavuln:cache:get:security-advisory:@jest/transform:frAXQpmFOgCLjrxLELwz/nGg5XiK/ZNDWwX3TPmrK4kjdo/GsnOnUL1px5EXlvvS4e0p7qsR8mhVO87fIAkI8w== Completed in 7ms
3673 timing metavuln:cache:get:security-advisory:@jest/core:03W5UBAiciMv+HbF52DVjKaiJDsW8n4o9l0N1bD9irL9aHp0XpkH6yRZbIXa21hJn/+RFQL1MCcLgDa/4eDK4w== Completed in 9ms
3674 timing metavuln:cache:get:security-advisory:fast-glob:AbqaRkH/ah2E63AlsHQoSe4rzDu85g3nQo2oOGK8mDPpx8ODN4CyFz62hpRucknVgKWSODuNhHcd4w2oWa9y3w== Completed in 7ms
3675 timing metavuln:cache:get:security-advisory:jest-config:PG5LJK++mIH2P5/BoeATw87eF+FfSdFbgEqp2CbnYYA8L17aFlVzq09vZtR3BFwoyR+3hWRZY28YfyQmAblGOg== Completed in 7ms
3676 timing metavuln:cache:get:security-advisory:jest-haste-map:jM3bS1o4htRu+ACRH1gcErU4U2Iaalvaat1pZmyWiirmghW1371hURc/aE7fgn6m9mU4kt8GRZ0gy4wwGUZ7mQ== Completed in 8ms
3677 timing metavuln:cache:get:security-advisory:jest-message-util:9e3+mtFMiM85wWr/OL6NNUJH/DnoduwxZZ0/PtDHjHEr2KrplOGkwoZ+9A9Of+V7gemgG4bDnVLxA6nt6hgQOQ== Completed in 8ms
3678 http fetch GET 200 https://registry.npmjs.org/fast-glob 285ms (cache miss)
3679 timing metavuln:packument:fast-glob Completed in 288ms
3680 timing metavuln:load:security-advisory:fast-glob:TlYHmS8BZBwkbsPHbTfH2/e91KJnOnqfC63ZoKdiRy+yt6biPd8BwjBdyfPUht1+ZO675I3Gg00RQPYaWiOm8Q== Completed in 5ms
3681 timing metavuln:cache:put:security-advisory:fast-glob:AbqaRkH/ah2E63AlsHQoSe4rzDu85g3nQo2oOGK8mDPpx8ODN4CyFz62hpRucknVgKWSODuNhHcd4w2oWa9y3w== Completed in 155ms
3682 timing metavuln:calculate:security-advisory:fast-glob:TlYHmS8BZBwkbsPHbTfH2/e91KJnOnqfC63ZoKdiRy+yt6biPd8BwjBdyfPUht1+ZO675I3Gg00RQPYaWiOm8Q== Completed in 450ms
3683 http fetch GET 200 https://registry.npmjs.org/@jest%2ftransform 497ms (cache miss)
3684 timing metavuln:packument:@jest/transform Completed in 501ms
3685 timing metavuln:load:security-advisory:@jest/transform:TlYHmS8BZBwkbsPHbTfH2/e91KJnOnqfC63ZoKdiRy+yt6biPd8BwjBdyfPUht1+ZO675I3Gg00RQPYaWiOm8Q== Completed in 6ms
3686 http fetch GET 200 https://registry.npmjs.org/caniuse-lite/-/caniuse-lite-1.0.30001612.tgz 71453ms (cache miss)
3687 timing reifyNode:node_modules/caniuse-lite Completed in 74491ms
3688 http fetch GET 200 https://registry.npmjs.org/jest-config 538ms (cache miss)
3689 timing metavuln:packument:jest-config Completed in 545ms
3690 timing metavuln:load:security-advisory:jest-config:TlYHmS8BZBwkbsPHbTfH2/e91KJnOnqfC63ZoKdiRy+yt6biPd8BwjBdyfPUht1+ZO675I3Gg00RQPYaWiOm8Q== Completed in 11ms
3691 http fetch GET 200 https://registry.npmjs.org/jest-message-util 562ms (cache miss)
3692 timing metavuln:packument:jest-message-util Completed in 566ms
3693 timing metavuln:load:security-advisory:jest-message-util:TlYHmS8BZBwkbsPHbTfH2/e91KJnOnqfC63ZoKdiRy+yt6biPd8BwjBdyfPUht1+ZO675I3Gg00RQPYaWiOm8Q== Completed in 7ms
3694 http fetch GET 200 https://registry.npmjs.org/@jest%2fcore 580ms (cache miss)
3695 timing metavuln:packument:@jest/core Completed in 585ms
3696 timing metavuln:load:security-advisory:@jest/core:TlYHmS8BZBwkbsPHbTfH2/e91KJnOnqfC63ZoKdiRy+yt6biPd8BwjBdyfPUht1+ZO675I3Gg00RQPYaWiOm8Q== Completed in 3ms
3697 http fetch GET 200 https://registry.npmjs.org/jest-haste-map 585ms (cache miss)
3698 timing metavuln:packument:jest-haste-map Completed in 591ms
3699 timing metavuln:load:security-advisory:jest-haste-map:TlYHmS8BZBwkbsPHbTfH2/e91KJnOnqfC63ZoKdiRy+yt6biPd8BwjBdyfPUht1+ZO675I3Gg00RQPYaWiOm8Q== Completed in 14ms
3700 timing metavuln:cache:put:security-advisory:@jest/transform:frAXQpmFOgCLjrxLELwz/nGg5XiK/ZNDWwX3TPmrK4kjdo/GsnOnUL1px5EXlvvS4e0p7qsR8mhVO87fIAkI8w== Completed in 155ms
3701 timing metavuln:calculate:security-advisory:@jest/transform:TlYHmS8BZBwkbsPHbTfH2/e91KJnOnqfC63ZoKdiRy+yt6biPd8BwjBdyfPUht1+ZO675I3Gg00RQPYaWiOm8Q== Completed in 664ms
3702 timing metavuln:cache:put:security-advisory:jest-config:PG5LJK++mIH2P5/BoeATw87eF+FfSdFbgEqp2CbnYYA8L17aFlVzq09vZtR3BFwoyR+3hWRZY28YfyQmAblGOg== Completed in 135ms
3703 timing metavuln:calculate:security-advisory:jest-config:TlYHmS8BZBwkbsPHbTfH2/e91KJnOnqfC63ZoKdiRy+yt6biPd8BwjBdyfPUht1+ZO675I3Gg00RQPYaWiOm8Q== Completed in 692ms
3704 timing metavuln:cache:put:security-advisory:jest-message-util:9e3+mtFMiM85wWr/OL6NNUJH/DnoduwxZZ0/PtDHjHEr2KrplOGkwoZ+9A9Of+V7gemgG4bDnVLxA6nt6hgQOQ== Completed in 139ms
3705 timing metavuln:calculate:security-advisory:jest-message-util:TlYHmS8BZBwkbsPHbTfH2/e91KJnOnqfC63ZoKdiRy+yt6biPd8BwjBdyfPUht1+ZO675I3Gg00RQPYaWiOm8Q== Completed in 712ms
3706 timing metavuln:cache:put:security-advisory:@jest/core:03W5UBAiciMv+HbF52DVjKaiJDsW8n4o9l0N1bD9irL9aHp0XpkH6yRZbIXa21hJn/+RFQL1MCcLgDa/4eDK4w== Completed in 136ms
3707 timing metavuln:calculate:security-advisory:@jest/core:TlYHmS8BZBwkbsPHbTfH2/e91KJnOnqfC63ZoKdiRy+yt6biPd8BwjBdyfPUht1+ZO675I3Gg00RQPYaWiOm8Q== Completed in 725ms
3708 timing metavuln:cache:put:security-advisory:jest-haste-map:jM3bS1o4htRu+ACRH1gcErU4U2Iaalvaat1pZmyWiirmghW1371hURc/aE7fgn6m9mU4kt8GRZ0gy4wwGUZ7mQ== Completed in 119ms
3709 timing metavuln:calculate:security-advisory:jest-haste-map:TlYHmS8BZBwkbsPHbTfH2/e91KJnOnqfC63ZoKdiRy+yt6biPd8BwjBdyfPUht1+ZO675I3Gg00RQPYaWiOm8Q== Completed in 725ms
3710 timing metavuln:cache:get:security-advisory:postcss:tmHYDPE1UVxPaRKZT9ru10S2PG7HaFVF7Z4GmgB6cUo+mRoTCphDiou0e19GAujSzXwfRWgbN5N8PHmsKOoxPA== Completed in 7ms
3711 http fetch GET 200 https://registry.npmjs.org/lodash/-/lodash-4.17.21.tgz 72108ms (cache miss)
3712 timing reifyNode:node_modules/lodash Completed in 74785ms
3713 http fetch GET 200 https://registry.npmjs.org/postcss 266ms (cache miss)
3714 timing metavuln:packument:postcss Completed in 273ms
3715 timing metavuln:load:security-advisory:postcss:SvMVdtEUVO5ESues2DL9aEFMy6oMG+saOn/tNitKJcx7q7CvMfC5ZcstpC8dbnZl5KL/q/3pYBvQrAPBFsC+nQ== Completed in 7ms
3716 timing metavuln:cache:put:security-advisory:postcss:tmHYDPE1UVxPaRKZT9ru10S2PG7HaFVF7Z4GmgB6cUo+mRoTCphDiou0e19GAujSzXwfRWgbN5N8PHmsKOoxPA== Completed in 88ms
3717 timing metavuln:calculate:security-advisory:postcss:SvMVdtEUVO5ESues2DL9aEFMy6oMG+saOn/tNitKJcx7q7CvMfC5ZcstpC8dbnZl5KL/q/3pYBvQrAPBFsC+nQ== Completed in 369ms
3718 timing metavuln:cache:get:security-advisory:fastify-method-override:ZDPGuMazvs7qKrue/+ZVigiFmeut/y23hQFlb/kCvBjOt63fLVBVFAAWAmB/N3sEQF7bxjwt50HiQTTJGyEpvQ== Completed in 6ms
3719 timing metavuln:cache:get:security-advisory:fastify-reverse-routes:E14+sZiQmNHMZ8DBhBeAvQL9a79kH5VraBSPDUqz5BJQ9sR1+a7NBZxGmZfAePmakPx+9euK8Dee7Ub1dqaKYA== Completed in 5ms
3720 http fetch GET 200 https://registry.npmjs.org/webpack/-/webpack-5.91.0.tgz 73080ms (cache miss)
3721 timing reifyNode:node_modules/webpack Completed in 75328ms
3722 http fetch GET 200 https://registry.npmjs.org/sodium-native/-/sodium-native-4.1.1.tgz 73251ms (cache miss)
3723 timing reifyNode:node_modules/sodium-native Completed in 75668ms
3724 http fetch GET 200 https://registry.npmjs.org/fastify-method-override 723ms (cache miss)
3725 timing metavuln:packument:fastify-method-override Completed in 725ms
3726 timing metavuln:load:security-advisory:fastify-method-override:TmkHz1g6xKc2pnDD1h6+ZDKMikxz0M1BBY/wyR9ER8446AKOUk6gXjoSR2douZ5enAllzNSKaynTW1H+LBi1CA== Completed in 2ms
3727 http fetch GET 200 https://registry.npmjs.org/fastify-reverse-routes 732ms (cache miss)
3728 timing metavuln:packument:fastify-reverse-routes Completed in 734ms
3729 timing metavuln:load:security-advisory:fastify-reverse-routes:TmkHz1g6xKc2pnDD1h6+ZDKMikxz0M1BBY/wyR9ER8446AKOUk6gXjoSR2douZ5enAllzNSKaynTW1H+LBi1CA== Completed in 1ms
3730 timing metavuln:cache:put:security-advisory:fastify-method-override:ZDPGuMazvs7qKrue/+ZVigiFmeut/y23hQFlb/kCvBjOt63fLVBVFAAWAmB/N3sEQF7bxjwt50HiQTTJGyEpvQ== Completed in 68ms
3731 timing metavuln:calculate:security-advisory:fastify-method-override:TmkHz1g6xKc2pnDD1h6+ZDKMikxz0M1BBY/wyR9ER8446AKOUk6gXjoSR2douZ5enAllzNSKaynTW1H+LBi1CA== Completed in 796ms
3732 timing metavuln:cache:put:security-advisory:fastify-reverse-routes:E14+sZiQmNHMZ8DBhBeAvQL9a79kH5VraBSPDUqz5BJQ9sR1+a7NBZxGmZfAePmakPx+9euK8Dee7Ub1dqaKYA== Completed in 69ms
3733 timing metavuln:calculate:security-advisory:fastify-reverse-routes:TmkHz1g6xKc2pnDD1h6+ZDKMikxz0M1BBY/wyR9ER8446AKOUk6gXjoSR2douZ5enAllzNSKaynTW1H+LBi1CA== Completed in 805ms
3734 timing metavuln:cache:get:security-advisory:pug:Bod8uHjOpAFcodGsdvWZubJRAED6zypMgl3ly6hCbBJ4kIFKsF2l0fd9HBsYkM1DJmjCj+BxWBZMHfDPYyrFRQ== Completed in 3ms
3735 timing metavuln:load:security-advisory:pug:jYtA+ua4XfswkuObBtnwWn2fYvQUK4ca+Iv1+bqgs4mXRLiX4zUdwwNSawL0T4CvKtEq8q6TFgvFydQ8OKg+/Q== Completed in 3ms
3736 timing metavuln:cache:put:security-advisory:pug:Bod8uHjOpAFcodGsdvWZubJRAED6zypMgl3ly6hCbBJ4kIFKsF2l0fd9HBsYkM1DJmjCj+BxWBZMHfDPYyrFRQ== Completed in 63ms
3737 timing metavuln:calculate:security-advisory:pug:jYtA+ua4XfswkuObBtnwWn2fYvQUK4ca+Iv1+bqgs4mXRLiX4zUdwwNSawL0T4CvKtEq8q6TFgvFydQ8OKg+/Q== Completed in 70ms
3738 timing metavuln:cache:get:security-advisory:cacache:23ujtretmvB1Q6nwRAN4et2x6TaiMiF22Q16OlGB9hz1JzeqP0elo3O+sZbaMFuF2ldINgIs99mZYf/yzvXNSQ== Completed in 3ms
3739 timing metavuln:load:security-advisory:cacache:xsfciMtNhQn+Vb692L8h5HEYBYUJ5Lhjy3bF//LOsKSn8tp0f1hbuDX26k9UtKJNPZjM5uuq2Cxlz3KwL19oJg== Completed in 4ms
3740 timing metavuln:cache:get:security-advisory:node-gyp:Rpe4QFTznz5OQZEcumE8ewontGWpDMN2/EB2qOpnA+zB6STvbtlNxaZNR126QHUStUK80yo/wR7Tw4gAhvfWhw== Completed in 8ms
3741 timing metavuln:cache:get:security-advisory:pacote:5nL2BVmZdpjhBZ7a3CK7N/m/f/lv+zH8Y+nT55HCe0u90hwrkMqqWFfJGcy1kDrYlqMa4V2tZ5D9u6+B+mJoTQ== Completed in 8ms
3742 timing metavuln:cache:get:security-advisory:sqlite3:5vPlkA5fGgM/FMhOLiXrTP+EGb3t0tN6Igp9J7Suhdaozuk4NtQY3JkkSebgppHFgSH98yL630/Bf9FIPba43Q== Completed in 7ms
3743 timing metavuln:cache:put:security-advisory:cacache:23ujtretmvB1Q6nwRAN4et2x6TaiMiF22Q16OlGB9hz1JzeqP0elo3O+sZbaMFuF2ldINgIs99mZYf/yzvXNSQ== Completed in 70ms
3744 timing metavuln:calculate:security-advisory:cacache:xsfciMtNhQn+Vb692L8h5HEYBYUJ5Lhjy3bF//LOsKSn8tp0f1hbuDX26k9UtKJNPZjM5uuq2Cxlz3KwL19oJg== Completed in 79ms
3745 http fetch GET 200 https://registry.npmjs.org/pacote 289ms (cache miss)
3746 timing metavuln:packument:pacote Completed in 294ms
3747 timing metavuln:load:security-advisory:pacote:xsfciMtNhQn+Vb692L8h5HEYBYUJ5Lhjy3bF//LOsKSn8tp0f1hbuDX26k9UtKJNPZjM5uuq2Cxlz3KwL19oJg== Completed in 10ms
3748 http fetch GET 200 https://registry.npmjs.org/node-gyp 341ms (cache miss)
3749 timing metavuln:packument:node-gyp Completed in 344ms
3750 timing metavuln:load:security-advisory:node-gyp:xsfciMtNhQn+Vb692L8h5HEYBYUJ5Lhjy3bF//LOsKSn8tp0f1hbuDX26k9UtKJNPZjM5uuq2Cxlz3KwL19oJg== Completed in 6ms
3751 timing metavuln:cache:put:security-advisory:pacote:5nL2BVmZdpjhBZ7a3CK7N/m/f/lv+zH8Y+nT55HCe0u90hwrkMqqWFfJGcy1kDrYlqMa4V2tZ5D9u6+B+mJoTQ== Completed in 87ms
3752 timing metavuln:calculate:security-advisory:pacote:xsfciMtNhQn+Vb692L8h5HEYBYUJ5Lhjy3bF//LOsKSn8tp0f1hbuDX26k9UtKJNPZjM5uuq2Cxlz3KwL19oJg== Completed in 393ms
3753 timing metavuln:cache:put:security-advisory:node-gyp:Rpe4QFTznz5OQZEcumE8ewontGWpDMN2/EB2qOpnA+zB6STvbtlNxaZNR126QHUStUK80yo/wR7Tw4gAhvfWhw== Completed in 87ms
3754 timing metavuln:calculate:security-advisory:node-gyp:xsfciMtNhQn+Vb692L8h5HEYBYUJ5Lhjy3bF//LOsKSn8tp0f1hbuDX26k9UtKJNPZjM5uuq2Cxlz3KwL19oJg== Completed in 438ms
3755 http fetch GET 200 https://registry.npmjs.org/sqlite3 514ms (cache miss)
3756 timing metavuln:packument:sqlite3 Completed in 516ms
3757 timing metavuln:load:security-advisory:sqlite3:xsfciMtNhQn+Vb692L8h5HEYBYUJ5Lhjy3bF//LOsKSn8tp0f1hbuDX26k9UtKJNPZjM5uuq2Cxlz3KwL19oJg== Completed in 1ms
3758 timing metavuln:cache:put:security-advisory:sqlite3:5vPlkA5fGgM/FMhOLiXrTP+EGb3t0tN6Igp9J7Suhdaozuk4NtQY3JkkSebgppHFgSH98yL630/Bf9FIPba43Q== Completed in 73ms
3759 timing metavuln:calculate:security-advisory:sqlite3:xsfciMtNhQn+Vb692L8h5HEYBYUJ5Lhjy3bF//LOsKSn8tp0f1hbuDX26k9UtKJNPZjM5uuq2Cxlz3KwL19oJg== Completed in 592ms
3760 timing metavuln:cache:get:security-advisory:prebuild-install:jRqqdHWbOREw15H5SdurWE62CscvPSSYzDYeqtuoOjAS5T4a/EWVlt/5yu0vDTLEYuFXij3+w7qsCx2Gdyt/0A== Completed in 6ms
3761 http fetch GET 200 https://registry.npmjs.org/prebuild-install 186ms (cache miss)
3762 timing metavuln:packument:prebuild-install Completed in 189ms
3763 timing metavuln:load:security-advisory:prebuild-install:cvuUIK3mvYU/u7TShVqDjuuoWy7Jgl2iyysqZzndeGLLwvbCDiePQ/rot9wwSNqpYc8yRaszF/7dU1Uelp1dUw== Completed in 2ms
3764 timing metavuln:cache:put:security-advisory:prebuild-install:jRqqdHWbOREw15H5SdurWE62CscvPSSYzDYeqtuoOjAS5T4a/EWVlt/5yu0vDTLEYuFXij3+w7qsCx2Gdyt/0A== Completed in 68ms
3765 timing metavuln:calculate:security-advisory:prebuild-install:cvuUIK3mvYU/u7TShVqDjuuoWy7Jgl2iyysqZzndeGLLwvbCDiePQ/rot9wwSNqpYc8yRaszF/7dU1Uelp1dUw== Completed in 260ms
3766 timing metavuln:cache:get:security-advisory:sequelize:WP/J+bn63vzyhlFPu4gR5kILxEgdoa3SkHTx4OxjNEQkXzXPPFWVnAe7UrJ7qQH9YqkETnZXjCoBObFPCIcNYg== Completed in 3ms
3767 http fetch GET 200 https://registry.npmjs.org/sequelize 421ms (cache miss)
3768 timing metavuln:packument:sequelize Completed in 433ms
3769 timing metavuln:load:security-advisory:sequelize:IkyJOqfhkev0E9tRX4zbgkqtsxJX67cd4upO2f1EheDpncnx522qyf9oLyXwjDcWGeZOQHSqJUAh/kUyYH60qQ== Completed in 33ms
3770 timing metavuln:cache:put:security-advisory:sequelize:WP/J+bn63vzyhlFPu4gR5kILxEgdoa3SkHTx4OxjNEQkXzXPPFWVnAe7UrJ7qQH9YqkETnZXjCoBObFPCIcNYg== Completed in 79ms
3771 timing metavuln:calculate:security-advisory:sequelize:IkyJOqfhkev0E9tRX4zbgkqtsxJX67cd4upO2f1EheDpncnx522qyf9oLyXwjDcWGeZOQHSqJUAh/kUyYH60qQ== Completed in 548ms
3772 timing metavuln:cache:get:security-advisory:@webpack-cli/configtest:xJhV3uPYmo74/zKXapV5krAbV3jWwvzos7D9yiHFHhAFDdXd/bP334EYGTBUlwUcuQPEmo50fojjVCVisGGFIQ== Completed in 8ms
3773 timing metavuln:cache:get:security-advisory:@webpack-cli/info:Ldtj472hf5yVCFXWsCwuB1kYR/mOSU68pxu8Lo8I1VLIXnfbxEu4ID4H4siglwwDlm/yM7UP0N+CO2B9e7S71g== Completed in 8ms
3774 timing metavuln:cache:get:security-advisory:@webpack-cli/serve:fOyrNylPz99fE3Lla0ntgCjm/7k0AedMNaEEspLkGlCLFEmj9XWgjSMsf7Jnz1G4y1yMMhQmw433ie0EvLkTPw== Completed in 7ms
3775 timing metavuln:cache:get:security-advisory:css-loader:d7bZTMqCZOXmD1W7nHTq3L2+DZuzg95msmts27ook7t6svNtePjpGAjZZiNp+0sHWs5uA6xv44CunDLEHlIk0w== Completed in 6ms
3776 timing metavuln:cache:get:security-advisory:mini-css-extract-plugin:qBcKJDQ6I9WcL9x4QmXgXA9U6CIfPDnuthkNRtcf3B2pv5YiMKTXTX5aZ9OD2ix7+iV5j+3pFfebCDMJ/bVIew== Completed in 6ms
3777 timing metavuln:cache:get:security-advisory:style-loader:P7+2mg9kCq/IOwsXYgEETJyu9JR4VQdIBteP0nbsIZP2oMFkqQzosERmmmn4CLReG3yof/e0O9YomL5D3qpPDw== Completed in 5ms
3778 timing metavuln:cache:get:security-advisory:terser-webpack-plugin:Uqotlq7e4p8a17Gch+uSLMmyilwazp3SdS5LgtQM1QyqzBW7FWPwyk3i/l7U7L2H764aPM6RPHDhd/ECqCZEZA== Completed in 6ms
3779 timing metavuln:cache:get:security-advisory:webpack-cli:/nnF4DWRRr5vREfp1So3+1tEViG8gp4FBG0iYaE4bKt+dEZRXeEKKSDD3uVBMFoyh5qBVBar0v6Sv8NQcTMkcA== Completed in 6ms
3780 timing metavuln:load:security-advisory:webpack-cli:7Pl1j4sHKhCQAEccTmt3XZIEEazRzvyC0TOx07N0G7o5OIhhZ0j0Ji3KSCbTwfmCR/2OHJ3Mx5ZmedDQEQeBbg== Completed in 21ms
3781 timing metavuln:cache:put:security-advisory:webpack-cli:/nnF4DWRRr5vREfp1So3+1tEViG8gp4FBG0iYaE4bKt+dEZRXeEKKSDD3uVBMFoyh5qBVBar0v6Sv8NQcTMkcA== Completed in 81ms
3782 timing metavuln:calculate:security-advisory:webpack-cli:7Pl1j4sHKhCQAEccTmt3XZIEEazRzvyC0TOx07N0G7o5OIhhZ0j0Ji3KSCbTwfmCR/2OHJ3Mx5ZmedDQEQeBbg== Completed in 108ms
3783 http fetch GET 200 https://registry.npmjs.org/style-loader 244ms (cache miss)
3784 timing metavuln:packument:style-loader Completed in 246ms
3785 timing metavuln:load:security-advisory:style-loader:7Pl1j4sHKhCQAEccTmt3XZIEEazRzvyC0TOx07N0G7o5OIhhZ0j0Ji3KSCbTwfmCR/2OHJ3Mx5ZmedDQEQeBbg== Completed in 12ms
3786 http fetch GET 200 https://registry.npmjs.org/@webpack-cli%2fserve 264ms (cache miss)
3787 timing metavuln:packument:@webpack-cli/serve Completed in 266ms
3788 timing metavuln:load:security-advisory:@webpack-cli/serve:7Pl1j4sHKhCQAEccTmt3XZIEEazRzvyC0TOx07N0G7o5OIhhZ0j0Ji3KSCbTwfmCR/2OHJ3Mx5ZmedDQEQeBbg== Completed in 1ms
3789 http fetch GET 200 https://registry.npmjs.org/@webpack-cli%2finfo 306ms (cache miss)
3790 timing metavuln:packument:@webpack-cli/info Completed in 308ms
3791 timing metavuln:load:security-advisory:@webpack-cli/info:7Pl1j4sHKhCQAEccTmt3XZIEEazRzvyC0TOx07N0G7o5OIhhZ0j0Ji3KSCbTwfmCR/2OHJ3Mx5ZmedDQEQeBbg== Completed in 0ms
3792 timing metavuln:cache:put:security-advisory:style-loader:P7+2mg9kCq/IOwsXYgEETJyu9JR4VQdIBteP0nbsIZP2oMFkqQzosERmmmn4CLReG3yof/e0O9YomL5D3qpPDw== Completed in 89ms
3793 timing metavuln:calculate:security-advisory:style-loader:7Pl1j4sHKhCQAEccTmt3XZIEEazRzvyC0TOx07N0G7o5OIhhZ0j0Ji3KSCbTwfmCR/2OHJ3Mx5ZmedDQEQeBbg== Completed in 348ms
3794 timing metavuln:cache:put:security-advisory:@webpack-cli/serve:fOyrNylPz99fE3Lla0ntgCjm/7k0AedMNaEEspLkGlCLFEmj9XWgjSMsf7Jnz1G4y1yMMhQmw433ie0EvLkTPw== Completed in 89ms
3795 timing metavuln:calculate:security-advisory:@webpack-cli/serve:7Pl1j4sHKhCQAEccTmt3XZIEEazRzvyC0TOx07N0G7o5OIhhZ0j0Ji3KSCbTwfmCR/2OHJ3Mx5ZmedDQEQeBbg== Completed in 356ms
3796 http fetch GET 200 https://registry.npmjs.org/@webpack-cli%2fconfigtest 360ms (cache miss)
3797 timing metavuln:packument:@webpack-cli/configtest Completed in 362ms
3798 timing metavuln:load:security-advisory:@webpack-cli/configtest:7Pl1j4sHKhCQAEccTmt3XZIEEazRzvyC0TOx07N0G7o5OIhhZ0j0Ji3KSCbTwfmCR/2OHJ3Mx5ZmedDQEQeBbg== Completed in 1ms
3799 http fetch GET 200 https://registry.npmjs.org/mini-css-extract-plugin 362ms (cache miss)
3800 timing metavuln:packument:mini-css-extract-plugin Completed in 365ms
3801 timing metavuln:load:security-advisory:mini-css-extract-plugin:7Pl1j4sHKhCQAEccTmt3XZIEEazRzvyC0TOx07N0G7o5OIhhZ0j0Ji3KSCbTwfmCR/2OHJ3Mx5ZmedDQEQeBbg== Completed in 10ms
3802 timing metavuln:cache:put:security-advisory:@webpack-cli/info:Ldtj472hf5yVCFXWsCwuB1kYR/mOSU68pxu8Lo8I1VLIXnfbxEu4ID4H4siglwwDlm/yM7UP0N+CO2B9e7S71g== Completed in 98ms
3803 timing metavuln:calculate:security-advisory:@webpack-cli/info:7Pl1j4sHKhCQAEccTmt3XZIEEazRzvyC0TOx07N0G7o5OIhhZ0j0Ji3KSCbTwfmCR/2OHJ3Mx5ZmedDQEQeBbg== Completed in 409ms
3804 http fetch GET 200 https://registry.npmjs.org/css-loader 433ms (cache miss)
3805 timing metavuln:packument:css-loader Completed in 438ms
3806 timing metavuln:load:security-advisory:css-loader:7Pl1j4sHKhCQAEccTmt3XZIEEazRzvyC0TOx07N0G7o5OIhhZ0j0Ji3KSCbTwfmCR/2OHJ3Mx5ZmedDQEQeBbg== Completed in 4ms
3807 timing metavuln:cache:put:security-advisory:@webpack-cli/configtest:xJhV3uPYmo74/zKXapV5krAbV3jWwvzos7D9yiHFHhAFDdXd/bP334EYGTBUlwUcuQPEmo50fojjVCVisGGFIQ== Completed in 90ms
3808 timing metavuln:calculate:security-advisory:@webpack-cli/configtest:7Pl1j4sHKhCQAEccTmt3XZIEEazRzvyC0TOx07N0G7o5OIhhZ0j0Ji3KSCbTwfmCR/2OHJ3Mx5ZmedDQEQeBbg== Completed in 454ms
3809 timing metavuln:cache:put:security-advisory:mini-css-extract-plugin:qBcKJDQ6I9WcL9x4QmXgXA9U6CIfPDnuthkNRtcf3B2pv5YiMKTXTX5aZ9OD2ix7+iV5j+3pFfebCDMJ/bVIew== Completed in 84ms
3810 timing metavuln:calculate:security-advisory:mini-css-extract-plugin:7Pl1j4sHKhCQAEccTmt3XZIEEazRzvyC0TOx07N0G7o5OIhhZ0j0Ji3KSCbTwfmCR/2OHJ3Mx5ZmedDQEQeBbg== Completed in 461ms
3811 timing metavuln:cache:put:security-advisory:css-loader:d7bZTMqCZOXmD1W7nHTq3L2+DZuzg95msmts27ook7t6svNtePjpGAjZZiNp+0sHWs5uA6xv44CunDLEHlIk0w== Completed in 69ms
3812 timing metavuln:calculate:security-advisory:css-loader:7Pl1j4sHKhCQAEccTmt3XZIEEazRzvyC0TOx07N0G7o5OIhhZ0j0Ji3KSCbTwfmCR/2OHJ3Mx5ZmedDQEQeBbg== Completed in 512ms
3813 http fetch GET 200 https://registry.npmjs.org/terser-webpack-plugin 821ms (cache miss)
3814 timing metavuln:packument:terser-webpack-plugin Completed in 823ms
3815 timing metavuln:load:security-advisory:terser-webpack-plugin:7Pl1j4sHKhCQAEccTmt3XZIEEazRzvyC0TOx07N0G7o5OIhhZ0j0Ji3KSCbTwfmCR/2OHJ3Mx5ZmedDQEQeBbg== Completed in 3ms
3816 timing metavuln:cache:put:security-advisory:terser-webpack-plugin:Uqotlq7e4p8a17Gch+uSLMmyilwazp3SdS5LgtQM1QyqzBW7FWPwyk3i/l7U7L2H764aPM6RPHDhd/ECqCZEZA== Completed in 67ms
3817 timing metavuln:calculate:security-advisory:terser-webpack-plugin:7Pl1j4sHKhCQAEccTmt3XZIEEazRzvyC0TOx07N0G7o5OIhhZ0j0Ji3KSCbTwfmCR/2OHJ3Mx5ZmedDQEQeBbg== Completed in 896ms
3818 timing metavuln:cache:get:security-advisory:fastify-error-page:jFLobgupm1ygdOxTlUvCIArNYaFGGKBaaLAoJ8OKqbKNtBGSdJkKNTpzczRFYEIoK/2FzNs3+s9I4+12F+M70A== Completed in 4ms
3819 http fetch GET 200 https://registry.npmjs.org/fastify-error-page 731ms (cache miss)
3820 timing metavuln:packument:fastify-error-page Completed in 733ms
3821 timing metavuln:load:security-advisory:fastify-error-page:GCj7wAVwXmpdpHsZ3FBltk4ddq703nJZceXkq77o3f+gaNLubEhWMdGOuTbsQUIPAj4PXvzoyIJlnaLab4wWyA== Completed in 1ms
3822 timing metavuln:cache:put:security-advisory:fastify-error-page:jFLobgupm1ygdOxTlUvCIArNYaFGGKBaaLAoJ8OKqbKNtBGSdJkKNTpzczRFYEIoK/2FzNs3+s9I4+12F+M70A== Completed in 44ms
3823 timing metavuln:calculate:security-advisory:fastify-error-page:GCj7wAVwXmpdpHsZ3FBltk4ddq703nJZceXkq77o3f+gaNLubEhWMdGOuTbsQUIPAj4PXvzoyIJlnaLab4wWyA== Completed in 779ms
3824 timing metavuln:cache:get:security-advisory:fastify:lycCXiLX7WYkPGWyOZfK/x2MyEabGa58Yp0NN6fq6Yb6R/bh9aYOAn3zOTXTfsMH3UEP1cjjw4Kj5YdQJT91Fg== Completed in 3ms
3825 timing metavuln:load:security-advisory:fastify:UfYeYMGFnlVOh6z1dqFizSqjGi7YyyQMRc3JQ1VnZ/OBVx1zGC6e+b6mEKG/IaRMMtjP5WJ2749QJ6iB38mozA== Completed in 13ms
3826 timing metavuln:cache:put:security-advisory:fastify:lycCXiLX7WYkPGWyOZfK/x2MyEabGa58Yp0NN6fq6Yb6R/bh9aYOAn3zOTXTfsMH3UEP1cjjw4Kj5YdQJT91Fg== Completed in 60ms
3827 timing metavuln:calculate:security-advisory:fastify:UfYeYMGFnlVOh6z1dqFizSqjGi7YyyQMRc3JQ1VnZ/OBVx1zGC6e+b6mEKG/IaRMMtjP5WJ2749QJ6iB38mozA== Completed in 77ms
3828 timing metavuln:cache:get:security-advisory:socks-proxy-agent:O35lPVDdakgt3PlMJ9Zvn535r+Rq41+Bl/9fFt/aDDpWq0oHeg7o+DHqp/GCXtD2sFx/QS2MkwRqg1u8nOKHkQ== Completed in 4ms
3829 http fetch GET 200 https://registry.npmjs.org/socks-proxy-agent 187ms (cache miss)
3830 timing metavuln:packument:socks-proxy-agent Completed in 189ms
3831 timing metavuln:load:security-advisory:socks-proxy-agent:re7e5WgYC0N2yCcyKEpIVOef1b0RSDx7Y0SpqokON2S0og4NBc+basQ12t25Rom7giF5cYm2S3iMuCSJlhszhQ== Completed in 4ms
3832 timing metavuln:cache:put:security-advisory:socks-proxy-agent:O35lPVDdakgt3PlMJ9Zvn535r+Rq41+Bl/9fFt/aDDpWq0oHeg7o+DHqp/GCXtD2sFx/QS2MkwRqg1u8nOKHkQ== Completed in 66ms
3833 timing metavuln:calculate:security-advisory:socks-proxy-agent:re7e5WgYC0N2yCcyKEpIVOef1b0RSDx7Y0SpqokON2S0og4NBc+basQ12t25Rom7giF5cYm2S3iMuCSJlhszhQ== Completed in 261ms
3834 timing auditReport:init Completed in 77559ms
3835 timing reify:audit Completed in 79500ms
3836 http fetch GET 200 https://registry.npmjs.org/es-abstract/-/es-abstract-1.23.3.tgz 76714ms (cache miss)
3837 timing reifyNode:node_modules/es-abstract Completed in 79639ms
3838 http fetch GET 200 https://registry.npmjs.org/rxjs/-/rxjs-7.8.1.tgz 79245ms (cache miss)
3839 timing reifyNode:node_modules/rxjs Completed in 81688ms
3840 http fetch GET 200 https://registry.npmjs.org/date-fns/-/date-fns-2.30.0.tgz 95443ms (cache miss)
3841 timing reifyNode:node_modules/date-fns Completed in 98416ms
3842 timing reify:unpack Completed in 98522ms
3843 timing reify:unretire Completed in 0ms
3844 timing build:queue Completed in 312ms
3845 timing build:link:node_modules/jest-cli Completed in 2ms
3846 timing build:link:node_modules/@fastify/secure-session Completed in 258ms
3847 timing build:link:node_modules/@babel/helper-compilation-targets/node_modules/semver Completed in 260ms
3848 timing build:link:node_modules/@babel/core/node_modules/semver Completed in 261ms
3849 timing build:link:node_modules/@istanbuljs/load-nyc-config/node_modules/js-yaml Completed in 261ms
3850 timing build:link:node_modules/@npmcli/run-script/node_modules/which Completed in 261ms
3851 timing build:link:node_modules/@npmcli/promise-spawn/node_modules/which Completed in 262ms
3852 timing build:link:node_modules/babel-plugin-istanbul/node_modules/semver Completed in 262ms
3853 timing build:link:node_modules/fastify-cli/node_modules/pino-pretty Completed in 263ms
3854 timing build:link:node_modules/@npmcli/git/node_modules/which Completed in 263ms
3855 timing build:link:node_modules/eslint-config-airbnb-base/node_modules/semver Completed in 263ms
3856 timing build:link:node_modules/eslint-plugin-import/node_modules/semver Completed in 264ms
3857 timing build:link:node_modules/fastify-objectionjs/node_modules/knex Completed in 264ms
3858 timing build:link:node_modules/@babel/parser Completed in 268ms
3859 timing build:link:node_modules/acorn Completed in 268ms
3860 timing build:link:node_modules/is-expression/node_modules/acorn Completed in 265ms
3861 timing build:link:node_modules/@npmcli/installed-package-contents Completed in 269ms
3862 timing build:link:node_modules/browserslist Completed in 269ms
3863 timing build:link:node_modules/js-beautify/node_modules/nopt Completed in 266ms
3864 timing build:link:node_modules/node-gyp/node_modules/nopt Completed in 267ms
3865 timing build:link:node_modules/color-support Completed in 270ms
3866 timing build:link:node_modules/npm-check-updates/node_modules/rimraf Completed in 267ms
3867 timing build:link:node_modules/concurrently Completed in 271ms
3868 timing build:link:node_modules/cssesc Completed in 271ms
3869 timing build:link:node_modules/fastify-cli Completed in 270ms
3870 timing build:link:node_modules/create-jest Completed in 272ms
3871 timing build:link:node_modules/sqlite3/node_modules/node-gyp Completed in 269ms
3872 timing build:link:node_modules/envinfo Completed in 272ms
3873 timing build:link:node_modules/editorconfig Completed in 273ms
3874 timing build:link:node_modules/eslint Completed in 273ms
3875 timing build:link:node_modules/generify Completed in 273ms
3876 timing build:link:node_modules/is-ci Completed in 273ms
3877 timing build:link:node_modules/esprima Completed in 273ms
3878 timing build:link:node_modules/json5 Completed in 273ms
3879 timing build:link:node_modules/tsconfig-paths/node_modules/json5 Completed in 272ms
3880 timing build:link:node_modules/import-local Completed in 274ms
3881 timing build:link:node_modules/jest Completed in 274ms
3882 timing build:link:node_modules/mime Completed in 275ms
3883 timing build:link:node_modules/is-docker Completed in 275ms
3884 timing build:link:node_modules/js-beautify Completed in 276ms
3885 timing build:link:node_modules/glob Completed in 276ms
3886 timing build:link:node_modules/knex Completed in 276ms
3887 timing build:link:node_modules/markdown-it Completed in 277ms
3888 timing build:link:node_modules/js-yaml Completed in 277ms
3889 timing build:link:node_modules/node-gyp Completed in 276ms
3890 timing build:link:node_modules/mkdirp Completed in 277ms
3891 timing build:link:node_modules/jsesc Completed in 278ms
3892 timing build:link:node_modules/mustache Completed in 277ms
3893 timing build:link:node_modules/pino-pretty Completed in 278ms
3894 timing build:link:node_modules/node-gyp-build Completed in 278ms
3895 timing build:link:node_modules/pacote Completed in 279ms
3896 timing build:link:node_modules/nanoid Completed in 279ms
3897 timing build:link:node_modules/prebuild-install Completed in 279ms
3898 timing build:link:node_modules/nopt Completed in 279ms
3899 timing build:link:node_modules/rc Completed in 280ms
3900 timing build:link:node_modules/sequelize-cli Completed in 280ms
3901 timing build:link:node_modules/parse-github-url Completed in 280ms
3902 timing build:link:node_modules/npm-check-updates Completed in 281ms
3903 timing build:link:node_modules/rimraf Completed in 281ms
3904 timing build:link:node_modules/sigstore Completed in 281ms
3905 timing build:link:node_modules/semver Completed in 281ms
3906 timing build:link:node_modules/tree-kill Completed in 281ms
3907 timing build:link:node_modules/pino Completed in 282ms
3908 timing build:link:node_modules/terser Completed in 282ms
3909 timing build:link:node_modules/webpack Completed in 281ms
3910 timing build:link:node_modules/webpack-cli Completed in 281ms
3911 timing build:link:node_modules/which Completed in 282ms
3912 timing build:link:node_modules/update-browserslist-db Completed in 283ms
3913 timing build:link:node_modules/resolve Completed in 283ms
3914 timing build:link:node_modules/uuid Completed in 282ms
3915 timing build:link Completed in 287ms
3916 info run @vscode/sqlite3@5.1.2 install node_modules/@vscode/sqlite3 node-gyp rebuild
3917 info run better-sqlite3@8.7.0 install node_modules/better-sqlite3 prebuild-install || node-gyp rebuild --release
3918 info run sodium-native@4.1.1 install node_modules/sodium-native node-gyp-build
3919 info run sqlite3@5.1.7 install node_modules/sqlite3 prebuild-install -r napi || node-gyp rebuild
3920 info run sodium-native@4.1.1 install { code: 0, signal: null }
3921 timing build:run:install:node_modules/sodium-native Completed in 186ms
3922 info run sqlite3@5.1.7 install { code: 0, signal: null }
3923 timing build:run:install:node_modules/sqlite3 Completed in 2513ms
3924 info run better-sqlite3@8.7.0 install { code: 0, signal: null }
3925 timing build:run:install:node_modules/better-sqlite3 Completed in 2743ms
3926 info run @vscode/sqlite3@5.1.2 install { code: 0, signal: null }
3927 timing build:run:install:node_modules/@vscode/sqlite3 Completed in 129608ms
3928 timing build:run:install Completed in 129608ms
3929 info run es5-ext@0.10.64 postinstall node_modules/es5-ext  node -e "try{require('./_postinstall')}catch(e){}" || exit 0
3930 info run es5-ext@0.10.64 postinstall { code: 0, signal: null }
3931 timing build:run:postinstall:node_modules/es5-ext Completed in 119ms
3932 timing build:run:postinstall Completed in 120ms
3933 timing build:deps Completed in 130329ms
3934 timing build Completed in 130330ms
3935 timing reify:build Completed in 130333ms
3936 timing reify:trash Completed in 12ms
3937 timing reify:save Completed in 496ms
3938 timing reify Completed in 232070ms
3939 silly ADD node_modules/youch
3940 silly ADD node_modules/youch/node_modules/cookie
3941 silly ADD node_modules/yocto-queue
3942 silly ADD node_modules/yargs-parser
3943 silly ADD node_modules/yargs
3944 silly ADD node_modules/yallist
3945 silly ADD node_modules/y18n
3946 silly ADD node_modules/xtend
3947 silly ADD node_modules/xdg-basedir
3948 silly ADD node_modules/write-file-atomic
3949 silly ADD node_modules/wrappy
3950 silly ADD node_modules/wrap-ansi-cjs
3951 silly ADD node_modules/wrap-ansi
3952 silly ADD node_modules/wrap-ansi/node_modules/strip-ansi
3953 silly ADD node_modules/wrap-ansi/node_modules/string-width
3954 silly ADD node_modules/wrap-ansi/node_modules/emoji-regex
3955 silly ADD node_modules/wrap-ansi/node_modules/ansi-styles
3956 silly ADD node_modules/wrap-ansi/node_modules/ansi-regex
3957 silly ADD node_modules/wkx
3958 silly ADD node_modules/with
3959 silly ADD node_modules/wildcard
3960 silly ADD node_modules/widest-line
3961 silly ADD node_modules/widest-line/node_modules/strip-ansi
3962 silly ADD node_modules/widest-line/node_modules/string-width
3963 silly ADD node_modules/widest-line/node_modules/emoji-regex
3964 silly ADD node_modules/widest-line/node_modules/ansi-regex
3965 silly ADD node_modules/wide-align
3966 silly ADD node_modules/which-typed-array
3967 silly ADD node_modules/which-boxed-primitive
3968 silly ADD node_modules/which
3969 silly ADD node_modules/webpack-sources
3970 silly ADD node_modules/webpack-merge
3971 silly ADD node_modules/webpack-cli
3972 silly ADD node_modules/webpack-cli/node_modules/interpret
3973 silly ADD node_modules/webpack
3974 silly ADD node_modules/webpack/node_modules/schema-utils
3975 silly ADD node_modules/webpack/node_modules/graceful-fs
3976 silly ADD node_modules/webpack/node_modules/estraverse
3977 silly ADD node_modules/webpack/node_modules/eslint-scope
3978 silly ADD node_modules/watchpack
3979 silly ADD node_modules/walker
3980 silly ADD node_modules/void-elements
3981 silly ADD node_modules/vary
3982 silly ADD node_modules/validator
3983 silly ADD node_modules/validate-npm-package-name
3984 silly ADD node_modules/validate-npm-package-license
3985 silly ADD node_modules/v8-to-istanbul
3986 silly ADD node_modules/uuid
3987 silly ADD node_modules/util-deprecate
3988 silly ADD node_modules/uri-js
3989 silly ADD node_modules/update-notifier
3990 silly ADD node_modules/update-notifier/node_modules/chalk
3991 silly ADD node_modules/update-browserslist-db
3992 silly ADD node_modules/untildify
3993 silly ADD node_modules/universalify
3994 silly ADD node_modules/unique-string
3995 silly ADD node_modules/unique-slug
3996 silly ADD node_modules/unique-filename
3997 silly ADD node_modules/undici-types
3998 silly ADD node_modules/unbox-primitive
3999 silly ADD node_modules/umzug
4000 silly ADD node_modules/uc.micro
4001 silly ADD node_modules/typedarray-to-buffer
4002 silly ADD node_modules/typed-array-length
4003 silly ADD node_modules/typed-array-byte-offset
4004 silly ADD node_modules/typed-array-byte-length
4005 silly ADD node_modules/typed-array-buffer
4006 silly ADD node_modules/type-is
4007 silly ADD node_modules/type-fest
4008 silly ADD node_modules/type-detect
4009 silly ADD node_modules/type-check
4010 silly ADD node_modules/type
4011 silly ADD node_modules/tunnel-agent
4012 silly ADD node_modules/tuf-js
4013 silly ADD node_modules/tslib
4014 silly ADD node_modules/tsconfig-paths
4015 silly ADD node_modules/tsconfig-paths/node_modules/strip-bom
4016 silly ADD node_modules/tsconfig-paths/node_modules/json5
4017 silly ADD node_modules/tree-kill
4018 silly ADD node_modules/toposort-class
4019 silly ADD node_modules/token-stream
4020 silly ADD node_modules/toidentifier
4021 silly ADD node_modules/toad-cache
4022 silly ADD node_modules/to-regex-range
4023 silly ADD node_modules/to-fast-properties
4024 silly ADD node_modules/tmpl
4025 silly ADD node_modules/timers-ext
4026 silly ADD node_modules/tildify
4027 silly ADD node_modules/thread-stream
4028 silly ADD node_modules/text-table
4029 silly ADD node_modules/test-exclude
4030 silly ADD node_modules/test-exclude/node_modules/glob
4031 silly ADD node_modules/terser-webpack-plugin
4032 silly ADD node_modules/terser-webpack-plugin/node_modules/supports-color
4033 silly ADD node_modules/terser-webpack-plugin/node_modules/schema-utils
4034 silly ADD node_modules/terser-webpack-plugin/node_modules/jest-worker
4035 silly ADD node_modules/terser
4036 silly ADD node_modules/terser/node_modules/source-map-support
4037 silly ADD node_modules/terser/node_modules/commander
4038 silly ADD node_modules/tarn
4039 silly ADD node_modules/tar-stream
4040 silly ADD node_modules/tar-fs
4041 silly ADD node_modules/tar-fs/node_modules/chownr
4042 silly ADD node_modules/tar
4043 silly ADD node_modules/tapable
4044 silly ADD node_modules/supports-preserve-symlinks-flag
4045 silly ADD node_modules/supports-color
4046 silly ADD node_modules/style-loader
4047 silly ADD node_modules/strip-json-comments
4048 silly ADD node_modules/strip-final-newline
4049 silly ADD node_modules/strip-bom
4050 silly ADD node_modules/strip-ansi-cjs
4051 silly ADD node_modules/strip-ansi
4052 silly ADD node_modules/string.prototype.trimstart
4053 silly ADD node_modules/string.prototype.trimend
4054 silly ADD node_modules/string.prototype.trim
4055 silly ADD node_modules/string-width-cjs
4056 silly ADD node_modules/string-width
4057 silly ADD node_modules/string-length
4058 silly ADD node_modules/string_decoder
4059 silly ADD node_modules/statuses
4060 silly ADD node_modules/stack-utils
4061 silly ADD node_modules/stack-utils/node_modules/escape-string-regexp
4062 silly ADD node_modules/stack-trace
4063 silly ADD node_modules/ssri
4064 silly ADD node_modules/ssri/node_modules/minipass
4065 silly ADD node_modules/sqlite3
4066 silly ADD node_modules/sqlite3/node_modules/ssri
4067 silly ADD node_modules/sqlite3/node_modules/socks-proxy-agent
4068 silly ADD node_modules/sqlite3/node_modules/node-gyp
4069 silly ADD node_modules/sqlite3/node_modules/node-addon-api
4070 silly ADD node_modules/sqlite3/node_modules/minipass-fetch
4071 silly ADD node_modules/sqlite3/node_modules/make-fetch-happen
4072 silly ADD node_modules/sqlite3/node_modules/lru-cache
4073 silly ADD node_modules/sqlite3/node_modules/http-proxy-agent
4074 silly ADD node_modules/sqlite3/node_modules/glob
4075 silly ADD node_modules/sqlite3/node_modules/cacache
4076 silly ADD node_modules/sqlite3/node_modules/@tootallnate/once
4077 silly ADD node_modules/sqlite3/node_modules/@npmcli/move-file
4078 silly ADD node_modules/sqlite3/node_modules/@npmcli/fs
4079 silly ADD node_modules/sprintf-js
4080 silly ADD node_modules/split2
4081 silly ADD node_modules/spdx-license-ids
4082 silly ADD node_modules/spdx-expression-parse
4083 silly ADD node_modules/spdx-exceptions
4084 silly ADD node_modules/spdx-correct
4085 silly ADD node_modules/spawn-please
4086 silly ADD node_modules/spawn-command
4087 silly ADD node_modules/source-map-support
4088 silly ADD node_modules/source-map-js
4089 silly ADD node_modules/source-map
4090 silly ADD node_modules/sonic-boom
4091 silly ADD node_modules/sodium-native
4092 silly ADD node_modules/socks-proxy-agent
4093 silly ADD node_modules/socks
4094 silly ADD node_modules/smart-buffer
4095 silly ADD node_modules/slash
4096 silly ADD node_modules/sisteransi
4097 silly ADD node_modules/simple-get
4098 silly ADD node_modules/simple-concat
4099 silly ADD node_modules/sigstore
4100 silly ADD node_modules/signal-exit
4101 silly ADD node_modules/side-channel
4102 silly ADD node_modules/shell-quote
4103 silly ADD node_modules/shebang-regex
4104 silly ADD node_modules/shebang-command
4105 silly ADD node_modules/shallow-clone
4106 silly ADD node_modules/setprototypeof
4107 silly ADD node_modules/set-function-name
4108 silly ADD node_modules/set-function-length
4109 silly ADD node_modules/set-cookie-parser
4110 silly ADD node_modules/set-blocking
4111 silly ADD node_modules/serialize-javascript
4112 silly ADD node_modules/sequelize-pool
4113 silly ADD node_modules/sequelize-cli
4114 silly ADD node_modules/sequelize-cli/node_modules/yargs-parser
4115 silly ADD node_modules/sequelize-cli/node_modules/yargs
4116 silly ADD node_modules/sequelize-cli/node_modules/wrap-ansi
4117 silly ADD node_modules/sequelize-cli/node_modules/cliui
4118 silly ADD node_modules/sequelize
4119 silly ADD node_modules/semver-utils
4120 silly ADD node_modules/semver-diff
4121 silly ADD node_modules/semver
4122 silly ADD node_modules/semver/node_modules/lru-cache
4123 silly ADD node_modules/secure-json-parse
4124 silly ADD node_modules/schema-utils
4125 silly ADD node_modules/schema-utils/node_modules/json-schema-traverse
4126 silly ADD node_modules/schema-utils/node_modules/ajv-keywords
4127 silly ADD node_modules/schema-utils/node_modules/ajv
4128 silly ADD node_modules/safer-buffer
4129 silly ADD node_modules/safe-stable-stringify
4130 silly ADD node_modules/safe-regex2
4131 silly ADD node_modules/safe-regex-test
4132 silly ADD node_modules/safe-buffer
4133 silly ADD node_modules/safe-array-concat
4134 silly ADD node_modules/rxjs
4135 silly ADD node_modules/run-parallel
4136 silly ADD node_modules/rimraf
4137 silly ADD node_modules/rimraf/node_modules/glob
4138 silly ADD node_modules/rfdc
4139 silly ADD node_modules/reusify
4140 silly ADD node_modules/retry-as-promised
4141 silly ADD node_modules/retry
4142 silly ADD node_modules/ret
4143 silly ADD node_modules/responselike
4144 silly ADD node_modules/responselike/node_modules/lowercase-keys
4145 silly ADD node_modules/resolve.exports
4146 silly ADD node_modules/resolve-from
4147 silly ADD node_modules/resolve-cwd
4148 silly ADD node_modules/resolve-alpn
4149 silly ADD node_modules/resolve
4150 silly ADD node_modules/require-from-string
4151 silly ADD node_modules/require-directory
4152 silly ADD node_modules/remote-git-tags
4153 silly ADD node_modules/registry-url
4154 silly ADD node_modules/registry-auth-token
4155 silly ADD node_modules/regexp.prototype.flags
4156 silly ADD node_modules/regenerator-runtime
4157 silly ADD node_modules/rechoir
4158 silly ADD node_modules/real-require
4159 silly ADD node_modules/readdirp
4160 silly ADD node_modules/readable-stream
4161 silly ADD node_modules/read-package-json-fast
4162 silly ADD node_modules/read-package-json-fast/node_modules/json-parse-even-better-errors
4163 silly ADD node_modules/read-package-json
4164 silly ADD node_modules/read-package-json/node_modules/json-parse-even-better-errors
4165 silly ADD node_modules/react-is
4166 silly ADD node_modules/rc-config-loader
4167 silly ADD node_modules/rc
4168 silly ADD node_modules/rc/node_modules/strip-json-comments
4169 silly ADD node_modules/rc/node_modules/ini
4170 silly ADD node_modules/randombytes
4171 silly ADD node_modules/quick-lru
4172 silly ADD node_modules/quick-format-unescaped
4173 silly ADD node_modules/queue-microtask
4174 silly ADD node_modules/qs
4175 silly ADD node_modules/pure-rand
4176 silly ADD node_modules/pupa
4177 silly ADD node_modules/punycode
4178 silly ADD node_modules/pump
4179 silly ADD node_modules/pug-walk
4180 silly ADD node_modules/pug-strip-comments
4181 silly ADD node_modules/pug-runtime
4182 silly ADD node_modules/pug-parser
4183 silly ADD node_modules/pug-load
4184 silly ADD node_modules/pug-linker
4185 silly ADD node_modules/pug-lexer
4186 silly ADD node_modules/pug-filters
4187 silly ADD node_modules/pug-error
4188 silly ADD node_modules/pug-code-gen
4189 silly ADD node_modules/pug-attrs
4190 silly ADD node_modules/pug
4191 silly ADD node_modules/proxy-addr
4192 silly ADD node_modules/proto-list
4193 silly ADD node_modules/prompts-ncu
4194 silly ADD node_modules/prompts-ncu/node_modules/kleur
4195 silly ADD node_modules/prompts
4196 silly ADD node_modules/promise-retry
4197 silly ADD node_modules/promise-inflight
4198 silly ADD node_modules/promise
4199 silly ADD node_modules/progress
4200 silly ADD node_modules/process-warning
4201 silly ADD node_modules/process
4202 silly ADD node_modules/proc-log
4203 silly ADD node_modules/pretty-format
4204 silly ADD node_modules/pretty-format/node_modules/ansi-styles
4205 silly ADD node_modules/prelude-ls
4206 silly ADD node_modules/prebuild-install
4207 silly ADD node_modules/postgres-interval
4208 silly ADD node_modules/postgres-date
4209 silly ADD node_modules/postgres-bytea
4210 silly ADD node_modules/postgres-array
4211 silly ADD node_modules/postcss-value-parser
4212 silly ADD node_modules/postcss-selector-parser
4213 silly ADD node_modules/postcss-modules-values
4214 silly ADD node_modules/postcss-modules-scope
4215 silly ADD node_modules/postcss-modules-local-by-default
4216 silly ADD node_modules/postcss-modules-extract-imports
4217 silly ADD node_modules/postcss
4218 silly ADD node_modules/possible-typed-array-names
4219 silly ADD node_modules/pkg-up
4220 silly ADD node_modules/pkg-up/node_modules/path-exists
4221 silly ADD node_modules/pkg-up/node_modules/p-locate
4222 silly ADD node_modules/pkg-up/node_modules/p-limit
4223 silly ADD node_modules/pkg-up/node_modules/locate-path
4224 silly ADD node_modules/pkg-up/node_modules/find-up
4225 silly ADD node_modules/pkg-dir
4226 silly ADD node_modules/pkg-dir/node_modules/p-locate
4227 silly ADD node_modules/pkg-dir/node_modules/p-limit
4228 silly ADD node_modules/pkg-dir/node_modules/locate-path
4229 silly ADD node_modules/pkg-dir/node_modules/find-up
4230 silly ADD node_modules/pirates
4231 silly ADD node_modules/pino-std-serializers
4232 silly ADD node_modules/pino-pretty
4233 silly ADD node_modules/pino-pretty/node_modules/readable-stream
4234 silly ADD node_modules/pino-pretty/node_modules/help-me
4235 silly ADD node_modules/pino-pretty/node_modules/buffer
4236 silly ADD node_modules/pino-abstract-transport
4237 silly ADD node_modules/pino-abstract-transport/node_modules/split2
4238 silly ADD node_modules/pino-abstract-transport/node_modules/readable-stream
4239 silly ADD node_modules/pino-abstract-transport/node_modules/buffer
4240 silly ADD node_modules/pino
4241 silly ADD node_modules/picomatch
4242 silly ADD node_modules/picocolors
4243 silly ADD node_modules/pgpass
4244 silly ADD node_modules/pgpass/node_modules/split2
4245 silly ADD node_modules/pg-types
4246 silly ADD node_modules/pg-protocol
4247 silly ADD node_modules/pg-pool
4248 silly ADD node_modules/pg-int8
4249 silly ADD node_modules/pg-connection-string
4250 silly ADD node_modules/pg-cloudflare
4251 silly ADD node_modules/pg
4252 silly ADD node_modules/pg/node_modules/pg-connection-string
4253 silly ADD node_modules/path-type
4254 silly ADD node_modules/path-to-regexp
4255 silly ADD node_modules/path-scurry
4256 silly ADD node_modules/path-scurry/node_modules/minipass
4257 silly ADD node_modules/path-scurry/node_modules/lru-cache
4258 silly ADD node_modules/path-parse
4259 silly ADD node_modules/path-key
4260 silly ADD node_modules/path-is-absolute
4261 silly ADD node_modules/path-exists
4262 silly ADD node_modules/parse-json
4263 silly ADD node_modules/parse-github-url
4264 silly ADD node_modules/parent-module
4265 silly ADD node_modules/pacote
4266 silly ADD node_modules/pacote/node_modules/minipass
4267 silly ADD node_modules/pacote/node_modules/fs-minipass
4268 silly ADD node_modules/pacote/node_modules/fs-minipass/node_modules/minipass
4269 silly ADD node_modules/package-json
4270 silly ADD node_modules/p-try
4271 silly ADD node_modules/p-map
4272 silly ADD node_modules/p-locate
4273 silly ADD node_modules/p-limit
4274 silly ADD node_modules/p-cancelable
4275 silly ADD node_modules/optionator
4276 silly ADD node_modules/onetime
4277 silly ADD node_modules/once
4278 silly ADD node_modules/on-exit-leak-free
4279 silly ADD node_modules/objection-unique
4280 silly ADD node_modules/objection
4281 silly ADD node_modules/objection/node_modules/json-schema-traverse
4282 silly ADD node_modules/objection/node_modules/ajv
4283 silly ADD node_modules/object.values
4284 silly ADD node_modules/object.groupby
4285 silly ADD node_modules/object.fromentries
4286 silly ADD node_modules/object.entries
4287 silly ADD node_modules/object.assign
4288 silly ADD node_modules/object-keys
4289 silly ADD node_modules/object-inspect
4290 silly ADD node_modules/object-assign
4291 silly ADD node_modules/npmlog
4292 silly ADD node_modules/npm-run-path
4293 silly ADD node_modules/npm-registry-fetch
4294 silly ADD node_modules/npm-registry-fetch/node_modules/minipass
4295 silly ADD node_modules/npm-pick-manifest
4296 silly ADD node_modules/npm-packlist
4297 silly ADD node_modules/npm-package-arg
4298 silly ADD node_modules/npm-package-arg/node_modules/lru-cache
4299 silly ADD node_modules/npm-package-arg/node_modules/hosted-git-info
4300 silly ADD node_modules/npm-normalize-package-bin
4301 silly ADD node_modules/npm-install-checks
4302 silly ADD node_modules/npm-check-updates
4303 silly ADD node_modules/npm-check-updates/node_modules/strip-json-comments
4304 silly ADD node_modules/npm-check-updates/node_modules/strip-ansi
4305 silly ADD node_modules/npm-check-updates/node_modules/source-map-support
4306 silly ADD node_modules/npm-check-updates/node_modules/rimraf
4307 silly ADD node_modules/npm-check-updates/node_modules/minimatch
4308 silly ADD node_modules/npm-check-updates/node_modules/ini
4309 silly ADD node_modules/npm-check-updates/node_modules/chalk
4310 silly ADD node_modules/npm-check-updates/node_modules/brace-expansion
4311 silly ADD node_modules/npm-check-updates/node_modules/ansi-regex
4312 silly ADD node_modules/npm-bundled
4313 silly ADD node_modules/normalize-url
4314 silly ADD node_modules/normalize-path
4315 silly ADD node_modules/normalize-package-data
4316 silly ADD node_modules/normalize-package-data/node_modules/lru-cache
4317 silly ADD node_modules/normalize-package-data/node_modules/hosted-git-info
4318 silly ADD node_modules/nopt
4319 silly ADD node_modules/node-releases
4320 silly ADD node_modules/node-int64
4321 silly ADD node_modules/node-gyp-build
4322 silly ADD node_modules/node-gyp
4323 silly ADD node_modules/node-gyp/node_modules/unique-slug
4324 silly ADD node_modules/node-gyp/node_modules/unique-filename
4325 silly ADD node_modules/node-gyp/node_modules/ssri
4326 silly ADD node_modules/node-gyp/node_modules/nopt
4327 silly ADD node_modules/node-gyp/node_modules/minipass-fetch
4328 silly ADD node_modules/node-gyp/node_modules/make-fetch-happen
4329 silly ADD node_modules/node-gyp/node_modules/lru-cache
4330 silly ADD node_modules/node-gyp/node_modules/glob
4331 silly ADD node_modules/node-gyp/node_modules/cacache
4332 silly ADD node_modules/node-gyp/node_modules/cacache/node_modules/minimatch
4333 silly ADD node_modules/node-gyp/node_modules/cacache/node_modules/glob
4334 silly ADD node_modules/node-gyp/node_modules/brace-expansion
4335 silly ADD node_modules/node-gyp/node_modules/@npmcli/fs
4336 silly ADD node_modules/node-addon-api
4337 silly ADD node_modules/node-abi
4338 silly ADD node_modules/next-tick
4339 silly ADD node_modules/neo-async
4340 silly ADD node_modules/negotiator
4341 silly ADD node_modules/natural-compare
4342 silly ADD node_modules/napi-build-utils
4343 silly ADD node_modules/nanoid
4344 silly ADD node_modules/mustache
4345 silly ADD node_modules/ms
4346 silly ADD node_modules/moment-timezone
4347 silly ADD node_modules/moment
4348 silly ADD node_modules/mkdirp-classic
4349 silly ADD node_modules/mkdirp
4350 silly ADD node_modules/minizlib
4351 silly ADD node_modules/minipass-sized
4352 silly ADD node_modules/minipass-pipeline
4353 silly ADD node_modules/minipass-json-stream
4354 silly ADD node_modules/minipass-flush
4355 silly ADD node_modules/minipass-fetch
4356 silly ADD node_modules/minipass-fetch/node_modules/minipass
4357 silly ADD node_modules/minipass-collect
4358 silly ADD node_modules/minipass
4359 silly ADD node_modules/minimist
4360 silly ADD node_modules/minimatch
4361 silly ADD node_modules/mini-css-extract-plugin
4362 silly ADD node_modules/mimic-response
4363 silly ADD node_modules/mimic-fn
4364 silly ADD node_modules/mime-types
4365 silly ADD node_modules/mime-db
4366 silly ADD node_modules/mime
4367 silly ADD node_modules/micromatch
4368 silly ADD node_modules/merge2
4369 silly ADD node_modules/merge-stream
4370 silly ADD node_modules/memoizee
4371 silly ADD node_modules/media-typer
4372 silly ADD node_modules/mdurl
4373 silly ADD node_modules/markdown-it
4374 silly ADD node_modules/makeerror
4375 silly ADD node_modules/make-promises-safe
4376 silly ADD node_modules/make-fetch-happen
4377 silly ADD node_modules/make-fetch-happen/node_modules/minipass
4378 silly ADD node_modules/make-fetch-happen/node_modules/lru-cache
4379 silly ADD node_modules/make-dir
4380 silly ADD node_modules/lru-queue
4381 silly ADD node_modules/lru-cache
4382 silly ADD node_modules/lru-cache/node_modules/yallist
4383 silly ADD node_modules/lowercase-keys
4384 silly ADD node_modules/lodash.merge
4385 silly ADD node_modules/lodash.isempty
4386 silly ADD node_modules/lodash.compact
4387 silly ADD node_modules/lodash.castarray
4388 silly ADD node_modules/lodash
4389 silly ADD node_modules/locate-path
4390 silly ADD node_modules/loader-runner
4391 silly ADD node_modules/linkify-it
4392 silly ADD node_modules/lines-and-columns
4393 silly ADD node_modules/light-my-request
4394 silly ADD node_modules/levn
4395 silly ADD node_modules/leven
4396 silly ADD node_modules/latest-version
4397 silly ADD node_modules/knex
4398 silly ADD node_modules/kleur
4399 silly ADD node_modules/kind-of
4400 silly ADD node_modules/keyv
4401 silly ADD node_modules/jstransformer-markdown-it
4402 silly ADD node_modules/jstransformer
4403 silly ADD node_modules/jsonparse
4404 silly ADD node_modules/jsonlines
4405 silly ADD node_modules/jsonfile
4406 silly ADD node_modules/json5
4407 silly ADD node_modules/json-stable-stringify-without-jsonify
4408 silly ADD node_modules/json-schema-traverse
4409 silly ADD node_modules/json-schema-ref-resolver
4410 silly ADD node_modules/json-parse-helpfulerror
4411 silly ADD node_modules/json-parse-even-better-errors
4412 silly ADD node_modules/json-buffer
4413 silly ADD node_modules/jsesc
4414 silly ADD node_modules/js-yaml
4415 silly ADD node_modules/js-tokens
4416 silly ADD node_modules/js-stringify
4417 silly ADD node_modules/js-cookie
4418 silly ADD node_modules/js-beautify
4419 silly ADD node_modules/js-beautify/node_modules/nopt
4420 silly ADD node_modules/js-beautify/node_modules/abbrev
4421 silly ADD node_modules/jquery
4422 silly ADD node_modules/joycon
4423 silly ADD node_modules/jju
4424 silly ADD node_modules/jest-worker
4425 silly ADD node_modules/jest-worker/node_modules/supports-color
4426 silly ADD node_modules/jest-watcher
4427 silly ADD node_modules/jest-validate
4428 silly ADD node_modules/jest-validate/node_modules/camelcase
4429 silly ADD node_modules/jest-util
4430 silly ADD node_modules/jest-snapshot
4431 silly ADD node_modules/jest-runtime
4432 silly ADD node_modules/jest-runtime/node_modules/glob
4433 silly ADD node_modules/jest-runner
4434 silly ADD node_modules/jest-resolve-dependencies
4435 silly ADD node_modules/jest-resolve
4436 silly ADD node_modules/jest-regex-util
4437 silly ADD node_modules/jest-pnp-resolver
4438 silly ADD node_modules/jest-mock
4439 silly ADD node_modules/jest-message-util
4440 silly ADD node_modules/jest-matcher-utils
4441 silly ADD node_modules/jest-leak-detector
4442 silly ADD node_modules/jest-haste-map
4443 silly ADD node_modules/jest-get-type
4444 silly ADD node_modules/jest-environment-node
4445 silly ADD node_modules/jest-each
4446 silly ADD node_modules/jest-docblock
4447 silly ADD node_modules/jest-diff
4448 silly ADD node_modules/jest-config
4449 silly ADD node_modules/jest-config/node_modules/glob
4450 silly ADD node_modules/jest-cli
4451 silly ADD node_modules/jest-circus
4452 silly ADD node_modules/jest-changed-files
4453 silly ADD node_modules/jest
4454 silly ADD node_modules/jackspeak
4455 silly ADD node_modules/istanbul-reports
4456 silly ADD node_modules/istanbul-lib-source-maps
4457 silly ADD node_modules/istanbul-lib-report
4458 silly ADD node_modules/istanbul-lib-instrument
4459 silly ADD node_modules/istanbul-lib-coverage
4460 silly ADD node_modules/isobject
4461 silly ADD node_modules/isexe
4462 silly ADD node_modules/isbinaryfile
4463 silly ADD node_modules/isarray
4464 silly ADD node_modules/is-yarn-global
4465 silly ADD node_modules/is-weakref
4466 silly ADD node_modules/is-typedarray
4467 silly ADD node_modules/is-typed-array
4468 silly ADD node_modules/is-symbol
4469 silly ADD node_modules/is-string
4470 silly ADD node_modules/is-stream
4471 silly ADD node_modules/is-shared-array-buffer
4472 silly ADD node_modules/is-regex
4473 silly ADD node_modules/is-promise
4474 silly ADD node_modules/is-plain-object
4475 silly ADD node_modules/is-path-inside
4476 silly ADD node_modules/is-obj
4477 silly ADD node_modules/is-number-object
4478 silly ADD node_modules/is-number
4479 silly ADD node_modules/is-npm
4480 silly ADD node_modules/is-negative-zero
4481 silly ADD node_modules/is-lambda
4482 silly ADD node_modules/is-installed-globally
4483 silly ADD node_modules/is-glob
4484 silly ADD node_modules/is-generator-fn
4485 silly ADD node_modules/is-fullwidth-code-point
4486 silly ADD node_modules/is-extglob
4487 silly ADD node_modules/is-expression
4488 silly ADD node_modules/is-expression/node_modules/acorn
4489 silly ADD node_modules/is-docker
4490 silly ADD node_modules/is-date-object
4491 silly ADD node_modules/is-data-view
4492 silly ADD node_modules/is-core-module
4493 silly ADD node_modules/is-ci
4494 silly ADD node_modules/is-callable
4495 silly ADD node_modules/is-boolean-object
4496 silly ADD node_modules/is-binary-path
4497 silly ADD node_modules/is-bigint
4498 silly ADD node_modules/is-arrayish
4499 silly ADD node_modules/is-array-buffer
4500 silly ADD node_modules/ipaddr.js
4501 silly ADD node_modules/ip
4502 silly ADD node_modules/interpret
4503 silly ADD node_modules/internal-slot
4504 silly ADD node_modules/ini
4505 silly ADD node_modules/inherits
4506 silly ADD node_modules/inflight
4507 silly ADD node_modules/inflection
4508 silly ADD node_modules/infer-owner
4509 silly ADD node_modules/indent-string
4510 silly ADD node_modules/imurmurhash
4511 silly ADD node_modules/import-local
4512 silly ADD node_modules/import-lazy
4513 silly ADD node_modules/import-fresh
4514 silly ADD node_modules/import-fresh/node_modules/resolve-from
4515 silly ADD node_modules/ignore-walk
4516 silly ADD node_modules/ignore-walk/node_modules/minimatch
4517 silly ADD node_modules/ignore-walk/node_modules/brace-expansion
4518 silly ADD node_modules/ignore
4519 silly ADD node_modules/ieee754
4520 silly ADD node_modules/icss-utils
4521 silly ADD node_modules/iconv-lite
4522 silly ADD node_modules/i18next
4523 silly ADD node_modules/humanize-ms
4524 silly ADD node_modules/human-signals
4525 silly ADD node_modules/https-proxy-agent
4526 silly ADD node_modules/http2-wrapper
4527 silly ADD node_modules/http-proxy-agent
4528 silly ADD node_modules/http-errors
4529 silly ADD node_modules/http-cache-semantics
4530 silly ADD node_modules/html-escaper
4531 silly ADD node_modules/hosted-git-info
4532 silly ADD node_modules/hosted-git-info/node_modules/lru-cache
4533 silly ADD node_modules/help-me
4534 silly ADD node_modules/help-me/node_modules/minimatch
4535 silly ADD node_modules/help-me/node_modules/glob
4536 silly ADD node_modules/help-me/node_modules/brace-expansion
4537 silly ADD node_modules/hasown
4538 silly ADD node_modules/hashlru
4539 silly ADD node_modules/has-yarn
4540 silly ADD node_modules/has-unicode
4541 silly ADD node_modules/has-tostringtag
4542 silly ADD node_modules/has-symbols
4543 silly ADD node_modules/has-proto
4544 silly ADD node_modules/has-property-descriptors
4545 silly ADD node_modules/has-flag
4546 silly ADD node_modules/has-bigints
4547 silly ADD node_modules/graphemer
4548 silly ADD node_modules/graceful-fs
4549 silly ADD node_modules/got
4550 silly ADD node_modules/gopd
4551 silly ADD node_modules/globby
4552 silly ADD node_modules/globalthis
4553 silly ADD node_modules/globals
4554 silly ADD node_modules/global-dirs
4555 silly ADD node_modules/glob-to-regexp
4556 silly ADD node_modules/glob-parent
4557 silly ADD node_modules/glob
4558 silly ADD node_modules/glob/node_modules/minipass
4559 silly ADD node_modules/glob/node_modules/minimatch
4560 silly ADD node_modules/glob/node_modules/brace-expansion
4561 silly ADD node_modules/github-from-package
4562 silly ADD node_modules/getopts
4563 silly ADD node_modules/get-symbol-description
4564 silly ADD node_modules/get-stream
4565 silly ADD node_modules/get-stdin
4566 silly ADD node_modules/get-package-type
4567 silly ADD node_modules/get-intrinsic
4568 silly ADD node_modules/get-caller-file
4569 silly ADD node_modules/gensync
4570 silly ADD node_modules/generify
4571 silly ADD node_modules/gauge
4572 silly ADD node_modules/functions-have-names
4573 silly ADD node_modules/function.prototype.name
4574 silly ADD node_modules/function-bind
4575 silly ADD
4576 silly ADD node_modules/fs.realpath
4577 silly ADD node_modules/fs-minipass
4578 silly ADD node_modules/fs-extra
4579 silly ADD node_modules/fs-constants
4580 silly ADD node_modules/fp-and-or
4581 silly ADD node_modules/forwarded
4582 silly ADD node_modules/form-data-encoder
4583 silly ADD node_modules/foreground-child
4584 silly ADD node_modules/foreground-child/node_modules/signal-exit
4585 silly ADD node_modules/for-each
4586 silly ADD node_modules/flatted
4587 silly ADD node_modules/flat-cache
4588 silly ADD node_modules/find-up
4589 silly ADD node_modules/find-my-way
4590 silly ADD node_modules/fill-range
4591 silly ADD node_modules/file-uri-to-path
4592 silly ADD node_modules/file-entry-cache
4593 silly ADD node_modules/fb-watchman
4594 silly ADD node_modules/fastq
4595 silly ADD node_modules/fastify-reverse-routes
4596 silly ADD node_modules/fastify-plugin
4597 silly ADD node_modules/fastify-objectionjs
4598 silly ADD node_modules/fastify-objectionjs/node_modules/pg-connection-string
4599 silly ADD node_modules/fastify-objectionjs/node_modules/knex
4600 silly ADD node_modules/fastify-objectionjs/node_modules/fastify-plugin
4601 silly ADD node_modules/fastify-method-override
4602 silly ADD node_modules/fastify-method-override/node_modules/fastify-plugin
4603 silly ADD node_modules/fastify-error-page
4604 silly ADD node_modules/fastify-error-page/node_modules/fastify-plugin
4605 silly ADD node_modules/fastify-cli
4606 silly ADD node_modules/fastify-cli/node_modules/readable-stream
4607 silly ADD node_modules/fastify-cli/node_modules/pino-pretty
4608 silly ADD node_modules/fastify-cli/node_modules/pino-pretty/node_modules/help-me
4609 silly ADD node_modules/fastify-cli/node_modules/fastify-plugin
4610 silly ADD node_modules/fastify-cli/node_modules/buffer
4611 silly ADD node_modules/fastify
4612 silly ADD node_modules/fastest-levenshtein
4613 silly ADD node_modules/fast-uri
4614 silly ADD node_modules/fast-safe-stringify
4615 silly ADD node_modules/fast-redact
4616 silly ADD node_modules/fast-querystring
4617 silly ADD node_modules/fast-memoize
4618 silly ADD node_modules/fast-levenshtein
4619 silly ADD node_modules/fast-json-stringify
4620 silly ADD node_modules/fast-json-stringify/node_modules/json-schema-traverse
4621 silly ADD node_modules/fast-json-stringify/node_modules/ajv-formats
4622 silly ADD node_modules/fast-json-stringify/node_modules/ajv
4623 silly ADD node_modules/fast-json-stable-stringify
4624 silly ADD node_modules/fast-glob
4625 silly ADD node_modules/fast-glob/node_modules/glob-parent
4626 silly ADD node_modules/fast-deep-equal
4627 silly ADD node_modules/fast-decode-uri-component
4628 silly ADD node_modules/fast-copy
4629 silly ADD node_modules/fast-content-type-parse
4630 silly ADD node_modules/ext
4631 silly ADD node_modules/exponential-backoff
4632 silly ADD node_modules/expect
4633 silly ADD node_modules/expand-template
4634 silly ADD node_modules/exit
4635 silly ADD node_modules/execa
4636 silly ADD node_modules/events
4637 silly ADD node_modules/event-target-shim
4638 silly ADD node_modules/event-emitter
4639 silly ADD node_modules/esutils
4640 silly ADD node_modules/estraverse
4641 silly ADD node_modules/esrecurse
4642 silly ADD node_modules/esquery
4643 silly ADD node_modules/esprima
4644 silly ADD node_modules/espree
4645 silly ADD node_modules/espree/node_modules/eslint-visitor-keys
4646 silly ADD node_modules/esniff
4647 silly ADD node_modules/esm
4648 silly ADD node_modules/eslint-visitor-keys
4649 silly ADD node_modules/eslint-scope
4650 silly ADD node_modules/eslint-plugin-import
4651 silly ADD node_modules/eslint-plugin-import/node_modules/semver
4652 silly ADD node_modules/eslint-plugin-import/node_modules/doctrine
4653 silly ADD node_modules/eslint-plugin-import/node_modules/debug
4654 silly ADD node_modules/eslint-module-utils
4655 silly ADD node_modules/eslint-module-utils/node_modules/debug
4656 silly ADD node_modules/eslint-import-resolver-node
4657 silly ADD node_modules/eslint-import-resolver-node/node_modules/debug
4658 silly ADD node_modules/eslint-config-airbnb-base
4659 silly ADD node_modules/eslint-config-airbnb-base/node_modules/semver
4660 silly ADD node_modules/eslint
4661 silly ADD node_modules/eslint/node_modules/globals
4662 silly ADD node_modules/eslint/node_modules/espree
4663 silly ADD node_modules/eslint/node_modules/escape-string-regexp
4664 silly ADD node_modules/eslint/node_modules/@eslint/js
4665 silly ADD node_modules/eslint/node_modules/@eslint/eslintrc
4666 silly ADD node_modules/escape-string-regexp
4667 silly ADD node_modules/escape-html
4668 silly ADD node_modules/escape-goat
4669 silly ADD node_modules/escalade
4670 silly ADD node_modules/es6-weak-map
4671 silly ADD node_modules/es6-symbol
4672 silly ADD node_modules/es6-iterator
4673 silly ADD node_modules/es5-ext
4674 silly ADD node_modules/es-to-primitive
4675 silly ADD node_modules/es-shim-unscopables
4676 silly ADD node_modules/es-set-tostringtag
4677 silly ADD node_modules/es-object-atoms
4678 silly ADD node_modules/es-module-lexer
4679 silly ADD node_modules/es-errors
4680 silly ADD node_modules/es-define-property
4681 silly ADD node_modules/es-abstract
4682 silly ADD node_modules/error-ex
4683 silly ADD node_modules/err-code
4684 silly ADD node_modules/envinfo
4685 silly ADD node_modules/env-paths
4686 silly ADD node_modules/entities
4687 silly ADD node_modules/enhanced-resolve
4688 silly ADD node_modules/end-of-stream
4689 silly ADD node_modules/encoding
4690 silly ADD node_modules/emoji-regex
4691 silly ADD node_modules/emittery
4692 silly ADD node_modules/electron-to-chromium
4693 silly ADD node_modules/editorconfig
4694 silly ADD node_modules/editorconfig/node_modules/minimatch
4695 silly ADD node_modules/editorconfig/node_modules/brace-expansion
4696 silly ADD node_modules/eastasianwidth
4697 silly ADD node_modules/dottie
4698 silly ADD node_modules/dotenv
4699 silly ADD node_modules/dot-prop
4700 silly ADD node_modules/doctypes
4701 silly ADD node_modules/doctrine
4702 silly ADD node_modules/dir-glob
4703 silly ADD node_modules/diff-sequences
4704 silly ADD node_modules/detect-newline
4705 silly ADD node_modules/detect-libc
4706 silly ADD node_modules/depd
4707 silly ADD node_modules/delegates
4708 silly ADD node_modules/define-properties
4709 silly ADD node_modules/define-data-property
4710 silly ADD node_modules/defer-to-connect
4711 silly ADD node_modules/deepmerge
4712 silly ADD node_modules/deep-is
4713 silly ADD node_modules/deep-extend
4714 silly ADD node_modules/dedent
4715 silly ADD node_modules/decompress-response
4716 silly ADD node_modules/decompress-response/node_modules/mimic-response
4717 silly ADD node_modules/debug
4718 silly ADD node_modules/debug/node_modules/ms
4719 silly ADD node_modules/db-errors
4720 silly ADD node_modules/dateformat
4721 silly ADD node_modules/date-fns
4722 silly ADD node_modules/data-view-byte-offset
4723 silly ADD node_modules/data-view-byte-length
4724 silly ADD node_modules/data-view-buffer
4725 silly ADD node_modules/d
4726 silly ADD node_modules/cssesc
4727 silly ADD node_modules/css-loader
4728 silly ADD node_modules/crypto-random-string
4729 silly ADD node_modules/crypto-random-string/node_modules/type-fest
4730 silly ADD node_modules/cross-spawn
4731 silly ADD node_modules/create-jest
4732 silly ADD node_modules/cookie-signature
4733 silly ADD node_modules/cookie
4734 silly ADD node_modules/convert-source-map
4735 silly ADD node_modules/content-disposition
4736 silly ADD node_modules/constantinople
4737 silly ADD node_modules/console-control-strings
4738 silly ADD node_modules/confusing-browser-globals
4739 silly ADD node_modules/configstore
4740 silly ADD node_modules/configstore/node_modules/write-file-atomic
4741 silly ADD node_modules/config-chain
4742 silly ADD node_modules/config-chain/node_modules/ini
4743 silly ADD node_modules/concurrently
4744 silly ADD node_modules/concurrently/node_modules/supports-color
4745 silly ADD node_modules/concat-map
4746 silly ADD node_modules/commist
4747 silly ADD node_modules/commander
4748 silly ADD node_modules/colorette
4749 silly ADD node_modules/color-support
4750 silly ADD node_modules/color-name
4751 silly ADD node_modules/color-convert
4752 silly ADD node_modules/collect-v8-coverage
4753 silly ADD node_modules/co
4754 silly ADD node_modules/close-with-grace
4755 silly ADD node_modules/clone-response
4756 silly ADD node_modules/clone-deep
4757 silly ADD node_modules/cliui
4758 silly ADD node_modules/cliui/node_modules/wrap-ansi
4759 silly ADD node_modules/cli-table3
4760 silly ADD node_modules/cli-color
4761 silly ADD node_modules/cli-boxes
4762 silly ADD node_modules/clean-stack
4763 silly ADD node_modules/cjs-module-lexer
4764 silly ADD node_modules/ci-info
4765 silly ADD node_modules/chrome-trace-event
4766 silly ADD node_modules/chownr
4767 silly ADD node_modules/chokidar
4768 silly ADD node_modules/chokidar/node_modules/glob-parent
4769 silly ADD node_modules/character-parser
4770 silly ADD node_modules/char-regex
4771 silly ADD node_modules/chalk
4772 silly ADD node_modules/caniuse-lite
4773 silly ADD node_modules/camelcase
4774 silly ADD node_modules/callsites
4775 silly ADD node_modules/call-bind
4776 silly ADD node_modules/cacheable-request
4777 silly ADD node_modules/cacheable-request/node_modules/lowercase-keys
4778 silly ADD node_modules/cacheable-request/node_modules/get-stream
4779 silly ADD node_modules/cacheable-lookup
4780 silly ADD node_modules/cacache
4781 silly ADD node_modules/cacache/node_modules/unique-slug
4782 silly ADD node_modules/cacache/node_modules/unique-filename
4783 silly ADD node_modules/cacache/node_modules/minipass
4784 silly ADD node_modules/cacache/node_modules/lru-cache
4785 silly ADD node_modules/cacache/node_modules/fs-minipass
4786 silly ADD node_modules/builtins
4787 silly ADD node_modules/buffer-from
4788 silly ADD node_modules/buffer
4789 silly ADD node_modules/bser
4790 silly ADD node_modules/browserslist
4791 silly ADD node_modules/braces
4792 silly ADD node_modules/brace-expansion
4793 silly ADD node_modules/boxen
4794 silly ADD node_modules/boxen/node_modules/type-fest
4795 silly ADD node_modules/boxen/node_modules/strip-ansi
4796 silly ADD node_modules/boxen/node_modules/string-width
4797 silly ADD node_modules/boxen/node_modules/emoji-regex
4798 silly ADD node_modules/boxen/node_modules/chalk
4799 silly ADD node_modules/boxen/node_modules/camelcase
4800 silly ADD node_modules/boxen/node_modules/ansi-regex
4801 silly ADD node_modules/bootstrap
4802 silly ADD node_modules/bluebird
4803 silly ADD node_modules/bl
4804 silly ADD node_modules/bindings
4805 silly ADD node_modules/binary-extensions
4806 silly ADD node_modules/better-sqlite3
4807 silly ADD node_modules/base64-js
4808 silly ADD node_modules/balanced-match
4809 silly ADD node_modules/babel-walk
4810 silly ADD node_modules/babel-preset-jest
4811 silly ADD node_modules/babel-preset-current-node-syntax
4812 silly ADD node_modules/babel-plugin-jest-hoist
4813 silly ADD node_modules/babel-plugin-istanbul
4814 silly ADD node_modules/babel-plugin-istanbul/node_modules/semver
4815 silly ADD node_modules/babel-plugin-istanbul/node_modules/istanbul-lib-instrument
4816 silly ADD node_modules/babel-jest
4817 silly ADD node_modules/avvio
4818 silly ADD node_modules/available-typed-arrays
4819 silly ADD node_modules/atomic-sleep
4820 silly ADD node_modules/at-least-node
4821 silly ADD node_modules/assert-never
4822 silly ADD node_modules/asap
4823 silly ADD node_modules/arraybuffer.prototype.slice
4824 silly ADD node_modules/array.prototype.flatmap
4825 silly ADD node_modules/array.prototype.flat
4826 silly ADD node_modules/array.prototype.findlastindex
4827 silly ADD node_modules/array-union
4828 silly ADD node_modules/array-includes
4829 silly ADD node_modules/array-buffer-byte-length
4830 silly ADD node_modules/argparse
4831 silly ADD node_modules/are-we-there-yet
4832 silly ADD node_modules/archy
4833 silly ADD node_modules/aproba
4834 silly ADD node_modules/anymatch
4835 silly ADD node_modules/ansi-styles
4836 silly ADD node_modules/ansi-regex
4837 silly ADD node_modules/ansi-escapes
4838 silly ADD node_modules/ansi-escapes/node_modules/type-fest
4839 silly ADD node_modules/ansi-align
4840 silly ADD node_modules/ajv-keywords
4841 silly ADD node_modules/ajv-formats
4842 silly ADD node_modules/ajv-formats/node_modules/json-schema-traverse
4843 silly ADD node_modules/ajv-formats/node_modules/ajv
4844 silly ADD node_modules/ajv
4845 silly ADD node_modules/aggregate-error
4846 silly ADD node_modules/agentkeepalive
4847 silly ADD node_modules/agentkeepalive/node_modules/depd
4848 silly ADD node_modules/agent-base
4849 silly ADD node_modules/acorn-jsx
4850 silly ADD node_modules/acorn-import-assertions
4851 silly ADD node_modules/acorn
4852 silly ADD node_modules/abstract-logging
4853 silly ADD node_modules/abort-controller
4854 silly ADD node_modules/abbrev
4855 silly ADD node_modules/@xtuc/long
4856 silly ADD node_modules/@xtuc/ieee754
4857 silly ADD node_modules/@webpack-cli/serve
4858 silly ADD node_modules/@webpack-cli/info
4859 silly ADD node_modules/@webpack-cli/configtest
4860 silly ADD node_modules/@webassemblyjs/wast-printer
4861 silly ADD node_modules/@webassemblyjs/wasm-parser
4862 silly ADD node_modules/@webassemblyjs/wasm-opt
4863 silly ADD node_modules/@webassemblyjs/wasm-gen
4864 silly ADD node_modules/@webassemblyjs/wasm-edit
4865 silly ADD node_modules/@webassemblyjs/utf8
4866 silly ADD node_modules/@webassemblyjs/leb128
4867 silly ADD node_modules/@webassemblyjs/ieee754
4868 silly ADD node_modules/@webassemblyjs/helper-wasm-section
4869 silly ADD node_modules/@webassemblyjs/helper-wasm-bytecode
4870 silly ADD node_modules/@webassemblyjs/helper-numbers
4871 silly ADD node_modules/@webassemblyjs/helper-buffer
4872 silly ADD node_modules/@webassemblyjs/helper-api-error
4873 silly ADD node_modules/@webassemblyjs/floating-point-hex-parser
4874 silly ADD node_modules/@webassemblyjs/ast
4875 silly ADD node_modules/@vscode/sqlite3
4876 silly ADD node_modules/@ungap/structured-clone
4877 silly ADD node_modules/@types/yargs-parser
4878 silly ADD node_modules/@types/yargs
4879 silly ADD node_modules/@types/validator
4880 silly ADD node_modules/@types/stack-utils
4881 silly ADD node_modules/@types/stack-trace
4882 silly ADD node_modules/@types/semver-utils
4883 silly ADD node_modules/@types/responselike
4884 silly ADD node_modules/@types/node
4885 silly ADD node_modules/@types/ms
4886 silly ADD node_modules/@types/keyv
4887 silly ADD node_modules/@types/json5
4888 silly ADD node_modules/@types/json-schema
4889 silly ADD node_modules/@types/jest
4890 silly ADD node_modules/@types/istanbul-reports
4891 silly ADD node_modules/@types/istanbul-lib-report
4892 silly ADD node_modules/@types/istanbul-lib-coverage
4893 silly ADD node_modules/@types/http-cache-semantics
4894 silly ADD node_modules/@types/graceful-fs
4895 silly ADD node_modules/@types/estree
4896 silly ADD node_modules/@types/eslint-scope
4897 silly ADD node_modules/@types/eslint
4898 silly ADD node_modules/@types/debug
4899 silly ADD node_modules/@types/cacheable-request
4900 silly ADD node_modules/@types/babel__traverse
4901 silly ADD node_modules/@types/babel__template
4902 silly ADD node_modules/@types/babel__generator
4903 silly ADD node_modules/@types/babel__core
4904 silly ADD node_modules/@tufjs/models
4905 silly ADD node_modules/@tufjs/models/node_modules/minimatch
4906 silly ADD node_modules/@tufjs/models/node_modules/brace-expansion
4907 silly ADD node_modules/@tufjs/canonical-json
4908 silly ADD node_modules/@tootallnate/once
4909 silly ADD node_modules/@szmarczak/http-timer
4910 silly ADD node_modules/@sinonjs/fake-timers
4911 silly ADD node_modules/@sinonjs/commons
4912 silly ADD node_modules/@sindresorhus/is
4913 silly ADD node_modules/@sinclair/typebox
4914 silly ADD node_modules/@sigstore/tuf
4915 silly ADD node_modules/@sigstore/sign
4916 silly ADD node_modules/@sigstore/protobuf-specs
4917 silly ADD node_modules/@sigstore/bundle
4918 silly ADD node_modules/@rails/ujs
4919 silly ADD node_modules/@popperjs/core
4920 silly ADD node_modules/@pnpm/npm-conf
4921 silly ADD node_modules/@pnpm/network.ca-file
4922 silly ADD node_modules/@pkgjs/parseargs
4923 silly ADD node_modules/@one-ini/wasm
4924 silly ADD node_modules/@npmcli/run-script
4925 silly ADD node_modules/@npmcli/run-script/node_modules/which
4926 silly ADD node_modules/@npmcli/promise-spawn
4927 silly ADD node_modules/@npmcli/promise-spawn/node_modules/which
4928 silly ADD node_modules/@npmcli/node-gyp
4929 silly ADD node_modules/@npmcli/move-file
4930 silly ADD node_modules/@npmcli/installed-package-contents
4931 silly ADD node_modules/@npmcli/git
4932 silly ADD node_modules/@npmcli/git/node_modules/which
4933 silly ADD node_modules/@npmcli/git/node_modules/lru-cache
4934 silly ADD node_modules/@npmcli/fs
4935 silly ADD node_modules/@nodelib/fs.walk
4936 silly ADD node_modules/@nodelib/fs.stat
4937 silly ADD node_modules/@nodelib/fs.scandir
4938 silly ADD node_modules/@lukeed/ms
4939 silly ADD node_modules/@jridgewell/trace-mapping
4940 silly ADD node_modules/@jridgewell/sourcemap-codec
4941 silly ADD node_modules/@jridgewell/source-map
4942 silly ADD node_modules/@jridgewell/set-array
4943 silly ADD node_modules/@jridgewell/resolve-uri
4944 silly ADD node_modules/@jridgewell/gen-mapping
4945 silly ADD node_modules/@jest/types
4946 silly ADD node_modules/@jest/transform
4947 silly ADD node_modules/@jest/test-sequencer
4948 silly ADD node_modules/@jest/test-result
4949 silly ADD node_modules/@jest/source-map
4950 silly ADD node_modules/@jest/schemas
4951 silly ADD node_modules/@jest/reporters
4952 silly ADD node_modules/@jest/reporters/node_modules/glob
4953 silly ADD node_modules/@jest/globals
4954 silly ADD node_modules/@jest/fake-timers
4955 silly ADD node_modules/@jest/expect-utils
4956 silly ADD node_modules/@jest/expect
4957 silly ADD node_modules/@jest/environment
4958 silly ADD node_modules/@jest/core
4959 silly ADD node_modules/@jest/console
4960 silly ADD node_modules/@istanbuljs/schema
4961 silly ADD node_modules/@istanbuljs/load-nyc-config
4962 silly ADD node_modules/@istanbuljs/load-nyc-config/node_modules/p-locate
4963 silly ADD node_modules/@istanbuljs/load-nyc-config/node_modules/p-limit
4964 silly ADD node_modules/@istanbuljs/load-nyc-config/node_modules/locate-path
4965 silly ADD node_modules/@istanbuljs/load-nyc-config/node_modules/js-yaml
4966 silly ADD node_modules/@istanbuljs/load-nyc-config/node_modules/find-up
4967 silly ADD node_modules/@istanbuljs/load-nyc-config/node_modules/argparse
4968 silly ADD node_modules/@isaacs/cliui
4969 silly ADD node_modules/@isaacs/cliui/node_modules/strip-ansi
4970 silly ADD node_modules/@isaacs/cliui/node_modules/string-width
4971 silly ADD node_modules/@isaacs/cliui/node_modules/emoji-regex
4972 silly ADD node_modules/@isaacs/cliui/node_modules/ansi-regex
4973 silly ADD node_modules/@humanwhocodes/object-schema
4974 silly ADD node_modules/@humanwhocodes/module-importer
4975 silly ADD node_modules/@humanwhocodes/config-array
4976 silly ADD node_modules/@gar/promisify
4977 silly ADD node_modules/@fastify/view
4978 silly ADD node_modules/@fastify/view/node_modules/fastify-plugin
4979 silly ADD node_modules/@fastify/static
4980 silly ADD node_modules/@fastify/static/node_modules/fastify-plugin
4981 silly ADD node_modules/@fastify/sensible
4982 silly ADD node_modules/@fastify/sensible/node_modules/fastify-plugin
4983 silly ADD node_modules/@fastify/send
4984 silly ADD node_modules/@fastify/secure-session
4985 silly ADD node_modules/@fastify/secure-session/node_modules/fastify-plugin
4986 silly ADD node_modules/@fastify/merge-json-schemas
4987 silly ADD node_modules/@fastify/formbody
4988 silly ADD node_modules/@fastify/formbody/node_modules/fastify-plugin
4989 silly ADD node_modules/@fastify/flash
4990 silly ADD node_modules/@fastify/flash/node_modules/fastify-plugin
4991 silly ADD node_modules/@fastify/fast-json-stringify-compiler
4992 silly ADD node_modules/@fastify/error
4993 silly ADD node_modules/@fastify/deepmerge
4994 silly ADD node_modules/@fastify/cookie
4995 silly ADD node_modules/@fastify/cookie/node_modules/fastify-plugin
4996 silly ADD node_modules/@fastify/ajv-compiler
4997 silly ADD node_modules/@fastify/ajv-compiler/node_modules/json-schema-traverse
4998 silly ADD node_modules/@fastify/ajv-compiler/node_modules/ajv
4999 silly ADD node_modules/@fastify/accept-negotiator
5000 silly ADD node_modules/@eslint/js
5001 silly ADD node_modules/@eslint/eslintrc
5002 silly ADD node_modules/@eslint/eslintrc/node_modules/globals
5003 silly ADD node_modules/@eslint-community/regexpp
5004 silly ADD node_modules/@eslint-community/eslint-utils
5005 silly ADD node_modules/@discoveryjs/json-ext
5006 silly ADD node_modules/@colors/colors
5007 silly ADD node_modules/@bcoe/v8-coverage
5008 silly ADD node_modules/@babel/types
5009 silly ADD node_modules/@babel/traverse
5010 silly ADD node_modules/@babel/traverse/node_modules/globals
5011 silly ADD node_modules/@babel/template
5012 silly ADD node_modules/@babel/runtime
5013 silly ADD node_modules/@babel/plugin-syntax-typescript
5014 silly ADD node_modules/@babel/plugin-syntax-top-level-await
5015 silly ADD node_modules/@babel/plugin-syntax-optional-chaining
5016 silly ADD node_modules/@babel/plugin-syntax-optional-catch-binding
5017 silly ADD node_modules/@babel/plugin-syntax-object-rest-spread
5018 silly ADD node_modules/@babel/plugin-syntax-numeric-separator
5019 silly ADD node_modules/@babel/plugin-syntax-nullish-coalescing-operator
5020 silly ADD node_modules/@babel/plugin-syntax-logical-assignment-operators
5021 silly ADD node_modules/@babel/plugin-syntax-jsx
5022 silly ADD node_modules/@babel/plugin-syntax-json-strings
5023 silly ADD node_modules/@babel/plugin-syntax-import-meta
5024 silly ADD node_modules/@babel/plugin-syntax-class-properties
5025 silly ADD node_modules/@babel/plugin-syntax-bigint
5026 silly ADD node_modules/@babel/plugin-syntax-async-generators
5027 silly ADD node_modules/@babel/parser
5028 silly ADD node_modules/@babel/highlight
5029 silly ADD node_modules/@babel/highlight/node_modules/supports-color
5030 silly ADD node_modules/@babel/highlight/node_modules/has-flag
5031 silly ADD node_modules/@babel/highlight/node_modules/color-name
5032 silly ADD node_modules/@babel/highlight/node_modules/color-convert
5033 silly ADD node_modules/@babel/highlight/node_modules/chalk
5034 silly ADD node_modules/@babel/highlight/node_modules/ansi-styles
5035 silly ADD node_modules/@babel/helpers
5036 silly ADD node_modules/@babel/helper-validator-option
5037 silly ADD node_modules/@babel/helper-validator-identifier
5038 silly ADD node_modules/@babel/helper-string-parser
5039 silly ADD node_modules/@babel/helper-split-export-declaration
5040 silly ADD node_modules/@babel/helper-simple-access
5041 silly ADD node_modules/@babel/helper-plugin-utils
5042 silly ADD node_modules/@babel/helper-module-transforms
5043 silly ADD node_modules/@babel/helper-module-imports
5044 silly ADD node_modules/@babel/helper-hoist-variables
5045 silly ADD node_modules/@babel/helper-function-name
5046 silly ADD node_modules/@babel/helper-environment-visitor
5047 silly ADD node_modules/@babel/helper-compilation-targets
5048 silly ADD node_modules/@babel/helper-compilation-targets/node_modules/semver
5049 silly ADD node_modules/@babel/generator
5050 silly ADD node_modules/@babel/core
5051 silly ADD node_modules/@babel/core/node_modules/semver
5052 silly ADD node_modules/@babel/compat-data
5053 silly ADD node_modules/@babel/code-frame
5054 silly ADD node_modules/@ampproject/remapping
5055 silly ADD node_modules/@aashutoshrathi/word-wrap
5056 timing command:install Completed in 232528ms
5057 notice
5057 notice New [31mmajor[39m version of npm available! [31m10.5.0[39m -> [32m11.6.4[39m
5057 notice Changelog: [36mhttps://github.com/npm/cli/releases/tag/v11.6.4[39m
5057 notice Run [32mnpm install -g npm@11.6.4[39m to update!
5057 notice
5058 verbose exit 0
5059 timing npm Completed in 233099ms
5060 info ok
